Gene,Value
A1BG,52.959
A1CF,69.185405
A2M,142.21543
A2ML1,22.297504999999997
A4GALT,49.00002
A4GNT,18.52839
AAAS,51.23941
AACS,37.13484
AADAC,5.13304
AADACL2,0.0284
AADAT,3.57146
AAED1,101.76265
AAGAB,24.826126666666667
AAK1,143.19397285714285
AAMDC,25.395086666666668
AAMP,84.11528
AANAT,8.17817
AAR2,67.64539
AARS,149.87849
AARS2,77.99924
AASDH,88.965885
AASDHPPT,125.5573
AASS,2.7764100000000003
AATF,279.9027
AATK,350.72743
ABAT,193.38869666666665
ABCA1,110.50457
ABCA11P,14.67744
ABCA12,32.01411
ABCA13,2.15013
ABCA2,36.33958666666667
ABCA3,2.61598
ABCA4,24.975805
ABCA5,35.7477
ABCA6,0.01482
ABCA7,37.82095
ABCA8,5.567703333333334
ABCA9,14.276153333333333
ABCB1,35.91933
ABCB10,114.86083
ABCB11,11.991815
ABCB4,32.914205
ABCB5,25.1515925
ABCB6,32.857555
ABCB7,113.28388
ABCB8,45.88998
ABCB9,372.9983466666667
ABCC1,83.968055
ABCC10,50.048895
ABCC11,10.93893
ABCC12,5.03805
ABCC13,87.21184
ABCC2,35.38477
ABCC3,106.07676999999998
ABCC4,64.26524
ABCC5,43.37595666666667
ABCC6,22.276466666666668
ABCC8,7.890205
ABCC9,5.332896
ABCD1,46.14079
ABCD2,3.35633
ABCD3,99.75706500000001
ABCD4,31.644585
ABCE1,140.816235
ABCF1,182.8556
ABCF2,44.521304
ABCF3,75.39211
ABCG1,113.3200975
ABCG2,36.4243
ABCG4,40.01592
ABCG5,7.44838
ABCG8,11.29438
ABHD1,30.333746666666666
ABHD10,79.64646
ABHD11,94.54334
ABHD12,49.240473333333334
ABHD12B,23.393605
ABHD13,57.59777
ABHD14A,76.2354
ABHD14B,76.06627
ABHD15,60.56696
ABHD16A,160.86903
ABHD16B,26.25702
ABHD17A,804.95569
ABHD17B,157.90184
ABHD17C,10.95031
ABHD2,280.00388000000004
ABHD3,938.26719
ABHD4,229.947455
ABHD5,160.855275
ABHD6,45.7034925
ABHD8,10.82292
ABI1,358.68788
ABI2,64.94091625
ABI3,76.55927
ABI3BP,16.55572666666667
ABL1,84.00953
ABL2,63.83459666666666
ABLIM1,437.673425
ABLIM2,41.31568
ABLIM3,97.5601
ABO,33.471005
ABR,133.31196500000001
ABRA,1.2201250000000001
ABRACL,663.42856
ABT1,106.49992
ABTB1,381.93838800000003
ABTB2,32.13742
ACAA1,301.51102000000003
ACAA2,73.47876000000001
ACACA,7.742815
ACACB,48.03389000000001
ACAD10,37.041512499999996
ACAD8,63.95755
ACAD9,56.53199
ACADL,5.8375699999999995
ACADM,167.6483
ACADS,59.28865
ACADSB,42.52904
ACADVL,267.47478
ACAN,75.205295
ACAP2,480.11658000000006
ACAP3,72.41214
ACAT1,44.767469999999996
ACAT2,157.59736
ACBD3,164.377695
ACBD4,17.5775
ACBD5,184.179805
ACBD6,63.51069
ACCS,40.89025
ACD,121.88815
ACE,27.74531
ACE2,11.40251
ACER1,125.11946
ACER3,51.43300833333333
ACHE,35.665396666666666
ACIN1,145.27222
ACKR1,35.95558
ACKR2,34.1062
ACKR3,15.422053333333333
ACKR4,6.44069
ACLY,159.01968333333335
ACMSD,12.23865
ACN9,74.30815
ACO1,16.95286
ACO2,78.01261
ACOT1,8.15436
ACOT11,25.0821225
ACOT12,10.91646
ACOT13,74.87367
ACOT4,38.42202
ACOT6,0.03036
ACOT7,23.871209999999998
ACOT8,62.02348
ACOT9,108.48627
ACOX1,183.780138
ACOX2,21.37191
ACOX3,19.46075
ACOXL,31.990385
ACP1,296.82681
ACP2,47.29339
ACP5,57.61378
ACP6,54.85345
ACPP,27.776913333333336
ACPT,100.11268
ACR,71.3431
ACRBP,557.5708466666666
ACRC,40.14247
ACRV1,57.57423166666666
ACSBG1,35.782245
ACSBG2,22.8467
ACSF2,7.52416
ACSF3,21.39658
ACSL1,2690.73036
ACSL3,126.18376333333333
ACSL4,102.11325666666669
ACSL5,110.78023999999999
ACSL6,44.248244
ACSM1,28.247795
ACSM2A,16.2892
ACSM2B,7.60795
ACSM3,6.037215
ACSM5,36.23397
ACSS1,48.05702599999999
ACSS2,79.84202
ACSS3,9.581685
ACTA1,17.97906
ACTA2,47.908469999999994
ACTA2-AS1,20.08755
ACTB,5153.931953333334
ACTC1,105.86272
ACTG2,63.945994999999996
ACTL10,25.82709
ACTL6A,100.25649
ACTL6B,73.19931
ACTL7A,8.76303
ACTL7B,19.48116
ACTL8,219.6478
ACTL9,8.51979
ACTN1,791.1195475
ACTN2,29.657665
ACTN3,40.80117
ACTN4,280.11406
ACTR10,589.20896
ACTR1A,128.40578
ACTR1B,223.24776
ACTR2,975.2055071428571
ACTR3,1886.262528
ACTR3B,46.892070000000004
ACTR3BP2,14.513300000000001
ACTR3C,57.24855
ACTR5,33.63072
ACTR6,88.5532
ACTR8,54.15172
ACTRT2,2.04066
ACTRT3,33.43159
ACVR1,130.90862
ACVR1B,66.73472166666666
ACVR1C,28.627395
ACVR2A,34.38291
ACVR2B,32.35001333333333
ACVRL1,15.74823
ACY1,8.87415
ACY3,31.425325
ACYP1,28.21264
ACYP2,56.09319
ADA,76.18966
ADAD1,46.834685
ADAD2,30.12105
ADAL,12.677966666666668
ADAM10,563.8110733333334
ADAM11,8.520900000000001
ADAM12,28.553012000000003
ADAM15,51.92035
ADAM17,228.70094000000003
ADAM18,268.199635
ADAM19,127.58632
ADAM2,6.19715
ADAM20,10.10287
ADAM21,50.562664999999996
ADAM22,219.42895
ADAM23,17.200635000000002
ADAM28,42.1878675
ADAM29,154.19876
ADAM30,6.621155
ADAM32,10.61193
ADAM33,349.253175
ADAM3A,5.22057
ADAM5,41.421794999999996
ADAM6,26.43127
ADAM7,29.295073333333335
ADAM8,470.50667999999996
ADAM9,45.50341666666666
ADAMDEC1,3.9335
ADAMTS1,1.99706
ADAMTS10,41.120569999999994
ADAMTS12,45.40039
ADAMTS13,50.967569999999995
ADAMTS14,96.99841
ADAMTS15,9.82181
ADAMTS16,10.06759
ADAMTS17,17.5472
ADAMTS18,26.971365
ADAMTS19,11.625784999999999
ADAMTS2,31.868863333333334
ADAMTS20,94.08531
ADAMTS3,7.26136
ADAMTS4,34.44003
ADAMTS5,18.30025
ADAMTS6,16.39961
ADAMTS7,34.25544
ADAMTS8,8.338503333333334
ADAMTS9,20.3699425
ADAMTSL1,18.24739
ADAMTSL2,29.16272
ADAMTSL3,160.64648499999998
ADAMTSL4,33.47828
ADAMTSL5,12.6708
ADAP1,239.043465
ADAP2,59.23205
ADAR,2046.19343
ADARB1,22.434794
ADARB2,85.157365
ADAT1,59.63849
ADAT2,27.31232
ADAT3,202.22223
ADCK1,9.32316
ADCK2,192.09718
ADCK3,140.762415
ADCK4,17.776605
ADCK5,95.89708
ADCY1,24.347266
ADCY10,27.564075000000003
ADCY10P1,23.76371
ADCY2,12.0642
ADCY3,99.385965
ADCY4,254.75711
ADCY5,49.358655
ADCY6,50.57109
ADCY7,404.42287999999996
ADCY8,2.39198
ADCY9,223.93902333333332
ADCYAP1,9.718399999999999
ADCYAP1R1,20.056089999999998
ADD1,495.179645
ADD2,37.12715
ADD3,2080.875825
ADGB,74.07149
ADH1A,23.19553
ADH1B,7.28155
ADH1C,20.11841
ADH4,11.379192499999998
ADH5,261.41147
ADH6,147.320905
ADH7,0.0498
ADHFE1,43.00894
ADI1,224.89893666666669
ADIG,34.485389999999995
ADIPOQ,3.9072
ADIPOR1,4096.42477
ADIPOR2,197.34057
ADIRF,15.60417
ADK,147.758395
ADM,639.33527
ADM2,60.83744
ADNP,388.82644
ADNP2,117.1369
ADO,113.87327
ADORA1,21.767409999999998
ADORA2A,119.13358
ADORA2A-AS1,93.468095
ADORA2B,22.13644
ADORA3,6.240215
ADPGK,169.377455
ADPRH,56.54104666666667
ADPRHL1,526.10484
ADPRHL2,165.49086
ADPRM,107.124435
ADRA1A,34.9641425
ADRA1B,389.16776
ADRA1D,13.950709999999999
ADRA2A,20.45222
ADRA2B,9.60392
ADRA2C,42.1774
ADRB1,9.898029999999999
ADRB2,318.79618
ADRB3,13.471565
ADRBK1,206.80039333333335
ADRBK2,101.81210666666668
ADRM1,254.04348
ADSL,259.65052
ADSS,127.688165
ADSSL1,106.669645
ADTRP,39.85437
AEBP1,65.73264
AEBP2,121.69233
AEN,58.30028
AES,268.21362
AFAP1,19.47464
AFAP1-AS1,17.908795
AFAP1L1,23.671599999999998
AFAP1L2,14.25523
AFF1,257.31342333333333
AFF2,48.69141666666667
AFF3,36.69652166666667
AFF4,110.47021875000002
AFG3L1P,45.63224
AFG3L2,138.50579333333334
AFM,10.41101
AFMID,27.04872
AFP,4.58903
AFTPH,654.337135
AGA,61.06867333333333
AGAP1,77.79440666666666
AGAP2,16.036593333333332
AGAP3,34.01287666666666
AGAP6,23.19268
AGBL1,11.07522
AGBL2,0.00913
AGBL3,8.84374
AGBL4,17.32874
AGBL5,11.974499999999999
AGER,211.63924
AGFG1,175.335194
AGFG2,22.252116666666666
AGGF1,123.7846175
AGK,63.71319
AGL,190.82844
AGMAT,43.73287333333334
AGO1,67.247305
AGO2,274.234795
AGO3,48.2722575
AGO4,224.7405975
AGPAT1,112.34155
AGPAT2,181.39668
AGPAT3,47.86761833333333
AGPAT4,11.588805
AGPAT4-IT1,7.26695
AGPAT5,208.176905
AGPAT6,43.95001666666667
AGPAT9,721.00166
AGPS,38.801297500000004
AGR2,15.809429999999999
AGR3,3.04137
AGRN,37.9242825
AGRP,28.56896
AGT,106.61025
AGTPBP1,288.17029
AGTR1,42.665825
AGTR2,9.47258
AGTRAP,175.83961666666664
AGXT,18.762236666666666
AGXT2,11.88538
AHCTF1,188.1888
AHCY,62.92542
AHCYL1,318.24286
AHCYL2,71.53421
AHDC1,53.252963333333334
AHI1,12.551026
AHNAK,223.59849
AHNAK2,22.093875
AHR,165.75956
AHRR,29.62472
AHSA1,374.05796
AHSA2,98.498745
AHSG,71.093165
AHSP,1396.191
AICDA,18.991509999999998
AIDA,701.83871
AIF1,945.0983200000001
AIF1L,30.40046
AIFM1,31.86086
AIFM2,32.489035
AIFM3,36.26949
AIG1,27.180843333333332
AIM1,572.12473
AIM1L,382.699525
AIM2,150.60738
AIMP1,106.69360666666667
AIMP2,144.55887666666666
AIP,163.73402
AIPL1,38.335809999999995
AIRE,24.57643
AJAP1,104.939405
AJUBA,4.14492
AK1,330.981695
AK2,98.31391
AK3,146.568975
AK4,22.5473625
AK5,29.71152
AK6,196.00037999999998
AK7,22.4473225
AK8,93.761025
AK9,12.566566666666667
AKAP1,41.3703225
AKAP10,85.964845
AKAP11,138.7385
AKAP12,12.046796
AKAP13,303.30760555555554
AKAP14,7.449596666666667
AKAP2,116.0179225
AKAP3,7.17502
AKAP4,28.28228
AKAP5,22.31529
AKAP6,8.190195
AKAP7,82.49879
AKAP8,66.078835
AKAP8L,85.913612
AKAP9,44.26112666666668
AKIP1,254.41943666666666
AKIRIN1,301.38256
AKIRIN2,278.3627666666667
AKNA,368.13757
AKNAD1,9.944593333333335
AKR1A1,219.30835
AKR1B1,439.64583
AKR1B10,29.75113
AKR1C1,35.77527833333333
AKR1C2,21.5895
AKR1C3,80.42273
AKR1C4,7.03889
AKR1C6P,15.87242
AKR1D1,8.25793
AKR1E2,26.75433
AKR7A2,115.110945
AKR7A3,38.80928
AKT1,204.00992
AKT1S1,23.66824
AKT2,56.62814
AKT3,34.50826714285714
AKTIP,130.56904
ALAD,88.21143500000001
ALAS1,195.61865
ALAS2,1386.87001
ALB,12.78732
ALCAM,176.54588666666666
ALDH16A1,38.61221
ALDH18A1,61.64131999999999
ALDH1A1,76.67388
ALDH1A2,17.792285
ALDH1A3,42.148905
ALDH1B1,69.14651500000001
ALDH1L1,29.86147
ALDH1L2,3.2040166666666665
ALDH2,467.2075
ALDH3A1,52.33876
ALDH3A2,83.87004999999999
ALDH3B1,145.90378333333334
ALDH3B2,15.1012
ALDH4A1,145.260605
ALDH5A1,201.37792000000002
ALDH6A1,33.228864
ALDH7A1,34.70267
ALDH8A1,3.65899
ALDH9A1,535.19059
ALDOA,1262.7663966666667
ALDOAP2,19.43096
ALDOB,20.851264444444446
ALDOC,147.99689
ALG1,28.673054999999998
ALG11,124.795015
ALG12,8.2534
ALG13,70.13074
ALG14,29.62669
ALG2,103.69113
ALG3,67.52353
ALG5,98.12547
ALG6,105.29157
ALG8,113.49015
ALG9,46.56762500000001
ALK,52.156505
ALKBH1,53.17883500000001
ALKBH2,29.11131
ALKBH3,60.37255
ALKBH4,32.53682
ALKBH5,238.87468333333334
ALKBH6,58.33794
ALKBH7,39.780165000000004
ALKBH8,31.934455
ALLC,219.64857
ALMS1,364.5137833333333
ALMS1P,18.63467
ALOX12,195.77124
ALOX12B,11.41405
ALOX12P2,31.7082
ALOX15,21.30728
ALOX15B,15.48138
ALOX5,846.4658
ALOX5AP,2757.28953
ALOXE3,20.089065
ALPI,9.765015
ALPK1,78.4146475
ALPK2,13.93109
ALPK3,9.391595
ALPL,93.32105
ALPP,133.111765
ALPPL2,41.18076
ALS2,16.77195
ALS2CL,41.36158666666667
ALS2CR11,3.3670616666666664
ALS2CR12,63.04546
ALX1,1.49767
ALX3,13.66979
ALX4,26.09183
ALYREF,80.63428499999999
AMACR,29.87485166666666
AMBN,6.95155
AMBP,24.714480000000002
AMBRA1,34.910264999999995
AMD1,632.45094
AMDHD1,21.88538
AMDHD2,185.96151
AMELX,18.2402
AMELY,37.57467
AMER1,25.15515
AMER2,30.878973333333334
AMER3,5.590093333333333
AMFR,53.358345
AMH,23.05542
AMHR2,71.80834
AMICA1,1526.71091
AMIGO1,92.56821
AMIGO2,165.97421
AMIGO3,18.114143333333335
AMMECR1,33.1357475
AMMECR1L,101.4067
AMN,30.18921333333333
AMN1,69.65179
AMOT,33.16607
AMOTL1,32.733815
AMOTL2,10.77145
AMPD1,7.96165
AMPD2,860.82473
AMPD3,144.159225
AMPH,13.25325
AMT,194.43501
AMZ1,48.84018999999999
AMZ2,413.1914
AMZ2P1,123.16208
ANAPC1,106.24074666666667
ANAPC10,43.976505
ANAPC11,197.52203500000002
ANAPC13,524.190035
ANAPC15,79.91152
ANAPC16,1262.2969075
ANAPC2,34.61412
ANAPC4,222.40008999999998
ANAPC5,260.6519083333333
ANAPC7,42.08351
ANG,10.86696
ANGEL1,112.85556666666666
ANGEL2,82.46387333333334
ANGPT1,36.89009333333333
ANGPT2,6.8828825
ANGPT4,113.58388
ANGPTL1,8.077583333333333
ANGPTL2,20.991623333333333
ANGPTL3,36.385376666666666
ANGPTL4,24.510125000000002
ANGPTL6,58.34414
ANGPTL7,9.95221
ANK1,156.8296257142857
ANK2,10.40598
ANK3,48.557468
ANKAR,14.625430000000001
ANKDD1A,88.330175
ANKEF1,32.460595
ANKFN1,18.636010000000002
ANKFY1,84.50958
ANKH,129.18087
ANKHD1,177.16375666666667
ANKIB1,128.79196333333334
ANKLE1,6.92486
ANKLE2,38.67781
ANKMY1,20.26229
ANKMY2,123.95409
ANKRA2,181.07843
ANKRD1,0.76532
ANKRD10,126.273405
ANKRD11,147.43672666666666
ANKRD12,221.2096525
ANKRD13A,856.98141
ANKRD13B,49.7661
ANKRD13C,39.987316
ANKRD13D,150.42128666666665
ANKRD16,17.289009999999998
ANKRD17,142.756105
ANKRD18A,15.055905
ANKRD18B,33.50154
ANKRD19P,61.33744
ANKRD2,8.3447
ANKRD20A11P,62.70746
ANKRD20A12P,51.27445
ANKRD20A5P,13.71782
ANKRD22,58.99638
ANKRD23,10.98722
ANKRD24,99.87055
ANKRD26,6.27358
ANKRD27,170.74286
ANKRD28,166.829515
ANKRD29,19.94005
ANKRD30A,12.19458
ANKRD30B,3.010405
ANKRD30BL,11.43837
ANKRD30BP2,20.26782
ANKRD30BP3,6.36353
ANKRD31,4.93126
ANKRD32,126.520545
ANKRD33,3.99179
ANKRD33B,45.10543
ANKRD34A,2.68882
ANKRD34C,7.43875
ANKRD35,10.92027
ANKRD36,48.77917
ANKRD36B,112.90446
ANKRD36C,10.57281
ANKRD37,25.427275
ANKRD39,13.35643
ANKRD40,61.321630000000006
ANKRD44,294.303312
ANKRD45,12.5723
ANKRD46,86.31754000000001
ANKRD49,394.80726
ANKRD50,23.79262
ANKRD52,36.7989
ANKRD53,34.324960000000004
ANKRD54,14.412325000000001
ANKRD55,746.70951
ANKRD6,29.531655
ANKRD60,75.0014
ANKRD7,14.26738
ANKRD9,52.76973666666667
ANKS1A,90.70066
ANKS1B,12.865469999999998
ANKS3,18.20898
ANKS4B,2.9538
ANKS6,21.316895000000002
ANKZF1,160.6788
ANLN,2.70275
ANO1,9.79337
ANO10,48.10599
ANO2,6.929595
ANO3,0.48041
ANO4,22.825783333333334
ANO5,4.18413
ANO6,245.980955
ANO7,78.79989
ANO8,14.79147
ANO9,27.23239
ANP32A,743.5335500000001
ANP32A-IT1,85.65218
ANP32B,2445.14682
ANP32C,9.65803
ANP32D,0.41786
ANP32E,262.4862033333333
ANPEP,297.88317
ANTXR1,29.008108333333336
ANTXR2,219.71525499999998
ANXA1,572.75172
ANXA10,15.35611
ANXA11,612.9579866666667
ANXA13,15.59452
ANXA2,905.061254
ANXA2P1,47.76292
ANXA2P2,542.20805
ANXA2P3,37.81294
ANXA2R,164.46461
ANXA3,518.55133
ANXA4,174.823865
ANXA5,513.35038
ANXA6,208.82711
ANXA7,583.790405
ANXA8,32.94948
ANXA9,5.034315
AOAH,423.5079
AOC1,18.18891
AOC2,30.49412
AOC3,32.38176
AOX1,20.651455
AP1AR,15.324306666666667
AP1B1,157.073
AP1G1,277.2182833333333
AP1G2,31.187966666666668
AP1M1,179.92179
AP1M2,14.348745
AP1S1,35.345663333333334
AP1S2,888.7879175
AP1S3,4.405908
AP2A1,100.548755
AP2A2,91.94704999999999
AP2B1,155.33416
AP2M1,1102.5958
AP2S1,904.25201
AP3B1,175.390285
AP3B2,27.738055
AP3D1,277.0562
AP3M1,144.99296999999999
AP3M2,131.549485
AP3S1,742.20938
AP4B1,43.70489666666666
AP4E1,29.855515
AP4M1,34.93633
AP4S1,45.140425
AP5B1,577.86678
AP5M1,126.769028
AP5S1,180.60067
AP5Z1,165.941515
APAF1,195.44549666666668
APBA1,20.115005
APBA2,60.851254999999995
APBA3,93.69515999999999
APBB1,56.72221
APBB1IP,830.1671999999999
APBB2,34.22014
APBB3,45.67809
APC,105.49631400000001
APC2,34.08075
APCDD1,22.198839999999997
APCDD1L,22.16005
APCS,15.16075
APEH,67.04736
APEX1,514.53227
APEX2,55.976675
APH1A,112.85842333333335
APH1B,76.76244
API5,119.92370199999998
APIP,63.243575
APLF,15.66632
APLN,41.52955
APLNR,12.95839
APLP1,11.2657
APLP2,601.08531125
APMAP,1300.11471
APOA1,60.597840000000005
APOA1BP,163.97584
APOA2,6.241955
APOA4,24.41908
APOA5,40.616200000000006
APOB,23.32271
APOBEC1,19.93702
APOBEC2,38.65691
APOBEC3A,647.98342
APOBEC3B,688.48623
APOBEC3C,462.50708
APOBEC3D,56.91418
APOBEC3F,54.52557000000001
APOBEC3G,338.45991499999997
APOBEC4,42.85391
APOBR,192.05058
APOC1,66.283125
APOC2,46.3268975
APOC3,10.317145
APOD,13.0249
APOE,54.843646666666665
APOF,33.19137
APOH,32.10838
APOL1,81.1419
APOL2,156.74392
APOL3,242.85105
APOL4,23.11800333333333
APOL5,22.53365
APOL6,91.72604749999999
APOLD1,124.30953000000001
APOM,20.38589
APOO,79.80384
APOOL,40.8611325
APOPT1,477.624465
APP,1098.8464033333332
APPBP2,58.7044275
APPL1,91.48306
APPL2,110.85966
APRT,210.151905
APTX,46.62915999999999
AQP1,50.063590000000005
AQP10,23.27377
AQP11,4.04001
AQP2,64.49214666666667
AQP3,209.80293333333336
AQP4,4.2042720000000005
AQP4-AS1,47.3425
AQP5,94.86255
AQP6,6.7534849999999995
AQP7,30.74522
AQP8,35.07575
AQP9,2821.45142
AQPEP,6.05674
AQR,97.196725
AR,23.44078
ARAF,94.52438000000001
ARAP1,166.44661333333332
ARAP2,146.86432333333335
ARAP3,167.21186
ARC,64.1378
ARCN1,585.94307
AREG,8.716923333333332
AREL1,59.06883
ARF1,747.6181925000001
ARF1P1,51.16678
ARF3,372.9182766666667
ARF4,513.9358
ARF5,194.67341
ARF6,543.5270300000001
ARFGAP1,50.75751
ARFGAP2,87.561465
ARFGAP3,321.32127
ARFGEF1,228.96367333333333
ARFGEF2,132.7630825
ARFIP1,150.975695
ARFIP2,51.65653
ARFRP1,55.801640000000006
ARG1,41.744640000000004
ARG2,339.88684
ARGLU1,537.7243775
ARHGAP1,367.0722225
ARHGAP10,67.07073
ARHGAP11A,2.92601
ARHGAP11B,0.01716
ARHGAP12,40.73456
ARHGAP15,410.690855
ARHGAP17,186.95162
ARHGAP18,104.76933333333334
ARHGAP19,112.09979333333332
ARHGAP20,13.169505000000001
ARHGAP21,85.85468
ARHGAP22,13.698345
ARHGAP23,37.2871575
ARHGAP24,32.0138725
ARHGAP25,696.7371266666668
ARHGAP26,162.7246525
ARHGAP27,99.726628
ARHGAP28,7.399156666666667
ARHGAP29,7.8869825
ARHGAP30,526.057155
ARHGAP31,24.595285
ARHGAP32,33.3957675
ARHGAP33,11.286126666666668
ARHGAP35,39.063532
ARHGAP36,11.61389
ARHGAP39,30.28297
ARHGAP4,95.944
ARHGAP42,7.843113333333332
ARHGAP44,22.70881
ARHGAP5,25.459922
ARHGAP5-AS1,23.48322
ARHGAP6,82.914545
ARHGAP9,1312.05524
ARHGDIA,140.250605
ARHGDIB,2755.83257
ARHGDIG,14.48386
ARHGEF1,261.902385
ARHGEF10,14.96827
ARHGEF10L,69.18545
ARHGEF11,53.43781333333333
ARHGEF12,49.69563076923077
ARHGEF15,84.010235
ARHGEF16,14.53734
ARHGEF17,267.34161
ARHGEF18,1266.82239
ARHGEF19,24.60728
ARHGEF2,305.17839
ARHGEF25,88.11629
ARHGEF26,22.637863333333332
ARHGEF28,18.703688333333332
ARHGEF3,566.09615
ARHGEF37,66.156835
ARHGEF38,137.22994
ARHGEF39,27.637259999999998
ARHGEF4,14.506223333333333
ARHGEF40,144.95400333333336
ARHGEF5,42.83338
ARHGEF6,585.20017
ARHGEF7,55.20951111111111
ARHGEF9,14.295459999999999
ARID1A,569.26297
ARID1B,93.42619142857143
ARID2,74.31410666666666
ARID3A,162.09960999999998
ARID3B,55.57047
ARID4A,186.83148
ARID4B,187.31620833333332
ARID5A,42.9805
ARID5B,65.36269
ARIH1,129.3739
ARIH2,98.30440200000001
ARIH2OS,2.10008
ARL1,80.64432333333333
ARL10,22.5057225
ARL11,396.77867999999995
ARL13B,26.07072
ARL14,0.00095
ARL14EP,141.75899
ARL15,102.054055
ARL2,101.30838
ARL2BP,223.47317
ARL3,81.92465
ARL4A,120.5078
ARL4C,534.84407
ARL4D,31.1315
ARL5A,293.49904
ARL5B,72.70432500000001
ARL5C,20.48433
ARL6,9.03398
ARL6IP1,423.01416
ARL6IP4,152.924415
ARL6IP5,1615.916065
ARL6IP6,165.57825666666665
ARL8A,428.23423
ARL8B,295.594895
ARL9,7.62516
ARMC1,305.46765500000004
ARMC10,127.397545
ARMC12,29.27957
ARMC2,5.73649
ARMC3,10.21391
ARMC4,17.1088
ARMC5,71.96174
ARMC6,115.79363
ARMC7,110.283725
ARMC8,65.04048166666668
ARMC9,3.641536
ARMCX1,24.95667
ARMCX2,25.44265
ARMCX3,189.027325
ARMCX4,20.121956
ARMCX5,34.565725
ARMCX6,304.044625
ARNT,34.032086666666665
ARNT2,12.37125
ARNTL,228.42782999999997
ARNTL2,8.753936666666666
ARPC1A,100.03371
ARPC1B,1942.43986
ARPC2,3661.3208433333334
ARPC3,3272.19979
ARPC4,154.09791833333335
ARPC5,1428.6945733333334
ARPC5L,156.86812500000002
ARPIN,20.63506
ARPP19,316.50271333333336
ARPP21,4.304021666666666
ARR3,84.47495
ARRB1,91.69602571428571
ARRB2,1019.50119
ARRDC1,96.257425
ARRDC2,160.95109
ARRDC3,1084.87862
ARRDC4,175.73866
ARSA,34.285125
ARSB,8.2305375
ARSD,39.34379375
ARSE,55.36279
ARSF,13.41403
ARSG,46.82167
ARSI,233.6026
ARSJ,3.68978
ARSK,25.30893
ART1,11.682613333333334
ART3,5.05141
ART4,5.29649
ART5,67.03851
ARTN,30.75097333333333
ARV1,62.051975
ARVCF,48.14982666666666
ARX,44.114945000000006
AS3MT,31.33136
ASAH1,1202.684738
ASAH2B,10.774344999999999
ASAP1,543.88275
ASAP2,69.29043
ASAP3,45.709379999999996
ASB1,42.149503333333335
ASB10,16.963626666666666
ASB11,33.15081
ASB12,53.38314333333333
ASB13,192.41415
ASB14,17.523789999999998
ASB15,17.76701
ASB16,48.49587
ASB16-AS1,92.72229
ASB17,0.00432
ASB2,64.83021
ASB4,16.553721666666664
ASB5,17.37864
ASB6,37.893074999999996
ASB7,63.373284999999996
ASB8,155.51467
ASB9,21.25643
ASCC1,41.167914999999994
ASCC2,1311.0151
ASCC3,60.39711
ASCL1,14.767949999999999
ASCL2,43.15051
ASCL3,56.15157
ASCL5,21.60429
ASF1A,141.85655
ASF1B,96.6697
ASGR1,23.26241
ASGR2,73.67596
ASH1L,290.00025
ASH2L,240.0733
ASIC1,21.979885
ASIC2,7.49841
ASIC4,38.24934
ASIC5,27.48306
ASIP,5.74623
ASL,87.1564
ASMT,51.39408
ASMTL,141.31122333333334
ASMTL-AS1,693.1945699999999
ASNA1,197.26987
ASNS,33.438714999999995
ASNSD1,310.55394
ASPA,6.102955
ASPDH,8.20104
ASPG,108.92192499999999
ASPH,16.659044444444444
ASPHD1,135.61781000000002
ASPHD2,38.937075
ASPM,16.500159999999997
ASPN,10.944035
ASPRV1,76.57913
ASPSCR1,8.1417
ASRGL1,55.28851
ASS1,12.44259
ASTE1,99.6653
ASTN1,4.39662
ASTN2,10.526286666666667
ASUN,168.39087
ASXL1,85.77415333333333
ASXL2,207.416215
ASXL3,14.9484275
ASZ1,2.14517
ATAD1,108.94708499999999
ATAD2,37.311327500000004
ATAD2B,296.99084999999997
ATAD3A,37.33961666666667
ATAD3B,36.77460666666667
ATAD3C,84.011
ATAD5,5.69393
ATAT1,27.449235
ATCAY,84.76265
ATE1,63.4275925
ATF1,140.10529999999997
ATF2,113.81427333333333
ATF3,80.67827333333334
ATF4,927.87644
ATF5,33.655355
ATF6,193.8822525
ATF6B,24.856975
ATF7,83.49465599999999
ATF7IP,473.179395
ATF7IP2,52.392269999999996
ATG10,12.4790225
ATG101,37.85609
ATG12,210.64315333333332
ATG13,104.61074333333333
ATG14,88.54997
ATG16L1,46.801205
ATG16L2,577.234705
ATG2A,231.61351
ATG2B,52.8555925
ATG3,930.637295
ATG4A,46.25189
ATG4B,73.50291
ATG4C,55.53959
ATG4D,78.73215
ATG5,139.39672666666667
ATG7,29.809602499999997
ATG9A,149.85961
ATG9B,10.923185
ATHL1,46.56055
ATIC,247.84629
ATL1,31.43902
ATL2,53.88375
ATL3,134.10746333333336
ATM,388.6837666666667
ATMIN,102.09859999999999
ATN1,60.310312499999995
ATOH1,15.44341
ATOH7,19.208675
ATOH8,121.53847
ATOX1,54.01743
ATP10A,36.53408666666667
ATP10B,27.63216
ATP10D,139.64566
ATP11A,107.66042166666666
ATP11B,104.82410166666666
ATP11C,55.862114999999996
ATP12A,96.85882
ATP13A1,102.42088
ATP13A2,12.61773
ATP13A3,90.873205
ATP13A4,25.632333333333335
ATP13A5,13.86333
ATP1A1,253.81225
ATP1A2,19.67203
ATP1A3,12.09351
ATP1A4,21.355023333333335
ATP1B1,51.485325
ATP1B2,21.92674
ATP1B3,199.32865999999999
ATP1B4,6.8830849999999995
ATP2A1,81.003675
ATP2A2,150.5715925
ATP2A3,140.690952
ATP2B1,352.62306000000007
ATP2B2,19.16781333333333
ATP2B3,29.6380375
ATP2B4,213.14102666666668
ATP2C1,58.4816375
ATP2C2,15.601736666666667
ATP4A,805.4301
ATP4B,7.770693333333333
ATP5A1,796.878975
ATP5B,785.21124
ATP5C1,766.9970025
ATP5D,199.09338
ATP5E,3302.307485
ATP5F1,790.9989449999999
ATP5G1,100.05006
ATP5G2,335.785155
ATP5G3,503.6695966666667
ATP5H,547.205145
ATP5I,792.80251
ATP5J,656.21989
ATP5J2,7.30926
ATP5J2-PTCD1,70.11387
ATP5L,1699.0416525
ATP5O,531.45187
ATP5S,73.75902571428571
ATP5SL,71.56510333333334
ATP6AP1,348.32034
ATP6AP1L,40.334405000000004
ATP6AP2,716.95599
ATP6V0A1,80.48411
ATP6V0A2,37.114323999999996
ATP6V0A4,42.32361
ATP6V0B,1272.95723
ATP6V0C,1937.8027849999999
ATP6V0D1,1073.30395
ATP6V0D2,46.27818666666667
ATP6V0E1,854.0609242857142
ATP6V0E2,100.72785
ATP6V0E2-AS1,7.79529
ATP6V1A,924.809805
ATP6V1B1,21.15488
ATP6V1B2,1661.97963
ATP6V1C1,124.1265075
ATP6V1C2,2.3823
ATP6V1D,180.339655
ATP6V1E1,659.46158
ATP6V1E2,44.331630000000004
ATP6V1F,592.34394
ATP6V1G1,925.32975
ATP6V1G2,16.88417
ATP6V1G3,39.44601
ATP6V1H,43.25269333333333
ATP7A,95.36880500000001
ATP7B,33.57098
ATP8A1,89.84938
ATP8A2,17.65886666666667
ATP8B1,490.9489
ATP8B2,191.05899
ATP8B3,25.931079999999998
ATP8B4,19.93041
ATP8B5P,5.7118
ATP9A,31.944185
ATP9B,25.75394
ATPAF1,59.090489999999996
ATPAF2,26.439239999999998
ATPIF1,562.70655
ATR,66.43216333333332
ATRAID,447.30628
ATRIP,116.77381666666666
ATRN,17.68803
ATRNL1,84.48387666666666
ATRX,202.66543
ATXN1,75.414668
ATXN10,320.60359
ATXN2,116.12285
ATXN2L,18.25745
ATXN3,110.44551285714286
ATXN3L,3.64273
ATXN7,589.8231433333333
ATXN7L1,34.348212499999995
ATXN7L2,15.31765
ATXN7L3,200.04059
ATXN7L3B,247.1807
AUH,99.36624
AUNIP,15.406935
AUP1,260.11264
AURKA,18.434783333333332
AURKAIP1,268.60472200000004
AURKB,9.62673
AURKC,148.18916
AUTS2,99.03847333333333
AVEN,28.91379
AVIL,294.5325066666667
AVL9,67.79324666666666
AVP,18.50258
AVPI1,41.25003
AVPR1A,13.239938
AVPR1B,44.18723
AVPR2,41.757875
AWAT1,36.81794
AXDND1,27.88763
AXIN1,67.78513
AXIN2,25.74966
AXL,16.676045
AZGP1,23.78655
AZI2,90.79433
AZIN1,482.78204500000004
AZIN2,61.026635000000006
AZU1,12.10006
B2M,8048.587973333332
B3GALNT1,8.298883333333334
B3GALNT2,23.5268025
B3GALT1,13.8562
B3GALT2,10.38914
B3GALT4,105.96652
B3GALT5,1.6713733333333334
B3GALT6,45.53176333333334
B3GALTL,36.208745
B3GAT1,9.82644
B3GAT2,2.768815
B3GAT3,39.831175
B3GNT1,53.51477
B3GNT2,103.12854333333333
B3GNT3,19.19748
B3GNT4,59.35557
B3GNT5,52.93346333333333
B3GNT6,160.817755
B3GNT7,16.86421
B3GNT8,143.44258
B3GNT9,28.71328
B3GNTL1,89.992105
B4GALNT1,290.53963999999996
B4GALNT2,14.12918
B4GALNT3,30.83512
B4GALNT4,27.935085
B4GALT1,108.98821166666666
B4GALT2,68.09766
B4GALT3,120.36637999999999
B4GALT4,51.004145
B4GALT5,266.162825
B4GALT6,33.5953175
B4GALT7,36.117515
B9D1,41.41563333333333
B9D2,103.75382
BAALC,16.178505
BAALCOS,16.652765000000002
BAAT,38.36082
BABAM1,559.8501
BACE1,94.42004
BACE2,18.703513333333333
BACH1,213.5161933333333
BACH2,212.58500500000002
BAD,40.71608333333334
BAG1,2166.59534
BAG2,14.948926666666665
BAG3,185.65095
BAG4,84.38532666666667
BAG5,115.63041333333332
BAG6,901.2952475
BAHCC1,17.451486666666668
BAHD1,50.97233
BAI1,144.11975
BAI2,77.76626
BAI3,2.80139
BAIAP2,245.18726999999998
BAIAP2-AS1,91.007326
BAIAP2L1,10.309106666666667
BAIAP2L2,18.001555
BAIAP3,41.483785
BAK1,66.38684
BAMBI,28.19091
BANF1,457.37123
BANF2,65.62191
BANK1,598.0641533333334
BANP,323.1546466666667
BAP1,109.494745
BARD1,27.389886666666666
BARHL1,21.54092
BARX1,17.52005
BARX2,5.53822
BASP1,2071.98946
BATF,95.51077
BATF2,14.96221
BATF3,13.59361
BAX,36.7773
BAZ1A,921.67959
BAZ1B,21.312575
BAZ2A,124.959055
BAZ2B,352.89149
BBC3,227.95307
BBOX1,0.57154
BBS1,42.55645333333333
BBS10,63.18739
BBS12,14.85577
BBS2,88.06663
BBS4,23.71918
BBS5,4.09216
BBS7,5.2431350000000005
BBS9,29.44654
BBX,267.29487
BCAM,32.833245
BCAN,51.35111
BCAP29,107.34240166666666
BCAP31,667.39698
BCAR1,62.193425000000005
BCAR3,94.55071
BCAS1,19.67368
BCAS2,259.79061
BCAS3,24.09017
BCAS4,32.250074
BCAT1,26.061817499999997
BCAT2,205.04365
BCCIP,65.75138
BCDIN3D,47.79293
BCHE,37.34266
BCKDHA,76.90105
BCKDHB,11.757635
BCKDK,185.57494
BCL10,243.77769666666666
BCL11A,197.6859075
BCL11B,492.60021
BCL2,337.1337775
BCL2A1,1363.16634
BCL2L1,543.050365
BCL2L10,64.137945
BCL2L11,225.71309142857143
BCL2L12,28.33691
BCL2L13,110.33233800000001
BCL2L14,43.063426666666665
BCL2L15,21.640573333333332
BCL2L2,208.8846133333333
BCL3,358.848385
BCL6,1075.5179833333334
BCL6B,42.603595
BCL7A,127.755115
BCL7B,88.83086
BCL7C,58.50978
BCL9,74.92278
BCL9L,236.17118
BCLAF1,244.5888666666667
BCMO1,25.02911
BCO2,11.07878
BCOR,75.0257225
BCORL1,56.65327
BCORP1,170.12633
BCR,87.31796333333334
BCS1L,60.74048
BDH1,690.049665
BDH2,41.470345
BDKRB1,12.1059
BDKRB2,15.95923
BDNF,9.11586
BDP1,88.27439666666668
BEAN1,39.42158
BECN1,342.14533
BEGAIN,9.21458
BEND2,174.33291
BEND3,37.36234
BEND4,30.521655000000003
BEND5,46.0898
BEND6,5.77409
BEND7,10.82887
BEST1,87.43471333333333
BEST2,6.63121
BEST3,13.00964
BEST4,7.07903
BET1,122.23966
BET1L,96.915115
BEX1,5.1155
BEX2,98.88602
BEX4,69.03782
BEX5,178.03965
BFAR,183.46701
BFSP1,3.99946
BFSP2,88.45322
BGLAP,36.16177
BGN,29.64256
BHLHB9,26.31516
BHLHE22,90.28982500000001
BHLHE23,8.43932
BHLHE40,232.28213
BHLHE41,41.454910000000005
BHMT,19.2232
BHMT2,19.452716666666667
BICC1,5.41128
BICD1,14.641866666666667
BICD2,240.4615125
BID,422.8149633333333
BIK,18.91112
BIN1,446.899068
BIN2,1929.82383
BIN3,131.866415
BIN3-IT1,20.20294
BIRC2,1232.09594
BIRC3,262.570515
BIRC5,84.17823000000001
BIRC6,284.85369000000003
BIRC7,47.68487
BIVM,18.948473999999997
BLCAP,439.40858
BLID,10.11248
BLK,48.60227
BLM,49.34371
BLMH,34.28161
BLNK,249.53381
BLOC1S1,374.6747
BLOC1S2,920.05708
BLOC1S3,46.050765
BLOC1S4,246.1027
BLOC1S6,476.65767999999997
BLVRA,113.70526199999999
BLVRB,3645.78714
BLZF1,41.8157125
BMF,30.12854
BMP1,76.23709714285714
BMP10,0.01909
BMP15,126.78292
BMP2,6.224564999999999
BMP2K,136.64604166666666
BMP3,24.95323
BMP4,6.08154
BMP5,5.23401
BMP6,24.39388
BMP7,89.5061575
BMP8A,94.57617
BMP8B,16.576493333333335
BMPER,2.76635
BMPR1A,27.307104000000002
BMPR1B,18.22117666666667
BMPR2,22.994970000000002
BMS1,86.04259
BMS1P20,57.9577775
BMS1P5,33.199945
BMX,28.61423
BNC1,7.15888
BNC2,42.65213833333333
BNIP1,39.414080000000006
BNIP2,401.560795
BNIP3,64.398235
BNIP3L,4095.56726
BNIPL,4.30217
BOC,254.29370000000003
BOD1,80.20598
BOD1L1,411.25627000000003
BOD1L2,16.07349
BOK,29.88743
BOLA1,32.62234
BOLA2,165.76480750000002
BOLA3,175.99886
BOLL,16.09464
BOP1,40.564225
BORA,46.80566
BPESC1,8.10957
BPGM,610.78308
BPHL,93.66801
BPI,25.861163333333334
BPIFA1,12.12977
BPIFA2,15.48047
BPIFA3,23.39008
BPIFA4P,26.66245
BPIFB1,0.00895
BPIFB2,35.5383
BPIFB4,12.78403
BPIFB6,3.3093
BPIFB9P,12.60412
BPIFC,140.85166
BPNT1,8.032743333333332
BPTF,203.43764000000002
BRAF,85.0284075
BRAP,121.34717
BRAT1,66.59809
BRCA1,60.144335000000005
BRCA2,19.30893
BRCC3,52.27503
BRD1,188.8353833333333
BRD2,629.9188166666667
BRD3,232.50778333333332
BRD4,343.0575342857143
BRD7,167.1423775
BRD7P3,6.183915000000001
BRD8,129.48519666666667
BRD9,58.40804
BRDT,10.03603
BRE,99.52830333333334
BREA2,23.61336
BRF1,21.998247499999998
BRF2,58.07173
BRI3,421.21673000000004
BRI3BP,205.4476
BRICD5,383.87677
BRINP1,9.584045000000001
BRINP2,6.79171
BRINP3,3.00327
BRIP1,12.595089999999999
BRIX1,51.34413
BRK1,630.8625000000001
BRMS1,228.1157
BRMS1L,20.295195
BROX,187.70829666666668
BRPF1,125.084
BRPF3,36.441676666666666
BRS3,1.374015
BRSK1,219.57304
BRSK2,18.0155
BRWD1,32.69085875
BRWD3,38.43662666666666
BSCL2,429.17697
BSDC1,140.03195666666667
BSG,881.56033
BSN,37.88465
BSND,46.13954999999999
BSPRY,60.557739999999995
BST1,347.12952
BST2,203.82997
BTAF1,455.71487
BTBD1,340.65245
BTBD10,239.40398
BTBD11,40.589999999999996
BTBD16,0.00237
BTBD2,261.37343
BTBD3,15.28994
BTBD6,248.79813
BTBD7,73.588302
BTBD8,7.5968
BTBD9,52.4495025
BTC,3.3272049999999997
BTD,52.945315
BTF3,2732.6010475
BTF3L4,130.201838
BTF3P11,95.56956
BTF3P13,115.19243
BTG1,2322.6198633333333
BTG2,519.6976000000001
BTG3,39.9387275
BTG4,20.100324999999998
BTK,206.08428
BTLA,199.51146
BTN1A1,3.10689
BTN2A1,227.7372475
BTN2A2,61.3116
BTN2A3P,77.67611
BTN3A1,378.876985
BTN3A2,593.3843433333333
BTN3A3,190.39402
BTNL2,2.15104
BTNL3,130.32516
BTNL8,104.63266
BTNL9,64.277164
BTRC,32.744468
BUB1,4.047994000000001
BUB1B,1.42715
BUB3,249.45043666666666
BUD13,160.51479
BUD31,155.66352999999998
BVES,19.838585
BYSL,21.56659
BZRAP1,26.01069
BZW1,697.2109849999999
BZW2,213.96629
C10orf10,48.83073
C10orf107,3.14859
C10orf11,24.6118
C10orf113,6.78596
C10orf12,44.91521
C10orf126,83.50885
C10orf2,9.66223
C10orf25,1.6887
C10orf32,117.8902
C10orf35,28.30931
C10orf53,25.121634999999998
C10orf54,1074.460795
C10orf55,2.77335
C10orf62,8.80654
C10orf67,31.202446666666663
C10orf71,38.8944
C10orf76,31.868396666666666
C10orf82,19.45589
C10orf85,51.21327
C10orf88,36.433615
C10orf90,56.59526333333333
C10orf91,4.06228
C10orf95,98.77103
C10orf99,13.111405000000001
C11orf1,42.63501
C11orf16,15.86872
C11orf21,175.217455
C11orf24,52.135925
C11orf30,36.042725
C11orf31,465.41137333333336
C11orf40,0.00199
C11orf42,17.62777
C11orf44,11.4873
C11orf45,11.7687
C11orf49,100.46632500000001
C11orf52,5.09761
C11orf53,110.46894
C11orf54,305.61225333333334
C11orf57,32.55923833333333
C11orf58,363.281224
C11orf63,11.68232
C11orf65,0.00289
C11orf68,148.18196
C11orf70,4.318865
C11orf71,30.24366
C11orf72,138.68746
C11orf73,167.17458
C11orf74,32.24087
C11orf80,31.19316
C11orf83,54.98389
C11orf84,8.20924
C11orf85,97.35878
C11orf86,32.34879
C11orf87,3.0797033333333332
C11orf88,95.11635
C11orf95,21.131410000000002
C11orf96,10.75907
C12orf10,155.18643
C12orf29,80.47873
C12orf4,49.775995
C12orf40,29.848465
C12orf42,7.33096
C12orf43,36.59416
C12orf45,65.88279
C12orf49,76.31317
C12orf5,88.19479
C12orf50,0.00111
C12orf54,15.419033333333331
C12orf55,13.94362
C12orf56,8.97517
C12orf57,662.13586
C12orf60,13.09386
C12orf61,21.41635
C12orf65,51.288399999999996
C12orf66,33.49738333333333
C12orf74,2.11647
C12orf75,217.41212
C12orf76,49.00942666666666
C14orf1,29.946820000000002
C14orf105,57.27448666666666
C14orf119,377.25024
C14orf132,12.23852
C14orf142,62.10652
C14orf159,204.775825
C14orf166,1269.31561
C14orf169,105.47652
C14orf178,53.45589
C14orf180,8.189494999999999
C14orf182,20.055095
C14orf183,18.86305
C14orf2,1130.992665
C14orf23,14.44933
C14orf28,38.62393
C14orf37,67.4109
C14orf39,3.96321
C14orf79,17.35411
C14orf80,43.27568
C14orf93,14.70831
C15orf26,15.57125
C15orf27,139.20372
C15orf32,55.19968
C15orf37,131.82351
C15orf39,212.56394666666665
C15orf40,51.371775
C15orf41,63.293749999999996
C15orf43,0.00177
C15orf48,4.2094
C15orf52,13.09854
C15orf54,54.77534
C15orf56,29.2631
C15orf57,79.85275666666666
C15orf59,11.068165
C15orf61,189.14866
C15orf62,54.14062
C16orf13,73.134805
C16orf3,15.48542
C16orf45,150.07944
C16orf46,124.268345
C16orf52,86.81849333333334
C16orf54,2170.09301
C16orf58,30.518756666666665
C16orf59,15.80159
C16orf62,55.571555000000004
C16orf70,64.801055
C16orf71,121.55426
C16orf72,452.93603666666667
C16orf74,6.71928
C16orf78,12.00018
C16orf80,178.30786
C16orf82,129.51311
C16orf86,74.85499
C16orf87,23.99287
C16orf89,16.26116
C16orf91,22.00601
C16orf92,25.64602
C16orf93,22.51014
C16orf95,14.52823
C17orf104,41.012554
C17orf105,3.96357
C17orf47,351.19095
C17orf49,1504.4522650000001
C17orf50,42.31397
C17orf51,40.7197175
C17orf53,40.23158
C17orf58,16.03357
C17orf59,193.87905
C17orf62,679.68928
C17orf64,12.09577
C17orf70,29.463673333333332
C17orf74,0.79372
C17orf75,23.71678
C17orf77,3.38542
C17orf78,5.24656
C17orf80,34.91426666666666
C17orf82,121.04412
C17orf85,52.80372200000001
C17orf96,135.26198
C17orf97,4.35998
C17orf99,11.79787
C18orf12,13.99193
C18orf21,90.22615
C18orf25,86.9720775
C18orf32,4074.4834450000003
C18orf54,14.139768
C18orf8,104.15876666666668
C19orf10,85.63680500000001
C19orf12,99.64858333333335
C19orf18,25.58998
C19orf24,148.58343
C19orf25,53.23288
C19orf26,9.0501425
C19orf33,22.02312
C19orf40,26.67234
C19orf43,455.12843499999997
C19orf44,23.306105
C19orf45,43.07278
C19orf47,26.683384999999998
C19orf48,11.99402
C19orf52,170.83371
C19orf53,400.38875
C19orf54,99.18505
C19orf57,14.49619
C19orf60,73.598715
C19orf66,219.43809666666667
C19orf68,41.80565
C19orf70,104.96004
C19orf73,10.30148
C19orf80,8.31009
C1D,594.5449
C1GALT1,145.97943333333333
C1GALT1C1,145.43946499999998
C1QA,5.45384
C1QB,17.24412
C1QBP,212.06246499999997
C1QC,110.09329
C1QL1,89.34348
C1QTNF1,17.258225
C1QTNF2,17.19152
C1QTNF3,14.813045
C1QTNF4,34.45538
C1QTNF5,47.366505
C1QTNF6,20.15593
C1QTNF7,25.72162
C1QTNF9,9.95972
C1QTNF9B-AS1,9.74715
C1R,32.20939
C1RL,106.20785500000001
C1RL-AS1,125.573795
C1S,23.562035
C1orf100,6.42079
C1orf101,0.0073349999999999995
C1orf105,26.84571
C1orf106,15.14517
C1orf109,105.57775
C1orf110,0.00448
C1orf111,7.72388
C1orf112,9.23925
C1orf115,8.343725000000001
C1orf116,12.388096666666668
C1orf122,152.00633
C1orf123,84.10766
C1orf127,13.53057
C1orf131,155.45643
C1orf145,9.682685000000001
C1orf158,17.18873
C1orf159,20.27401
C1orf162,537.69668
C1orf167,344.24257
C1orf168,15.804509999999999
C1orf174,127.655075
C1orf177,16.0383
C1orf180,7.4466
C1orf186,28.95481
C1orf192,8.13073
C1orf194,17.63112
C1orf198,88.02779
C1orf200,203.43378
C1orf21,58.44794
C1orf210,3.27995
C1orf213,316.37742
C1orf216,48.73459
C1orf220,7.88258
C1orf228,40.25443
C1orf27,68.15795
C1orf35,48.20228
C1orf43,538.9116
C1orf50,98.78739999999999
C1orf52,218.95781000000002
C1orf53,5.513885
C1orf54,68.47097
C1orf56,110.20952666666666
C1orf61,40.49576
C1orf64,20.69604
C1orf68,60.949284999999996
C1orf74,25.370150000000002
C1orf85,33.49154333333333
C1orf86,31.375703333333334
C1orf87,15.8634
C1orf94,29.67621
C1orf95,24.86194
C2,44.52978
C20orf141,21.37707
C20orf144,14.02252
C20orf166,62.13247
C20orf166-AS1,124.72333499999999
C20orf173,61.98086
C20orf181,22.96343
C20orf187,25.03039
C20orf194,36.977194999999995
C20orf195,16.7212
C20orf196,49.3685
C20orf197,15.84672
C20orf203,43.12215
C20orf24,1540.5493866666666
C20orf26,16.860076666666668
C20orf27,113.211995
C20orf62,21.350986666666667
C20orf78,200.43097
C20orf85,230.67204
C20orf96,25.52194
C21orf119,23.27436
C21orf128,11.97452
C21orf2,75.683105
C21orf33,103.32293
C21orf49,101.643365
C21orf58,31.442915
C21orf59,51.369785
C21orf62,41.03439
C21orf67,84.92164333333334
C21orf88,81.711805
C21orf90,19.362245
C21orf91,274.2175
C22orf15,25.58531
C22orf23,14.17412
C22orf24,105.97117
C22orf29,32.86744
C22orf31,27.51023
C22orf34,55.403995
C22orf39,104.809095
C22orf42,11.280280000000001
C22orf46,9.44171
C2CD2,30.30057
C2CD2L,52.481854999999996
C2CD3,41.43958
C2CD4A,0.6486
C2CD4B,16.508865
C2CD4C,29.50922
C2CD5,639.56878
C2orf15,3.30684
C2orf16,26.50112
C2orf27A,75.22699
C2orf40,12.32735
C2orf42,81.10865
C2orf43,33.79782333333333
C2orf44,56.71936
C2orf47,121.20137
C2orf49,39.32378333333333
C2orf50,0.00136
C2orf54,16.10522
C2orf57,83.70436
C2orf61,3.40036
C2orf68,221.82223
C2orf69,203.39898499999998
C2orf70,274.08726
C2orf71,3.39155
C2orf73,3.50607
C2orf76,84.89343
C2orf80,1.25934
C2orf81,32.44924
C2orf82,4.860975
C2orf83,8.29051
C2orf88,472.18910500000004
C3,91.47871
C3AR1,166.89709
C3P1,64.62021
C3orf14,13.380775
C3orf17,166.93845000000002
C3orf18,41.19062
C3orf20,1.66866
C3orf22,3.35182
C3orf27,0.75565
C3orf30,12.02161
C3orf33,1.60742
C3orf35,4.3241
C3orf36,20.78726
C3orf38,78.37940499999999
C3orf43,23.14418
C3orf49,12.56567
C3orf52,13.46534
C3orf55,21.82302
C3orf56,40.98848
C3orf58,72.06192333333334
C3orf62,150.12234666666666
C3orf65,12.147745
C3orf67,0.13412
C3orf70,7.008875
C3orf79,5.15949
C3orf80,0.00292
C4BPA,88.26512
C4BPB,0.00235
C4orf17,18.77025
C4orf19,7.804315000000001
C4orf22,3.80295
C4orf26,2.33596
C4orf27,76.295855
C4orf29,56.937286666666665
C4orf3,1013.28731
C4orf32,45.873245000000004
C4orf33,11.067286666666668
C4orf36,3.44775
C4orf45,21.58108
C4orf46,909.7819433333334
C4orf6,9.29598
C5,17.32398
C5AR1,2437.21114
C5AR2,42.55147
C5orf15,195.34607499999998
C5orf17,16.52226
C5orf22,108.06106666666666
C5orf24,57.484116666666665
C5orf27,46.3733
C5orf28,47.113863333333335
C5orf30,46.32673
C5orf34,12.34283
C5orf42,5.279725
C5orf45,36.21875
C5orf46,14.33816
C5orf47,12.94689
C5orf51,86.77566999999999
C5orf55,70.88615
C5orf56,139.203955
C5orf63,14.032357500000002
C5orf64,44.77821
C5orf66,79.14615
C6,6.93155
C6orf1,120.98082
C6orf10,6.89327
C6orf106,52.88617
C6orf118,10.074295
C6orf120,183.075255
C6orf123,13.413955000000001
C6orf132,18.371995
C6orf136,50.799955
C6orf141,31.50414
C6orf15,45.69446
C6orf163,30.517905
C6orf165,21.46071
C6orf195,136.89835
C6orf201,122.82159
C6orf203,70.12494
C6orf211,203.6274
C6orf223,75.585255
C6orf226,66.22361
C6orf25,24.54027
C6orf47,140.50191
C6orf48,761.18779
C6orf52,71.73198666666667
C6orf57,19.35337
C6orf58,4.945925
C6orf62,634.3674733333334
C6orf89,76.39569
C6orf99,10.43679
C7,56.806095
C7orf13,27.324255
C7orf25,85.008185
C7orf26,70.92244666666666
C7orf31,29.97622
C7orf33,15.92308
C7orf34,52.192969999999995
C7orf43,206.51362
C7orf49,127.683235
C7orf50,35.06336666666667
C7orf55,62.443130000000004
C7orf55-LUC7L2,202.02987499999998
C7orf57,8.44209
C7orf60,194.20633
C7orf61,15.60145
C7orf62,8.22152
C7orf63,938.569545
C7orf69,49.16083
C8A,0.01421
C8B,62.28863
C8G,0.00484
C8orf12,29.77291
C8orf17,19.86109
C8orf22,12.40424
C8orf31,49.49722
C8orf33,27.14033
C8orf34,8.48293
C8orf37,39.62938
C8orf4,0.00066
C8orf44,15.16337
C8orf46,13.068719999999999
C8orf48,12.86589
C8orf49,65.6763
C8orf58,21.55614
C8orf59,227.71101
C8orf74,131.45039500000001
C8orf82,19.22088
C9,3.60723
C9orf114,42.1931
C9orf116,7.942325
C9orf117,61.385686666666665
C9orf131,18.4755
C9orf135,10.290245
C9orf142,22.76099
C9orf152,26.5607
C9orf156,62.61228333333333
C9orf16,174.7446425
C9orf163,60.78087
C9orf172,30.7066
C9orf173,162.23597
C9orf24,968.18635
C9orf3,38.413375
C9orf37,30.94666
C9orf38,17.07208
C9orf40,98.31924500000001
C9orf41,30.230345
C9orf43,67.11795
C9orf47,17.920540000000003
C9orf50,39.52016
C9orf53,28.35196
C9orf57,18.2088
C9orf62,16.9781
C9orf64,205.731065
C9orf66,12.487325
C9orf72,140.59119333333334
C9orf78,800.67087
C9orf84,9.848690000000001
C9orf85,159.93524333333332
C9orf89,136.514735
C9orf9,70.70362
C9orf91,54.65525
CA1,656.2065799999999
CA10,5.315435
CA11,242.17849
CA12,43.58178285714286
CA13,24.9591
CA14,97.37799
CA2,1071.59293
CA3,3.80816
CA4,70.875755
CA5A,32.19445
CA5B,17.52922333333333
CA5BP1,44.591405
CA6,8.411850000000001
CA7,8.50648
CA8,5.235603333333334
CA9,42.66152
CAAP1,74.264725
CAB39,746.8198749999999
CAB39L,21.21332333333333
CABIN1,173.41547
CABLES1,38.42636666666667
CABLES2,59.70355
CABP1,46.02238
CABP2,55.32063
CABP4,94.60685333333333
CABP5,243.99084
CABP7,33.17266
CABS1,3.09953
CABYR,12.122349999999999
CACFD1,334.966705
CACHD1,4.9703
CACNA1A,11.580442
CACNA1B,16.218365
CACNA1C,25.96257
CACNA1D,21.7640125
CACNA1E,21.13636
CACNA1F,75.9279
CACNA1G,18.179472
CACNA1H,29.267055
CACNA1I,20.795356666666667
CACNA1S,22.49867
CACNA2D1,32.271425
CACNA2D2,24.77613
CACNA2D3,39.92022
CACNA2D4,34.277795
CACNB1,38.62569666666666
CACNB2,23.53267166666667
CACNB3,12.723215
CACNB4,17.04643
CACNG1,16.93842
CACNG2,33.38381
CACNG3,18.17418
CACNG4,408.76772
CACNG5,141.581995
CACNG6,108.11573
CACNG7,17.79606
CACNG8,56.85760666666666
CACTIN,55.059960000000004
CACUL1,104.957304
CACYBP,273.84457
CAD,174.89406000000002
CADM1,34.391942
CADM2,8.75062
CADM3,20.1302225
CADM4,7.111598000000001
CADPS,7.505858333333333
CADPS2,22.78422
CAGE1,27.13979
CALB1,8.939215
CALB2,49.93583
CALCA,13.196835
CALCB,1654.35076
CALCOCO1,396.19749
CALCOCO2,164.3364675
CALCR,10.07958
CALCRL,54.63938999999999
CALD1,23.41116727272727
CALHM1,237.84271
CALHM2,108.16849
CALHM3,20.65888
CALM1,1195.0170636363637
CALML3,45.99683
CALML4,172.256796
CALML5,48.49141
CALML6,119.26384
CALN1,45.35580000000001
CALR,232.9779133333333
CALR3,25.63748
CALU,187.93797
CALY,19.08537
CAMK1,33.9644
CAMK1D,441.17517
CAMK1G,52.433215000000004
CAMK2A,89.846955
CAMK2B,68.35031599999999
CAMK2D,110.237158
CAMK2G,126.3885075
CAMK2N1,12.185553333333331
CAMK2N2,78.862135
CAMK4,104.23124666666666
CAMKK1,122.51423500000001
CAMKK2,256.618545
CAMKMT,5.359505
CAMKV,13.58627
CAMLG,562.48625
CAMP,169.4275
CAMSAP1,29.19661285714286
CAMSAP2,24.49645
CAMSAP3,7.85862
CAMTA1,200.33386833333336
CAMTA2,242.39283
CAND1,106.67859571428572
CAND2,9.007725
CANT1,294.60281333333336
CANX,268.022422
CAP1,3240.856205
CAP2,94.20092
CAPG,309.69024
CAPN1,188.392305
CAPN10,16.8034
CAPN11,4.02523
CAPN12,88.087
CAPN13,9.873970000000002
CAPN15,47.860555
CAPN2,684.7339900000001
CAPN3,19.76476
CAPN5,33.772415
CAPN6,11.711956666666667
CAPN7,85.056995
CAPN9,11.749185
CAPNS1,734.77471
CAPNS2,20.48518
CAPRIN1,195.99506374999999
CAPRIN2,73.28198499999999
CAPS,60.45944250000001
CAPS2,8.00159
CAPSL,22.55556
CAPZA1,1624.536775
CAPZA2,704.9160733333333
CAPZA3,2.51331
CAPZB,587.100085
CARD10,6.367606666666667
CARD11,73.059705
CARD14,23.509739999999997
CARD16,1116.8468766666667
CARD18,8.84556
CARD6,188.18365
CARD8,304.4642625
CARD9,45.43981
CARF,19.89006
CARHSP1,100.25017
CARKD,32.72786
CARM1,320.64701
CARNS1,34.69297
CARS,325.171045
CARS2,58.748630000000006
CARTPT,57.09684
CASC1,1.86653
CASC10,27.52517
CASC2,5.921172
CASC3,472.05426
CASC4,355.2608433333333
CASC5,6.2110125
CASD1,40.357926666666664
CASK,22.939228000000004
CASKIN1,23.300046666666663
CASKIN2,16.454475
CASP1,958.1807660000001
CASP10,39.523745
CASP12,26.23564
CASP14,24.80284
CASP2,132.17941857142858
CASP3,224.95713
CASP4,476.981945
CASP5,93.72322
CASP6,241.94172
CASP7,89.26466
CASP8,474.19041
CASP8AP2,56.110020000000006
CASP9,48.35939333333334
CASQ1,71.5742
CASQ2,28.38844
CASR,25.779348
CASS4,55.372555
CAST,395.51852399999996
CASZ1,32.667413999999994
CAT,994.1526466666666
CATSPER1,29.9213
CATSPER2,26.198400000000003
CATSPER3,50.29719
CATSPERB,10.41125
CATSPERD,7.60231
CATSPERG,33.08398666666667
CATX-1,6.56642
CAV1,11.13607
CAV2,10.925139999999999
CAV3,36.28298
CBFA2T2,65.37019000000001
CBFA2T3,119.60868
CBFB,280.32644999999997
CBL,371.10796799999997
CBLB,111.32515000000001
CBLC,30.189325
CBLL1,135.85761
CBLN1,10.13456
CBLN2,7.9313
CBLN3,17.84425
CBLN4,0.00553
CBR1,30.2866
CBR3,13.15737
CBR4,123.39313666666668
CBS,32.07354333333333
CBWD1,203.16254666666669
CBX1,472.04253
CBX2,161.71993000000003
CBX3,409.652215
CBX4,372.883565
CBX5,77.39031666666666
CBX6,212.52917000000002
CBX7,318.90098
CBX8,11.3133
CBY1,22.62177
CC2D1A,29.44405
CC2D1B,56.972155
CC2D2A,8.825904999999999
CC2D2B,13.16199
CCAR1,263.71499666666665
CCAR2,32.90374666666667
CCBE1,242.5572766666667
CCBL1,77.94733000000001
CCBL2,169.9383
CCDC101,772.8925999999999
CCDC102A,26.48849
CCDC102B,0.00312
CCDC103,65.98145
CCDC104,22.83397
CCDC105,46.57625
CCDC106,17.20175
CCDC107,64.48975
CCDC108,13.59536
CCDC109B,568.47123
CCDC11,15.521609999999999
CCDC110,0.4684
CCDC112,46.70419
CCDC113,7.24009
CCDC114,7.09107
CCDC115,230.52467
CCDC116,24.71552
CCDC117,503.30576
CCDC12,234.93739
CCDC120,10.170325
CCDC121,7.5521
CCDC122,0.13732
CCDC124,40.60382
CCDC125,33.986625000000004
CCDC126,52.442135
CCDC127,46.840645
CCDC129,23.354985
CCDC13,182.55154499999998
CCDC130,255.15585
CCDC132,42.17867
CCDC134,18.555410000000002
CCDC135,21.84214
CCDC136,77.73282333333333
CCDC137,31.27167
CCDC138,4.17914
CCDC14,31.672420000000002
CCDC140,6.26245
CCDC141,10.173325
CCDC142,173.67122500000002
CCDC144A,2.63938
CCDC144CP,0.01679
CCDC146,32.07675
CCDC147,20.07648
CCDC148,14.313600000000001
CCDC148-AS1,2.0169
CCDC149,21.444875
CCDC15,69.56148
CCDC150,14.402053333333335
CCDC151,24.85334
CCDC153,2.7572
CCDC154,19.38238
CCDC155,23.96319
CCDC157,26.829026666666667
CCDC158,6.724595000000001
CCDC159,14.14026
CCDC167,41.63014
CCDC168,11.456913333333333
CCDC169,13.573898
CCDC17,18.96401
CCDC170,19.59291
CCDC171,20.593131428571432
CCDC172,11.34267
CCDC173,1.90602
CCDC174,61.87101333333334
CCDC176,83.64907500000001
CCDC177,11.05241
CCDC178,18.09202
CCDC18,18.875666666666667
CCDC180,256.68507500000004
CCDC181,18.510423333333335
CCDC182,73.46335
CCDC184,29.30782
CCDC185,21.34994
CCDC186,110.17355666666667
CCDC19,109.31325
CCDC22,34.48249
CCDC23,1033.4502
CCDC24,4.43679
CCDC25,60.550015
CCDC26,7.6711
CCDC27,34.91625
CCDC28A,582.92539
CCDC28B,95.425515
CCDC3,30.61321
CCDC30,34.51651
CCDC33,64.80267
CCDC34,22.62807
CCDC36,45.8774
CCDC37,24.840695
CCDC38,46.62679
CCDC39,8.24287
CCDC40,45.259285999999996
CCDC42,155.15518
CCDC42B,24.038
CCDC43,158.46482
CCDC47,124.2353
CCDC50,61.39271599999999
CCDC51,56.78869
CCDC53,271.92887
CCDC54,10.73658
CCDC57,75.431656
CCDC58,21.24225
CCDC59,240.40148499999998
CCDC6,73.37780000000001
CCDC60,77.22986
CCDC61,3.7053166666666666
CCDC62,73.99195
CCDC63,40.64763
CCDC64,51.02531
CCDC64B,124.34498
CCDC65,22.373513333333335
CCDC66,171.70730999999998
CCDC67,17.408192500000002
CCDC68,6.28525
CCDC69,433.184375
CCDC7,13.32969
CCDC70,320.72889
CCDC71,15.71233
CCDC71L,71.16215
CCDC74A,22.228595
CCDC77,41.93015
CCDC78,43.33818
CCDC79,0.0073
CCDC8,97.812805
CCDC80,14.564606666666664
CCDC81,56.06248
CCDC82,71.36528000000001
CCDC83,0.00171
CCDC84,159.09852
CCDC85A,22.2033
CCDC85B,43.004686666666665
CCDC85C,95.32991999999999
CCDC86,36.46341
CCDC87,30.28701
CCDC88A,17.537678333333336
CCDC88B,93.32821
CCDC88C,114.11423333333333
CCDC89,0.00183
CCDC9,82.6156
CCDC90B,92.28535
CCDC91,83.496915
CCDC92,377.17858
CCDC93,34.403475
CCDC94,74.59124
CCDC96,20.59608
CCDC97,75.73312333333332
CCER1,20.68591
CCHCR1,57.8331625
CCIN,23.48102
CCK,225.1993
CCKAR,27.838289999999997
CCKBR,27.37303
CCL1,3.59002
CCL11,21.4698
CCL13,25.94299
CCL14,7.21039
CCL16,21.46675
CCL17,18.44508
CCL18,39.54261
CCL19,32.67181
CCL2,0.83858
CCL20,1.26881
CCL21,33.14995
CCL22,115.49103
CCL23,13.427154999999999
CCL24,34.83686
CCL25,4.15038
CCL26,3.80065
CCL27,8.12086
CCL28,39.95080333333333
CCL3,128.66287
CCL4,340.60242
CCL5,1636.9222266666668
CCL7,0.01277
CCL8,37.03907
CCM2,594.64706
CCM2L,52.64051
CCNA1,38.64198
CCNA2,10.257560000000002
CCNB1,3.372615
CCNB1IP1,100.91862
CCNB2,99.92166999999999
CCNB3,54.85671
CCNC,218.038905
CCND1,25.528375
CCND2,178.018725
CCND3,883.015275
CCNDBP1,1518.48737
CCNE1,12.061345
CCNE2,5.967885
CCNF,30.195794999999997
CCNG1,807.92565
CCNG2,485.049776
CCNH,193.89413
CCNI,2180.7423133333336
CCNJ,36.288909999999994
CCNJL,148.31146
CCNK,169.047605
CCNL1,229.388275
CCNL2,142.28099999999998
CCNO,93.2121
CCNT1,191.58709
CCNT2,98.9918875
CCNY,281.93377999999996
CCNYL1,34.396265
CCNYL2,11.38233
CCP110,31.10676
CCPG1,343.0943
CCR1,456.9061
CCR10,79.17187
CCR2,248.58598
CCR3,239.36548
CCR4,8.70716
CCR5,95.88585
CCR6,85.43706
CCR7,1091.56308
CCR8,483.97811
CCR9,15.72339
CCRL2,32.91512
CCRN4L,25.148275
CCS,108.60145
CCSAP,60.8843025
CCSER1,0.00307
CCSER2,70.96055
CCT2,391.09339
CCT3,479.69001
CCT4,543.384405
CCT5,397.281695
CCT6A,240.0754
CCT6B,29.07601
CCT7,297.15294
CCT8,567.355915
CCT8L2,9.9932
CCZ1,448.62769
CD101,24.70933
CD109,18.323736666666665
CD14,1525.09609
CD151,83.26498
CD160,93.16043
CD163,115.31554
CD163L1,76.23735
CD164,905.4560600000001
CD177,15.06627
CD180,172.32203
CD19,192.36756
CD1A,25.22109
CD1B,24.05288
CD1C,128.43765
CD1D,248.55162
CD1E,3.044035
CD2,823.24487
CD200,52.361345
CD200R1,34.21087
CD207,13.72373
CD209,100.32107333333333
CD22,86.8127875
CD226,53.64323
CD24,200.09928833333333
CD244,54.696235
CD247,755.60692
CD248,42.33155
CD27,405.38067
CD274,47.037635
CD276,125.06987333333332
CD28,69.24386333333334
CD2AP,107.5761
CD2BP2,116.69931500000001
CD300A,712.8777033333334
CD300C,30.12221
CD300LB,62.49511
CD300LF,417.91253
CD300LG,43.72493
CD320,16.75992
CD33,77.41457
CD34,32.67016
CD36,203.75752
CD37,667.0186100000001
CD38,35.8725
CD3D,1279.5417
CD3E,333.0004
CD3EAP,63.85928
CD3G,237.34275
CD4,211.75639999999999
CD40,100.93027749999999
CD40LG,88.11949
CD44,374.3867723076923
CD46,924.03797
CD47,417.05429999999996
CD48,815.4138049999999
CD5,95.969695
CD52,2045.322145
CD53,1436.6951533333333
CD55,1201.0588366666668
CD58,251.07581399999998
CD59,104.003006
CD5L,15.51497
CD6,74.31338142857143
CD63,1304.2607
CD68,72.9007
CD69,206.39421
CD7,161.43762999999998
CD70,43.32304
CD72,145.10914
CD74,1298.99122
CD79A,495.11825999999996
CD79B,192.58873333333335
CD80,18.919479999999997
CD81,555.58188
CD82,87.363915
CD83,177.74625
CD84,106.795675
CD86,160.53394
CD8A,410.79443
CD8B,98.75819
CD9,68.90984
CD93,936.309565
CD96,107.96977000000001
CD97,1655.95874
CD99,951.307635
CD99L2,34.4000525
CDA,624.10385
CDADC1,14.3403175
CDAN1,23.887404999999998
CDC123,365.32778
CDC14A,57.151334
CDC14B,39.15813875
CDC14C,6.45233
CDC16,259.11720999999994
CDC20,0.00387
CDC20B,9.988401999999999
CDC23,67.11154499999999
CDC25A,39.84005
CDC25B,386.44851
CDC25C,82.20749333333333
CDC26,324.00187
CDC27,107.69734
CDC34,606.9071899999999
CDC37,162.97687
CDC37L1,28.53249
CDC37P1,23.83578
CDC40,223.685015
CDC42,1181.4320080000002
CDC42BPA,38.484918
CDC42BPB,21.899345
CDC42BPG,16.857014999999997
CDC42EP1,29.14025
CDC42EP2,104.694685
CDC42EP3,546.3859699999999
CDC42EP4,21.526993333333333
CDC42EP5,57.08889
CDC42SE1,821.18391
CDC42SE2,834.8669800000001
CDC45,0.0034
CDC5L,510.11404749999997
CDC6,5.069565
CDC7,41.1492
CDC73,104.82803999999999
CDCA2,53.604785
CDCA3,21.96991
CDCA4,39.47554
CDCA5,12.73934
CDCA7,30.514805000000003
CDCA7L,199.14498
CDCA8,19.51423
CDCP1,27.802646666666664
CDH1,33.346545
CDH10,95.10526
CDH11,5.9073925
CDH12,2.03565
CDH13,8.27462
CDH15,23.14833
CDH16,99.16406
CDH17,18.37288
CDH18,3.48918
CDH19,19.83331
CDH2,18.344205000000002
CDH20,14.97889
CDH22,125.11581000000001
CDH23,13.72964
CDH24,24.819445
CDH26,15.14664
CDH3,0.01186
CDH4,29.3535975
CDH5,0.01428
CDH6,53.55553833333334
CDH7,9.979379999999999
CDH8,12.9446625
CDH9,6.92785
CDHR1,9.352195
CDHR2,154.48433
CDHR3,107.780645
CDHR5,13.320463333333334
CDIP1,69.594975
CDIPT,1892.74608
CDK1,10.0081525
CDK10,38.429026666666665
CDK11A,686.6357260000001
CDK12,69.78776375
CDK13,216.8339742857143
CDK14,120.45624333333332
CDK15,85.96325333333334
CDK16,46.66356
CDK17,193.917845
CDK18,2.00535
CDK19,241.72075999999998
CDK2,107.31263000000001
CDK20,16.39164
CDK2AP1,486.84401
CDK2AP2,122.42432
CDK3,42.51202
CDK4,120.42395
CDK5,28.93042
CDK5R1,54.438204999999996
CDK5R2,15.24711
CDK5RAP1,34.17929
CDK5RAP2,40.22924666666667
CDK5RAP3,428.2917
CDK6,83.04328285714284
CDK7,83.74745
CDK8,116.52524666666666
CDK9,47.67783666666667
CDKAL1,15.344539999999999
CDKL1,37.30282333333333
CDKL2,12.544545
CDKL3,21.12333
CDKL5,12.435315
CDKN1A,443.32593
CDKN1B,1862.3022
CDKN1C,96.12922999999999
CDKN2A,29.76237666666667
CDKN2AIP,262.52296
CDKN2AIPNL,24.916809999999998
CDKN2B,5.88952
CDKN2C,76.086935
CDKN2D,121.74274
CDKN3,12.974225
CDNF,20.69727
CDO1,69.831445
CDON,21.878726666666665
CDPF1,45.92156
CDR1,4.09763
CDR2,103.85434
CDR2L,38.58123
CDRT1,6.07797
CDRT15,34.6247
CDRT4,35.192315
CDS1,19.7106925
CDS2,116.58795200000002
CDSN,51.558825
CDT1,18.652395000000002
CDV3,586.3912833333333
CDX1,102.35972
CDX2,0.00935
CDX4,1.10056
CDYL,71.22502999999999
CDYL2,103.296055
CEACAM1,53.954688
CEACAM19,54.36566
CEACAM21,63.36131
CEACAM3,148.29316333333333
CEACAM4,179.81236
CEACAM5,23.64143
CEACAM6,33.80032
CEACAM7,9.02296
CEACAM8,25.04408
CEBPA,97.36992
CEBPA-AS1,97.68817
CEBPB,3101.69486
CEBPD,1375.2962499999999
CEBPE,23.87938
CEBPG,77.88131
CEBPZ,310.17572
CECR1,471.77632
CECR2,91.08963333333334
CECR5,101.485
CECR5-AS1,24.56456
CECR6,65.0742
CEL,5.414365
CELA1,34.427
CELA2A,15.82734
CELA2B,48.80251
CELA3A,42.755095
CELA3B,47.7324
CELF1,357.7652385714286
CELF2,801.7145014285715
CELF2-AS1,55.04193
CELF3,20.72374
CELF4,20.754504285714287
CELF5,18.561713333333334
CELF6,35.39407
CELP,17.05481
CELSR1,13.486933333333333
CELSR2,28.610345
CELSR3,195.760755
CEMIP,5.9407250000000005
CEMP1,28.53072
CEND1,14.82287
CENPA,46.80898
CENPB,65.04917
CENPBD1,35.46133
CENPBD1P1,99.552415
CENPC,132.68004
CENPE,5.05936
CENPF,20.721053333333334
CENPH,38.31155
CENPI,19.61596
CENPJ,24.230813333333334
CENPK,7.99405
CENPL,294.592
CENPM,24.71155
CENPN,16.0482825
CENPO,37.55333
CENPP,46.49456
CENPQ,27.99106
CENPT,14.231375
CENPU,24.04892
CENPV,10.632903333333333
CENPVP1,26.95754
CENPW,12.19973
CEP104,58.683883333333334
CEP112,44.83361333333334
CEP120,95.73311
CEP128,10.64512
CEP131,3.44712
CEP135,50.896695
CEP152,27.662563999999996
CEP162,31.277559999999998
CEP164,79.67683666666666
CEP170,150.52359666666666
CEP170B,181.35646
CEP19,375.45215499999995
CEP192,86.96979
CEP250,110.57970333333333
CEP290,37.409155
CEP350,349.3914625
CEP41,17.851335000000002
CEP44,43.889043333333326
CEP55,0.01965
CEP57,147.209036
CEP57L1,28.632695
CEP63,213.88449
CEP68,97.92473
CEP70,12.5756
CEP72,29.44238
CEP76,13.106915
CEP78,83.00708666666667
CEP83,11.005275
CEP85,23.776184999999998
CEP85L,126.576105
CEP89,19.386883333333333
CEP95,69.7435725
CEP97,32.939613333333334
CEPT1,100.63059666666668
CER1,25.3311
CERCAM,175.742995
CERK,296.77815
CERS1,27.356435
CERS2,418.16199
CERS3,86.882295
CERS4,46.79445
CERS5,309.059555
CERS6,76.8474225
CES1,59.18139
CES1P1,19.47707
CES2,107.77981666666666
CES3,60.11531
CES4A,30.25346
CES5A,7.58923
CETN1,10.33745
CETN2,192.78909
CETN3,106.68386
CETP,11.91666
CFB,34.174205
CFC1B,88.45842
CFD,1334.90444
CFDP1,86.68829999999998
CFH,5.20543
CFHR2,0.02813
CFHR3,132.61964
CFHR4,4.43018
CFHR5,19.50769
CFI,8.12558
CFL1,1398.4787975000002
CFL2,30.20891333333333
CFLAR,707.2662546153847
CFP,510.62311
CFTR,2.69805
CGA,56.23549
CGB,22.9452
CGB1,69.3665
CGGBP1,506.5952633333334
CGN,26.1554
CGNL1,60.93601
CGREF1,23.97545
CGRRF1,112.79719
CH25H,9.62392
CHAC1,53.99201
CHAC2,45.85737
CHAD,19.85786
CHADL,202.12588
CHAF1A,49.246695
CHAF1B,42.93717
CHAMP1,202.99405
CHAT,156.13548
CHCHD1,202.79416
CHCHD10,216.1537
CHCHD2,1751.37801
CHCHD3,100.708065
CHCHD4,82.82267
CHCHD5,24.6865
CHCHD6,10.83646
CHCHD7,122.352045
CHD1,386.91008
CHD1L,140.9639
CHD2,147.37143166666667
CHD3,112.30551500000001
CHD4,218.57475333333332
CHD5,19.305505
CHD6,41.8145325
CHD7,82.52866
CHD8,171.45874
CHD9,103.4774757142857
CHDC2,69.7173
CHDH,85.2408557142857
CHEK1,15.3545275
CHEK2,29.76031
CHERP,118.85407000000002
CHFR,210.80078333333336
CHGA,40.44432
CHGB,51.04973
CHI3L1,772.93939
CHI3L2,122.51073
CHIA,154.98874
CHIAP2,8.52591
CHIC1,67.29817333333334
CHIC2,373.2092
CHID1,44.10316
CHIT1,12.03942
CHKA,20.14826
CHL1,1.218705
CHM,42.82808333333333
CHML,23.4892
CHMP1A,124.28151
CHMP1B,309.35573
CHMP2A,868.79024
CHMP2B,328.10849333333334
CHMP3,670.8233333333334
CHMP4A,283.761855
CHMP4B,537.768795
CHMP4C,4.59597
CHMP5,643.2149850000001
CHMP6,27.41383
CHMP7,280.39756
CHN1,11.53466
CHN2,38.816633333333336
CHODL,55.80663
CHORDC1,150.187125
CHP1,701.14744
CHP2,20.02739
CHPF,110.43437
CHPF2,103.10689500000001
CHPT1,493.9006233333334
CHRAC1,104.27447
CHRD,68.802865
CHRDL1,20.43883
CHRDL2,28.32959
CHRM1,8.89188
CHRM2,12.00167
CHRM3,27.466528333333333
CHRM4,20.31766
CHRM5,12.25855
CHRNA1,9.51047
CHRNA10,40.81451666666667
CHRNA2,49.84283
CHRNA3,7.411513333333333
CHRNA4,60.54941
CHRNA5,122.83027
CHRNA6,41.13636
CHRNA9,30.58679
CHRNB1,18.31723
CHRNB2,99.040435
CHRNB3,39.59628
CHRNB4,16.30178
CHRND,25.91474
CHRNE,72.59804
CHRNG,36.93349
CHST1,93.4039
CHST10,54.13511
CHST11,388.48514666666665
CHST12,90.29406
CHST13,33.235075
CHST14,37.18146
CHST15,661.3014949999999
CHST2,236.09029
CHST3,59.23968
CHST4,22.85438
CHST5,425.466895
CHST6,7.10484
CHST7,63.46702
CHST8,113.36123
CHST9,9.112224999999999
CHSY1,409.20756
CHSY3,18.88316
CHTF18,25.42022
CHTF8,298.41024
CHTOP,176.6251
CHUK,146.24284
CHURC1,354.91741666666667
CHURC1-FNTB,74.20052333333332
CIAO1,94.44223
CIAPIN1,60.435293333333334
CIART,13.66279
CIB1,491.21701
CIB2,37.20540666666667
CIB3,101.782565
CIB4,58.45869
CIC,240.17623
CIDEA,7.13489
CIDEB,159.18496
CIDEC,106.38863
CIDECP,126.43946
CIITA,32.316363333333335
CILP,156.53022
CILP2,31.29068
CINP,52.74706333333334
CIPC,58.87968
CIR1,293.06844
CIRBP,218.87057800000002
CIRBP-AS1,70.78066
CIRH1A,79.41964666666667
CISD1,93.33726
CISD2,160.23079666666666
CISH,250.17984333333334
CIT,18.442745000000002
CITED1,1.03805
CITED2,129.18584666666666
CITED4,183.13712
CIZ1,78.322435
CKAP2,83.67361111111111
CKAP2L,344.09749
CKAP4,261.1045966666666
CKAP5,119.82914
CKB,22.82591
CKLF,1228.1709433333333
CKM,6.54034
CKMT1A,191.52204
CKMT2,16.50158
CKS1B,59.97118
CKS2,91.14206
CLASP1,39.832274999999996
CLASP2,34.93108833333333
CLASRP,142.7282
CLC,1243.5605
CLCA1,6.525
CLCA2,2.86744
CLCA3P,0.01069
CLCA4,4.51603
CLCC1,48.069559999999996
CLCF1,2.85002
CLCN1,64.52483
CLCN2,42.14963
CLCN3,111.8708175
CLCN4,6.816826000000001
CLCN5,16.231137999999998
CLCN6,26.99912
CLCN7,74.79029000000001
CLCNKA,3.32832
CLCNKB,28.65306
CLDN1,11.478024999999999
CLDN10,145.77062
CLDN11,12.666580000000002
CLDN12,14.29898
CLDN14,22.73589
CLDN15,95.712005
CLDN16,15.12691
CLDN17,73.92758
CLDN18,24.648052500000002
CLDN19,603.61204
CLDN2,15.00504
CLDN20,71.89353
CLDN22,52.744409999999995
CLDN23,10.736956666666666
CLDN3,4.57266
CLDN4,38.021775
CLDN5,86.86025
CLDN6,27.97952
CLDN7,37.87709
CLDN8,8.27751
CLDN9,24.38251
CLDND1,151.17586
CLDND2,31.37206
CLEC10A,22.02838
CLEC11A,27.436090000000004
CLEC12A,58.077736666666674
CLEC12B,7.099705
CLEC14A,47.77947
CLEC16A,29.82169
CLEC1A,5.9497
CLEC1B,261.61805
CLEC2B,1145.40086
CLEC2D,99.594505
CLEC3A,24.06241
CLEC3B,33.79136
CLEC4A,984.5022650000001
CLEC4C,15.41226
CLEC4D,162.028725
CLEC4E,513.531485
CLEC4F,16.29822
CLEC4G,34.40118
CLEC4GP1,38.80306
CLEC4M,18.938080000000003
CLEC5A,25.17172
CLEC7A,513.0718066666667
CLECL1,14.363824999999999
CLGN,1.43329
CLHC1,5.3163
CLIC1,2013.89794
CLIC1P1,92.31271
CLIC2,53.84874
CLIC3,71.42946
CLIC4,93.98242999999998
CLIC5,53.596866
CLIC6,26.396349999999998
CLINT1,239.28284000000005
CLIP1,86.26836999999999
CLIP2,19.54818
CLIP3,13.92005
CLIP4,90.65610000000001
CLK1,583.7297
CLK2,250.97959
CLK3,134.565235
CLK4,183.03158
CLLU1,35.995734999999996
CLMN,56.6179025
CLMP,6.62725
CLN3,113.77909
CLN5,65.57175
CLN6,20.235018333333333
CLN8,36.161766
CLNK,15.057806666666666
CLNS1A,204.93388
CLOCK,38.2921925
CLP1,141.51584
CLPB,39.926449999999996
CLPP,68.24915
CLPS,36.4712
CLPTM1,94.872075
CLPTM1L,193.98635
CLPX,186.225605
CLRN1,306.80852
CLRN3,522.16258
CLSPN,8.0829825
CLSTN1,178.83266
CLSTN2,22.569075
CLSTN3,18.68091
CLTA,322.152
CLTB,158.6119575
CLTC,358.5140666666666
CLTC-IT1,33.4888
CLTCL1,46.77872
CLU,628.4127475
CLUAP1,23.678523333333334
CLUH,40.13234
CLUHP3,24.71581
CLUL1,20.65636
CLVS1,2.91348
CLVS2,88.16447
CLYBL,16.002223333333333
CMA1,11.26558
CMAHP,31.0495525
CMAS,115.177885
CMBL,1382.9619
CMC1,148.37189
CMC2,231.87178
CMC4,78.22305333333333
CMIP,189.0006425
CMKLR1,21.11254333333333
CMPK1,538.97616
CMPK2,194.86655
CMSS1,54.31693
CMTM2,2284.57603
CMTM3,218.15680999999998
CMTM4,24.27212666666667
CMTM5,143.33616
CMTM6,1403.41249
CMTM7,298.26386
CMTM8,27.59331
CMTR1,145.27043
CMTR2,119.70095
CMYA5,33.34493
CNBD1,3.0174250000000002
CNBD2,10.52127
CNBP,1117.059645
CNDP1,0.42537
CNDP2,136.98225666666664
CNEP1R1,415.6855
CNFN,8.14948
CNGA1,6.60593
CNGA3,0.00055
CNGA4,12.78591
CNGB1,42.76349666666667
CNGB3,44.392705
CNIH1,341.67471
CNIH2,22.54226
CNIH3,30.172525
CNIH4,161.435235
CNKSR1,92.09588
CNKSR2,20.377979999999997
CNKSR3,8.118355000000001
CNN1,1.61529
CNN2,1146.22363
CNN3,5.89926
CNNM1,27.77776
CNNM2,25.8913875
CNNM3,102.82628
CNNM4,25.67833
CNOT1,266.34395
CNOT10,81.47327
CNOT11,187.48246
CNOT2,161.0876775
CNOT3,24.443816666666663
CNOT4,35.55011
CNOT6,135.67310500000002
CNOT6L,231.639742
CNOT7,440.8711925
CNOT8,319.49473
CNP,142.07246999999998
CNPPD1,571.838575
CNPY1,3.82841
CNPY2,100.39670749999999
CNPY3,264.960455
CNPY4,39.612075000000004
CNR1,18.236885
CNR2,91.63805
CNRIP1,12.36764
CNST,80.67842
CNTD1,11.86912
CNTD2,103.80595
CNTF,21.97509
CNTFR,81.45784
CNTLN,6.3166275
CNTN1,24.4732725
CNTN2,71.29235
CNTN3,2.31758
CNTN4,5.69304
CNTN5,5.5185949999999995
CNTN6,31.86925
CNTNAP1,123.51083
CNTNAP2,19.7703525
CNTNAP4,15.4300325
CNTNAP5,20.54778
CNTRL,78.16843
CNTROB,32.43619
COA1,45.205465000000004
COA3,130.542175
COA4,174.3396
COA5,159.89388000000002
COA6,168.40938
COA7,14.896059999999999
COASY,122.63456
COBL,1.76622
COBLL1,15.048924
COCH,203.10380999999998
COG1,31.224666666666664
COG2,74.362605
COG3,44.757715000000005
COG4,99.62377
COG5,125.22959666666667
COG6,28.906665
COG7,29.74418
COIL,81.26201499999999
COL10A1,87.9094
COL11A1,6.449906666666666
COL11A2,39.785745
COL12A1,32.933406000000005
COL13A1,29.12021
COL14A1,36.958263333333335
COL15A1,0.00261
COL16A1,28.9598
COL17A1,100.94756
COL18A1,156.577615
COL18A1-AS1,0.82355
COL19A1,16.83061
COL1A1,302.37419800000004
COL1A2,13.946426666666666
COL20A1,12.988095000000001
COL21A1,11.14585
COL22A1,19.37957666666667
COL23A1,19.9635
COL24A1,0.82746
COL25A1,16.343636666666665
COL26A1,42.38742
COL27A1,39.393860000000004
COL28A1,4.5712
COL2A1,14.120140000000001
COL3A1,13.22852
COL4A1,45.03968
COL4A2,11.788945
COL4A3,11.107835714285715
COL4A3BP,455.7528025
COL4A4,16.25506
COL4A5,12.158629999999999
COL4A6,7.867603333333334
COL5A1,21.36187
COL5A2,4.65579
COL5A3,15.959415
COL6A1,17.0879725
COL6A2,48.23254
COL6A3,230.60913
COL6A5,10.57402
COL6A6,2.546405
COL7A1,18.242649999999998
COL8A1,6.3439733333333335
COL8A2,15.31229
COL9A1,3.0397299999999996
COL9A2,30.660235
COL9A3,41.30314
COLCA1,671.50989
COLEC10,1.61828
COLEC11,1.76644
COLEC12,15.18304
COLGALT1,94.47175000000001
COLGALT2,14.998025
COLQ,7.40718
COMMD1,98.13053
COMMD10,51.69018333333333
COMMD2,88.80897999999999
COMMD3,320.69205
COMMD4,48.936933333333336
COMMD5,39.6607525
COMMD6,1053.83564
COMMD7,208.799825
COMMD8,508.90141
COMMD9,94.22781
COMP,1.69961
COMT,144.5856325
COMTD1,96.79396
COPA,119.2265025
COPB1,518.2049366666666
COPB2,235.265915
COPE,144.427695
COPG1,129.91191
COPRS,270.97256
COPS2,292.5797
COPS3,441.34219
COPS4,133.05869
COPS5,330.902
COPS6,166.734605
COPS7A,63.99612
COPS7B,98.7776
COPS8,84.82087666666666
COPZ1,380.466455
COPZ2,41.818645000000004
COQ10A,45.46041
COQ10B,218.312785
COQ2,54.00732
COQ3,48.56771499999999
COQ4,51.211295
COQ5,119.8253
COQ6,10.68909
COQ7,25.384780000000003
COQ9,120.916035
CORIN,33.60093666666666
CORO1A,1950.85034
CORO1B,67.96828
CORO1C,642.7952499999999
CORO2A,25.703159999999997
CORO2B,8.35649
CORO6,58.60613
CORO7,39.1768
COTL1,949.2367766666666
COX1,13221.28965
COX10,82.06738
COX11,91.28773666666666
COX14,160.2566
COX15,89.484745
COX17,161.63722
COX18,42.827495
COX19,82.40572499999999
COX2,7438.6615
COX20,206.81557999999998
COX3,5969.70887
COX4I1,1040.1528675
COX4I2,190.50604
COX5A,311.90376
COX5B,574.802285
COX6A1,799.3147449999999
COX6A2,110.82338
COX6B1,1850.38637
COX6B1P3,167.63875
COX6B2,31.54241
COX6C,1015.06207
COX7A1,4.03503
COX7A2,1455.92984
COX7A2L,591.38883
COX7A2P2,466.98488
COX7B,623.613485
COX7B2,7.33354
COX7C,1537.158566666667
COX8A,617.72533
COX8C,0.70802
CP,14.1227725
CPA1,0.00155
CPA2,27.81085
CPA3,47.71406
CPA4,113.04846
CPA5,24.54351
CPA6,2.863845
CPAMD8,22.95024
CPB1,9.10802
CPB2,70.2444
CPD,241.28994400000002
CPE,1.54893
CPEB1,29.42488
CPEB2,149.53953
CPEB3,32.9789375
CPEB4,393.88014749999996
CPED1,18.679815
CPLX1,5.98559
CPLX2,41.83567
CPLX3,46.27843
CPM,21.603281666666664
CPN1,13.33948
CPN2,6.13853
CPNE2,101.98433
CPNE3,306.46668
CPNE4,1.66016
CPNE5,73.67883
CPNE6,18.93888
CPNE7,223.32617
CPNE8,37.15313333333333
CPNE9,38.74962
CPO,5.09645
CPOX,85.48031
CPPED1,1332.6427333333334
CPQ,247.845345
CPS1,9.590425
CPS1-IT1,4.03115
CPSF1,224.67773
CPSF2,75.47561666666667
CPSF3,122.13632
CPSF3L,87.592996
CPSF4,257.85583
CPSF6,78.61854333333333
CPSF7,105.790915
CPT1A,79.4985225
CPT1C,3.58977
CPT2,48.6373
CPTP,71.48251
CPVL,576.80263
CPXCR1,4.52236
CPXM1,26.06908
CPXM2,71.15279333333334
CPZ,54.59346
CR1,255.45303833333332
CR1L,39.56279
CR2,62.96508
CRABP1,22.619765
CRABP2,22.70772
CRADD,157.45813
CRAMP1L,36.52843
CRAT,90.39719
CRB1,9.59112
CRB2,6.22814
CRB3,34.47467
CRBN,779.4555049999999
CRCP,95.98913999999999
CRCT1,15.17254
CREB1,419.44469285714285
CREB3,56.01563
CREB3L1,29.37858
CREB3L2,181.6841433333333
CREB3L3,110.40213
CREB3L4,12.59661
CREB5,199.188965
CREBBP,293.5547775
CREBL2,231.37400333333335
CREBRF,617.4255820000001
CREBZF,81.09481833333334
CREG1,1205.9681
CREG2,410.611585
CRELD1,28.17888
CRELD2,118.5309
CREM,29.776188333333334
CRH,4.5415399999999995
CRHBP,40.45387
CRHR1,15.234610000000002
CRHR1-IT1,52.2435825
CRHR2,39.63107
CRIM1,76.23958333333333
CRIP1,217.18731
CRIP2,29.5359
CRIP3,6.28719
CRIPAK,97.43172999999999
CRIPT,162.13949166666666
CRISP1,4.909050000000001
CRISP2,22.8497
CRISP3,14.92745
CRISPLD1,9.67853
CRISPLD2,387.96989499999995
CRK,318.97796
CRKL,238.920485
CRLF1,28.22685
CRLF2,20.37628
CRLF3,1730.04586
CRLS1,50.394763999999995
CRMP1,22.53491
CRNKL1,150.83813
CRNN,10.83893
CROCC,26.851365
CROCCP2,102.51249
CROCCP3,37.37613
CROT,42.11600333333333
CRP,8.946935
CRTAC1,19.59135
CRTAM,97.4957
CRTAP,153.169564
CRTC1,56.14074
CRTC2,269.46502
CRTC3,179.59115
CRX,6.7904599999999995
CRY1,144.24109
CRY2,67.71196
CRYAA,0.52677
CRYAB,5.26423
CRYBA1,2.0774
CRYBA2,1.53863
CRYBA4,13.92935
CRYBB1,18.88341
CRYBB2,7.530445
CRYBB2P1,56.073253333333334
CRYBB3,0.00144
CRYBG3,61.59874
CRYGA,8.7725
CRYGB,0.48679
CRYGC,10.00059
CRYGD,9.84567
CRYGN,16.23743
CRYGS,20.44549
CRYL1,39.71269
CRYM,61.91378
CRYZ,119.02395
CRYZL1,93.071482
CS,378.96625
CSAD,59.15627
CSDC2,12.09781
CSDE1,814.27637
CSE1L,134.6355
CSF1,149.5586475
CSF1R,332.42675
CSF2,197.550995
CSF2RA,125.13121000000001
CSF2RB,3056.4201
CSF3,0.01126
CSF3R,2143.20832
CSGALNACT1,355.49072
CSGALNACT2,386.15393666666665
CSHL1,24.142266
CSK,532.30385
CSMD1,16.478422000000002
CSMD2,12.825386666666667
CSMD3,35.27343
CSN1S1,15.80439
CSN1S2AP,60.54494
CSN2,6.95217
CSN3,7.10049
CSNK1A1,251.8804953846154
CSNK1A1P1,5.02243
CSNK1D,225.26777666666666
CSNK1E,39.727276
CSNK1G1,56.8135425
CSNK1G2,402.840785
CSNK1G2-AS1,21.37185
CSNK1G3,54.33813333333333
CSNK2A2,132.59385
CSNK2B,340.94435999999996
CSPG4,12.447894999999999
CSPG4P1Y,0.49224
CSPG4P5,23.49233
CSPG5,25.35716
CSPP1,50.466802
CSRNP1,235.9762
CSRNP2,46.97873
CSRNP3,10.901778333333333
CSRP1,190.46369
CSRP2,18.37292
CSRP3,62.60262
CST1,0.05164
CST11,15.604345
CST13P,0.00158
CST2,2.08865
CST3,350.3956033333333
CST4,48.30708
CST5,27.97011
CST6,24.69982
CST7,696.56605
CST8,21.4989
CST9,318.98793
CST9L,2.34614
CSTA,2507.3417
CSTB,486.59147
CSTF1,59.265985
CSTF2,31.19498
CSTF2T,120.13091
CSTF3,56.77192
CSTL1,2.12071
CT55,4.16111
CT83,17.47708
CTAG2,19.7158
CTAGE1,10.51386
CTAGE15,145.39161
CTAGE5,33.205047500000006
CTBP1,348.25272499999994
CTBP1-AS2,52.021765
CTBP2,602.9832516666667
CTBS,854.53846
CTC1,37.40087333333333
CTCF,399.44794
CTCFL,5.39712
CTDNEP1,472.05263
CTDP1,81.80835
CTDSP1,500.17172
CTDSP2,765.93014
CTDSPL,60.397416
CTDSPL2,55.15345000000001
CTF1,2.54408
CTGF,0.98147
CTH,12.36625
CTHRC1,7.643
CTIF,115.91719
CTLA4,21.520782
CTNNA1,219.81169599999998
CTNNA2,16.60932
CTNNA3,5.262905
CTNNAL1,131.32229
CTNNB1,307.7627733333333
CTNNBIP1,70.03457
CTNNBL1,101.45625
CTNND1,193.67102
CTNND2,16.255096666666667
CTNS,24.731606666666664
CTPS1,31.51253
CTPS2,28.029735
CTR9,388.84864
CTRB2,53.20714
CTRC,19.7268
CTRL,25.23276
CTSA,1037.90209
CTSB,876.8494000000001
CTSC,373.51436
CTSD,155.01207
CTSE,137.38091
CTSF,19.08036
CTSG,30.16931
CTSH,566.96658
CTSK,31.52369
CTSL,78.05391
CTSO,215.13785
CTSS,2954.057443333333
CTSV,27.57691
CTSW,265.68818
CTSZ,127.5814
CTTN,82.54972599999999
CTTNBP2,4.40229
CTTNBP2NL,82.58791333333333
CTU2,52.496665
CTXN1,32.39187
CTXN3,12.072865
CUBN,32.55057
CUEDC1,24.21125
CUEDC2,148.35874
CUL1,87.15442
CUL2,53.415975
CUL3,470.7403166666666
CUL4A,171.70786666666666
CUL4B,182.6024825
CUL5,163.925125
CUL7,41.119344999999996
CUL9,35.246375
CUTA,569.26509
CUTC,128.06745
CUX1,157.262334
CUX2,14.617650000000001
CUZD1,12.10194
CWC15,694.78807
CWC22,100.02978
CWC25,83.97815
CWC27,207.14276
CWF19L1,63.667993333333335
CWF19L2,67.72645
CWH43,19.243920000000003
CX3CL1,13.967155
CX3CR1,1115.7084399999999
CXADR,7.5875025
CXCL1,141.02974
CXCL10,25.93334
CXCL11,2.96519
CXCL12,29.503315
CXCL13,5.80274
CXCL14,2.754026666666667
CXCL16,273.90522
CXCL17,30.48777
CXCL2,20.47139
CXCL3,0.63423
CXCL5,99.9929
CXCL6,23.28292
CXCL8,408.84657999999996
CXCL9,22.25441
CXCR1,901.3165
CXCR2,4357.48909
CXCR3,51.87328
CXCR4,1514.2453733333332
CXCR5,36.835955
CXCR6,28.244235
CXXC1,437.61199500000004
CXXC1P1,11.17395
CXXC4,23.801485
CXXC5,357.55357000000004
CXorf21,559.35578
CXorf22,4.86353
CXorf23,34.19109
CXorf24,20.91993
CXorf36,19.447265
CXorf38,188.819155
CXorf40A,183.79721333333336
CXorf40B,304.2993
CXorf56,19.256675
CXorf57,8.87712
CXorf58,6.65299
CXorf65,17.24375
CXorf67,2.94517
CYB561,130.453034
CYB561A3,401.14224
CYB561D1,263.52326
CYB561D2,77.28885
CYB5A,56.6159975
CYB5B,46.0726625
CYB5D1,30.471365
CYB5D2,23.45584
CYB5R1,115.88782499999999
CYB5R2,28.26784
CYB5R3,491.155855
CYB5R4,400.445185
CYB5RL,8.175795
CYBA,790.853295
CYBB,153.08686
CYBRD1,219.808875
CYC1,145.66559
CYCS,273.9809633333333
CYFIP1,190.55127
CYFIP2,597.95813
CYGB,32.79394333333334
CYHR1,30.3791625
CYLC1,55.97520666666666
CYLC2,15.01022
CYLD,202.86908285714284
CYP11A1,10.20035
CYP11B1,72.40701
CYP11B2,14.50888
CYP17A1,7.887384999999999
CYP19A1,111.93173571428572
CYP1A1,19.87688
CYP1A2,129.19538
CYP1B1,178.622085
CYP1B1-AS1,8.212685
CYP20A1,55.93784
CYP24A1,5.44438
CYP26A1,28.82922
CYP26B1,21.705894999999998
CYP27A1,299.75381
CYP27B1,26.67012
CYP27C1,6.48193
CYP2A13,38.41192
CYP2A6,140.7328725
CYP2A7P1,22.546300000000002
CYP2B6,52.140390000000004
CYP2B7P,16.79604
CYP2C18,4.8955649999999995
CYP2C19,13.97163
CYP2C8,1.6936799999999999
CYP2C9,89.20353
CYP2E1,22.431196666666665
CYP2F1,15.00969
CYP2J2,22.15842
CYP2R1,27.159940000000002
CYP2S1,23.9202
CYP2U1,22.2152175
CYP2W1,0.08366
CYP39A1,20.74927333333333
CYP3A4,251.449184
CYP3A43,179.8431375
CYP3A5,9.61299
CYP3A7,32.75535
CYP46A1,15.38687
CYP4A11,38.941756
CYP4B1,96.163855
CYP4F11,0.00145
CYP4F12,20.07101
CYP4F2,88.393185
CYP4F22,6.14161
CYP4F3,997.35804
CYP4F30P,2.91405
CYP4F8,11.71874
CYP4V2,43.7211025
CYP4X1,4.2489
CYP4Z1,4.28061
CYP4Z2P,4.81426
CYP51A1,41.508520000000004
CYP7A1,0.00687
CYP7B1,4.93444
CYP8B1,20.19475
CYR61,101.81039
CYS1,2.7872
CYSLTR1,220.41657666666666
CYSLTR2,69.59714
CYSRT1,81.33201
CYSTM1,812.72461
CYTH1,279.90119
CYTH2,107.01640000000002
CYTH3,18.1965925
CYTH4,235.91942333333336
CYTIP,2087.81906
CYTL1,13.06181
CYYR1,37.904810000000005
D2HGDH,17.59309
DAAM1,46.631104
DAAM2,49.30243
DAB1,90.28224333333333
DAB2,136.74178857142857
DAB2IP,30.910709999999998
DACH1,25.14945
DACH2,22.51345
DACT1,17.57166
DACT2,45.05268
DACT3,45.059779999999996
DAD1,849.93696
DAG1,46.54813
DAGLA,42.55629
DAGLB,35.7485225
DAK,22.760225
DALRD3,85.52262
DAND5,246.9686
DAO,19.24727
DAOA,21.09685
DAOA-AS1,5.09389
DAP,317.92028
DAP3,365.79539
DAPK1,117.092135
DAPK2,88.163325
DAPK3,17.89891
DAPL1,0.01566
DAPP1,621.78327
DARS,365.16785
DARS2,202.54641
DAW1,14.70276
DAXX,139.951905
DAZAP1,248.15531
DAZAP2,1775.748128
DAZL,5.94165
DBF4,75.87532
DBF4B,19.41773
DBH,20.183355
DBI,691.95113
DBIL5P,6.5449
DBIL5P2,1.84688
DBN1,34.150935000000004
DBNDD1,8.9893
DBNDD2,71.71195
DBNL,127.22833
DBP,47.05536
DBR1,68.981465
DBT,391.29205333333334
DCAF10,114.30613
DCAF11,180.786245
DCAF12,4267.98139
DCAF12L1,54.22726
DCAF12L2,2.9885
DCAF13,95.8106425
DCAF15,43.5903475
DCAF16,57.59411
DCAF17,18.58128
DCAF4,74.089125
DCAF4L1,12.53572
DCAF4L2,0.643
DCAF5,117.24585200000001
DCAF6,249.65179666666666
DCAF7,122.4122042857143
DCAF8,61.55796999999999
DCAF8L2,23.6171
DCAKD,30.209693333333334
DCBLD1,98.71714499999999
DCBLD2,6.5379499999999995
DCC,28.627413333333333
DCD,0.56896
DCDC1,1.67365
DCDC2,7.47901
DCHS1,46.38271
DCHS2,9.490175
DCK,573.5687
DCLK1,32.069587500000004
DCLK2,26.40942
DCLK3,1.40977
DCLRE1A,67.69699
DCLRE1B,35.35414
DCLRE1C,202.644756
DCN,27.706125714285715
DCP1A,105.210465
DCP1B,59.97292
DCP2,397.30650499999996
DCPS,57.69686
DCST1,4.17495
DCST2,6.17782
DCSTAMP,17.16504
DCT,10.556072499999999
DCTD,110.79228999999998
DCTN1,141.63571
DCTN2,151.85779333333332
DCTN3,357.84296
DCTN4,155.6435
DCTN5,45.827868
DCTN6,144.34776
DCTPP1,114.56605
DCUN1D1,222.53623000000002
DCUN1D2,23.6544
DCUN1D3,120.02269
DCUN1D4,37.60196666666667
DCUN1D5,46.635
DCX,30.358710000000002
DCXR,198.79017
DDA1,57.04762333333334
DDAH1,18.7408075
DDAH2,290.03826000000004
DDB1,301.03909
DDB2,30.51621
DDC,344.970425
DDC-AS1,90.66666
DDHD1,48.282328
DDHD2,116.08856
DDI1,6.00793
DDIAS,26.16434
DDIT3,137.88926
DDIT4,268.87051
DDIT4L,14.83439
DDN,118.1156
DDO,17.995755000000003
DDOST,405.682915
DDR1,74.5379275
DDR2,16.88983
DDRGK1,355.21263
DDT,68.06008
DDX1,231.92452
DDX10,37.19821
DDX11,70.58202800000001
DDX11L2,572.27696
DDX17,941.0984119999999
DDX18,230.89135499999998
DDX19A,73.780715
DDX19B,5.80476
DDX20,76.45776000000001
DDX21,398.94941
DDX23,167.06628999999998
DDX24,380.35074999999995
DDX25,5.51545
DDX26B,115.27148
DDX27,120.72306666666668
DDX28,28.25401
DDX31,21.762226666666667
DDX39A,208.1177
DDX3X,433.57468500000004
DDX3Y,119.72827749999999
DDX4,86.0588
DDX41,101.3101
DDX42,81.62161666666667
DDX43,2.08243
DDX46,202.20640500000002
DDX49,75.91511666666666
DDX5,1835.5706300000002
DDX50,96.09465666666667
DDX51,59.805883333333334
DDX52,31.384149999999998
DDX53,6.40237
DDX54,26.012330000000002
DDX55,37.53523
DDX56,71.160535
DDX58,176.54121666666666
DDX59,582.0250533333333
DDX6,316.16284333333334
DDX60,224.09525
DDX60L,212.135585
DEAF1,20.07222
DEC1,7.67485
DECR1,543.79224
DECR2,40.52781
DEDD,171.15535666666668
DEDD2,781.18533
DEF6,274.791535
DEF8,541.0242099999999
DEFA4,45.8038
DEFA5,11.08932
DEFA6,14.5183
DEFB1,15.41952
DEFB103A,20.29465
DEFB107A,0.00093
DEFB108B,1.00086
DEFB114,1.02865
DEFB118,34.94351
DEFB119,24.500205
DEFB121,0.0064
DEFB123,12.47764
DEFB124,65.61247
DEFB125,1.72289
DEFB126,71.18858999999999
DEFB127,7.70096
DEFB129,2.33104
DEFB132,6.69332
DEFT1P,367.34358
DEGS1,496.076285
DEGS2,64.26749
DEK,1294.42453
DENND1A,65.482805
DENND1B,61.478078333333336
DENND1C,230.30813
DENND2A,13.676596666666667
DENND2C,34.9023
DENND2D,316.77845
DENND3,224.6491
DENND4A,92.07083
DENND4B,497.04632
DENND4C,136.82738
DENND5A,934.80977
DENND5B,22.660654
DENND6A,348.21727
DENND6B,33.09458
DENR,232.491872
DEPDC1,7.36543
DEPDC1B,37.16803
DEPDC4,20.963185
DEPDC5,26.66734
DEPDC7,17.49931
DEPTOR,7.460155
DERA,126.03269
DERL1,196.6408575
DERL2,129.6587
DERL3,22.48864
DES,50.28057999999999
DESI1,92.515855
DESI2,129.509206
DET1,39.831450000000004
DEXI,78.92073
DFFA,97.01806333333333
DFFB,20.94771
DFNA5,36.6601
DFNB31,20.10549
DGAT1,91.37062
DGAT2,315.66939
DGCR11,13.24243
DGCR14,59.95115833333333
DGCR2,330.75387
DGCR5,19.637539999999998
DGCR6,82.997
DGCR6L,26.49336
DGCR8,38.202765
DGKA,304.48643500000003
DGKB,2.273885
DGKD,487.76962
DGKE,21.69564
DGKG,18.002675
DGKH,8.3664
DGKI,1.346395
DGKK,46.74737
DGKQ,40.765805
DGKZ,230.643715
DGUOK,126.34910666666667
DHCR24,18.34055
DHCR7,33.374520000000004
DHDDS,79.912245
DHDH,30.35728
DHFR,63.551410000000004
DHFRL1,76.62663500000001
DHH,14.38012
DHODH,33.831846666666664
DHPS,121.76141666666666
DHRS1,86.05541
DHRS11,10.67073
DHRS12,45.56197
DHRS13,163.07387
DHRS2,50.070055
DHRS3,93.67217
DHRS4-AS1,39.252224999999996
DHRS7,367.6012333333333
DHRS7B,40.81322
DHRS7C,16.44464
DHRS9,255.39038333333335
DHTKD1,108.977475
DHX15,630.836375
DHX16,67.55602
DHX29,155.52352
DHX30,60.56964166666666
DHX32,137.26872
DHX33,101.55134000000001
DHX34,51.260753333333334
DHX35,20.768846666666665
DHX36,341.5828925
DHX37,30.27792
DHX38,52.58621
DHX40,232.18038
DHX57,17.887259999999998
DHX58,11.73725
DHX8,53.10637
DHX9,274.41639333333336
DIABLO,229.70355
DIAPH1,284.4100525
DIAPH2,38.38637
DIAPH2-AS1,6.18547
DIAPH3,12.705216666666667
DICER1,576.6089966666667
DICER1-AS1,10.768464999999999
DIDO1,76.0033475
DIEXF,40.923135
DIMT1,223.65771999999998
DIO1,29.50584
DIO2,44.45077
DIO3,20.33353
DIP2A,133.91021
DIP2B,117.41421666666666
DIP2C,32.733176666666665
DIRAS1,7.099285
DIRAS2,5.90877
DIRAS3,11.68998
DIRC1,1.35755
DIRC2,178.78604
DIS3,68.04738
DIS3L,81.94843
DIS3L2,64.035685
DISC1,14.000201999999998
DISP1,9.37691
DISP2,36.29112
DIXDC1,29.34094
DKC1,118.13377666666668
DKFZP434F142,10.02383
DKFZP434I0714,26.13169
DKFZP434K028,39.6899
DKFZP434L187,4.4497
DKFZp434E1119,6.07499
DKFZp779M0652,7.99797
DKK1,10.43719
DKK2,10.792135
DKK3,4.933626
DKK4,7.05369
DKKL1,25.6089
DLAT,48.593763333333335
DLC1,24.37668
DLD,246.14016
DLEC1,10.774679999999998
DLEU1,76.4481
DLEU2L,23.10099
DLEU7,2.12282
DLG1,52.075781428571425
DLG2,5.772530000000001
DLG3,78.47697000000001
DLG4,8.91331
DLG5,37.88725
DLG5-AS1,24.70636
DLGAP1,22.217594
DLGAP1-AS1,39.299255
DLGAP2,106.93579
DLGAP3,14.36858
DLGAP4,63.995706
DLGAP5,0.02255
DLK1,20.109385
DLK2,163.68681
DLL1,19.42765
DLL3,18.73169
DLL4,67.91419
DLST,49.37772
DLX1,14.795275
DLX2,34.419905
DLX3,17.81445
DLX4,23.11541
DLX5,5.36057
DLX6,5.5425933333333335
DMAP1,30.14402
DMBT1,1358.92992
DMBX1,5.13931
DMC1,230.356435
DMD,128.7787475
DMGDH,7.931369999999999
DMKN,61.04285
DMP1,3.25486
DMPK,58.002475000000004
DMRT1,8.45369
DMRT2,21.83757
DMRT3,14.979045
DMRTA1,0.00244
DMRTA2,152.51448
DMRTB1,0.00446
DMRTC2,0.0016
DMTF1,232.06032
DMTN,2641.0914
DMWD,170.0639633333333
DMXL1,106.350005
DMXL2,213.59204499999998
DNA2,7.24258
DNAAF1,25.62079
DNAAF2,24.27597
DNAAF3,78.51954
DNAH1,26.37853076923077
DNAH10,29.109636666666663
DNAH11,10.205443333333333
DNAH12,22.68813
DNAH14,7.0138875
DNAH17,21.203315
DNAH2,22.085715
DNAH3,187.976728
DNAH5,11.93448
DNAH6,22.65707625
DNAH7,53.98063666666667
DNAH8,9.08543
DNAH9,21.040016666666666
DNAI1,108.0923
DNAI2,21.956915000000002
DNAJA1,863.20474
DNAJA2,241.03561
DNAJA3,152.021985
DNAJA4,198.2249775
DNAJB1,217.525215
DNAJB11,165.32387
DNAJB12,73.4171975
DNAJB13,176.23346
DNAJB14,344.40183666666667
DNAJB2,240.09063
DNAJB4,36.30399
DNAJB5,23.398645
DNAJB6,276.09020333333336
DNAJB7,0.00211
DNAJB8,35.09262
DNAJB9,114.67962
DNAJC1,398.70965666666666
DNAJC10,88.769426
DNAJC11,108.698775
DNAJC12,4.846806666666667
DNAJC13,169.02175333333335
DNAJC14,58.99828
DNAJC15,82.51921333333333
DNAJC16,59.31717666666666
DNAJC17,16.13817
DNAJC18,17.975196666666665
DNAJC19,115.00937
DNAJC2,96.323945
DNAJC21,54.12453571428572
DNAJC22,27.542703333333336
DNAJC24,64.644255
DNAJC27,17.2700275
DNAJC28,68.44248
DNAJC3,282.37111500000003
DNAJC30,30.670379999999998
DNAJC4,57.820921999999996
DNAJC5,111.11238666666667
DNAJC5B,115.155335
DNAJC5G,9.553
DNAJC6,59.595885
DNAJC7,97.793775
DNAJC8,132.49190666666667
DNAJC9,70.17117333333334
DNAL1,26.38405333333333
DNAL4,10.75892
DNALI1,1.163815
DNASE1,39.58633
DNASE1L1,126.36459
DNASE1L2,53.84824
DNASE1L3,192.49221
DNASE2,445.946815
DNASE2B,3.49215
DND1,117.013235
DNER,31.73437
DNHD1,29.233472500000005
DNM1,11.11407
DNM1L,100.89595666666666
DNM1P35,15.80695
DNM1P46,37.66112
DNM2,69.28983666666666
DNM3,56.567696666666656
DNMBP,31.254295000000003
DNMT1,454.45509
DNMT3A,92.51736666666666
DNMT3B,23.23885
DNMT3L,63.36319
DNPEP,205.53929666666667
DNPH1,33.560763333333334
DNTT,8.293543333333334
DNTTIP1,217.50377
DNTTIP2,472.40353
DOC2A,11.6982
DOC2B,47.4418
DOCK1,15.071504
DOCK10,129.86824000000001
DOCK11,560.060495
DOCK2,255.62677
DOCK3,26.29696
DOCK4,15.615496666666667
DOCK5,326.84619250000003
DOCK6,38.285520000000005
DOCK7,8.000605
DOCK8,637.7720125000001
DOCK9,71.563608
DOHH,21.393365
DOK1,106.90518
DOK2,159.82119
DOK3,877.6729250000001
DOK4,52.68682666666667
DOK5,56.470555000000004
DOK6,10.197989999999999
DOK7,117.27853
DOLK,14.45316
DOLPP1,64.2565
DONSON,42.52413
DOPEY1,39.2382825
DOPEY2,28.2649
DOT1L,279.89186666666666
DPAGT1,59.25267
DPCD,129.639205
DPCR1,13.753625
DPEP1,9.32299
DPEP2,474.25558
DPEP3,38.40629
DPF1,50.53175
DPF2,360.21756
DPF3,9.304350000000001
DPH2,23.33063
DPH3,201.66755
DPH3P1,18.9592
DPH5,138.783648
DPH6,13.415700000000001
DPH7,26.27645
DPM1,549.83188
DPM2,760.9899
DPM3,53.07502
DPP10,10.60853
DPP3,64.784825
DPP4,46.96729666666667
DPP6,16.892783333333334
DPP7,41.49036666666667
DPP8,287.57420666666667
DPP9,101.19843666666667
DPPA2,19.06578
DPPA3,1.88118
DPPA4,14.56809
DPPA5,2.67812
DPT,17.98799
DPY19L1,18.95549
DPY19L2,4.297625
DPY19L2P2,21.06012
DPY19L2P4,13.69337
DPY19L3,73.11741
DPY19L4,19.315136666666664
DPY30,248.79676666666668
DPYD,307.66114
DPYS,7.91945
DPYSL2,369.25005
DPYSL3,11.815473333333335
DPYSL4,19.88606
DPYSL5,195.93911
DQX1,15.65256
DR1,180.1607375
DRAM1,145.48276
DRAM2,278.24821000000003
DRAP1,202.76883
DRAXIN,32.25087
DRC1,71.67465
DRD1,3.19683
DRD2,140.2554625
DRD3,34.255385
DRD4,0.00172
DRD5,75.02628
DRG1,329.79214
DRG2,32.46718
DRICH1,7.63912
DROSHA,98.95465
DRP2,44.60855333333333
DSC1,2.22459
DSC2,38.9382425
DSC3,18.573626666666666
DSCAM,50.58974666666666
DSCAML1,10.462945
DSCC1,2.97201
DSCR10,28.47835
DSCR3,115.287745
DSCR4,10.08151
DSCR8,502.30162
DSCR9,16.93067
DSE,77.71094666666667
DSEL,318.04273666666666
DSERG1,67.22347
DSG1,0.58627
DSG2,2.3851999999999998
DSG3,44.567505000000004
DSG4,12.69038
DSN1,34.3027
DSP,0.1501
DSPP,50.14797
DST,107.90616400000002
DSTN,190.75698666666668
DSTNP2,110.06576
DSTYK,64.6720625
DTD1,143.385015
DTD2,37.166195
DTHD1,1.61034
DTL,10.151115
DTNA,23.03246
DTNB,5.22955
DTNBP1,69.21005666666667
DTWD1,27.00296833333333
DTWD2,19.29394
DTX1,40.88489
DTX2,18.5839
DTX2P1-UPK3BP1-PMS2P11,105.882695
DTX3,29.895164
DTX3L,884.13423
DTX4,160.00773
DTYMK,32.568908
DUOX1,79.32993333333333
DUOX2,40.6477
DUOXA1,97.00291
DUOXA2,36.74666
DUS1L,252.05621
DUS2,214.24231
DUS3L,10.535405
DUS4L,14.211525
DUSP1,1082.0942400000001
DUSP10,34.22658
DUSP11,264.14133
DUSP12,117.6798
DUSP13,18.60891
DUSP14,35.50871
DUSP15,50.71078
DUSP16,63.3619775
DUSP18,57.50458
DUSP19,9.4439
DUSP2,44.13453
DUSP21,26.18372
DUSP22,251.19584
DUSP23,74.16063
DUSP26,15.75619
DUSP27,14.63006
DUSP28,94.70321
DUSP3,79.84797
DUSP4,4.816583333333333
DUSP5,32.28791
DUSP5P1,9.11921
DUSP6,987.7027133333335
DUSP7,102.715665
DUSP8,49.464380000000006
DUSP9,103.10625
DUT,589.17741
DUTP1,21.02809
DVL1,45.58356
DVL2,29.37946
DVL3,62.605425
DXO,31.59513
DYDC1,0.00247
DYDC2,4.09274
DYM,65.89424000000001
DYNC1H1,123.20738000000001
DYNC1I1,62.670919999999995
DYNC1I2,145.27529
DYNC1LI1,290.997945
DYNC1LI2,203.2193075
DYNC2H1,13.059109999999999
DYNC2LI1,17.8749075
DYNLL1,1668.20466
DYNLL2,231.98704333333333
DYNLRB1,394.69029
DYNLRB2,15.85359
DYNLT1,1942.77781
DYNLT3,333.04559
DYRK1A,204.948466
DYRK1B,49.494215
DYRK2,259.338225
DYRK3,12.355464999999999
DYRK4,75.9707
DYSF,882.07513
DYX1C1,11.206430000000001
DZANK1,5.423035
DZIP1,30.627924999999998
DZIP1L,11.04682
DZIP3,42.67432666666667
E2F1,59.334895
E2F2,194.41889
E2F3,326.489975
E2F4,237.01939
E2F5,40.32217
E2F6,29.34108
E2F7,6.05407
E2F8,4.25977
E4F1,54.74462
EAF1,84.74541
EAF2,29.023799999999998
EAPP,417.00408
EARS2,50.532905
EBAG9,210.492785
EBF1,35.6994675
EBF2,21.299023333333334
EBF3,13.777283333333335
EBF4,107.22173
EBI3,4.53272
EBLN2,46.1266
EBNA1BP2,165.71139
EBP,70.9793325
EBPL,154.29877
ECD,41.45216
ECE1,183.755495
ECE2,46.36367333333334
ECEL1,26.76283
ECH1,275.93481
ECHDC1,270.8947425
ECHDC2,52.955510000000004
ECHDC3,104.33525
ECHS1,266.46584
ECI1,51.27765
ECI2,100.43517
ECM1,54.86527
ECM2,22.666774999999998
ECRP,39.54297
ECSIT,59.28864
ECT2,13.447433333333334
EDA,217.96827499999998
EDA2R,16.89218
EDAR,75.7972
EDARADD,19.91643
EDC3,34.533770000000004
EDC4,95.44824
EDDM3A,4.584036666666667
EDDM3B,0.00137
EDEM1,350.66302
EDEM2,89.70796
EDEM3,305.95179333333334
EDF1,469.927365
EDIL3,26.97214
EDN1,57.027563333333326
EDN2,20.63969
EDN3,11.3646
EDNRA,34.923413333333336
EDNRB,16.700856666666667
EDRF1,95.43184666666667
EEA1,70.74464666666667
EED,143.94481
EEF1A1,5921.8680349999995
EEF1A2,63.78769
EEF1B2,2556.74092
EEF1D,1016.4394225
EEF1E1,52.784715
EEF1G,3297.7818433333337
EEF2,3721.881695
EEF2K,54.22145999999999
EEFSEC,51.00508
EEPD1,114.806585
EFCAB1,12.092153333333334
EFCAB11,318.16008
EFCAB12,17.07245
EFCAB13,18.5979
EFCAB14,224.27018857142858
EFCAB2,27.3436475
EFCAB3,9.22571
EFCAB4A,637.82922
EFCAB4B,56.14717000000001
EFCAB5,2.95465
EFCAB6,15.419532857142856
EFCAB7,27.34524
EFCC1,5.5747
EFEMP1,3.8788033333333334
EFEMP2,81.99109
EFHB,151.636965
EFHC1,63.789359999999995
EFHC2,52.71497
EFHD1,5.78054
EFHD2,594.349735
EFNA1,20.15296
EFNA2,9.178456666666667
EFNA3,13.55043
EFNA4,43.05014
EFNA5,31.870070000000002
EFNB1,92.81823
EFNB2,22.281925
EFNB3,27.58687
EFR3A,256.79884
EFR3B,29.53583
EFS,42.837785
EFTUD1,63.50121
EFTUD2,203.24974999999998
EGF,33.70685
EGFL6,16.34314
EGFL7,27.28719
EGFLAM,48.0672
EGFR,28.298626666666664
EGLN1,518.2472375
EGLN2,120.18476666666668
EGLN3,28.663475
EGR1,58.59930333333333
EGR2,5.87111
EGR3,18.82244
EGR4,26.42359666666667
EHBP1,24.203395
EHBP1L1,89.2321575
EHD1,203.414038
EHD2,33.590309999999995
EHD3,78.23305666666667
EHD4,96.7302
EHF,65.16825333333334
EHHADH,6.09091
EHMT1,40.02835666666666
EHMT1-IT1,17.49398
EHMT2,67.85932666666666
EI24,74.33274
EID1,394.7711
EID2,127.73608
EID2B,25.94738
EID3,24.60648
EIF1,2098.1388985714284
EIF1AD,244.51036
EIF1AX,307.47888
EIF1AY,648.4643550000001
EIF1B,1288.78523
EIF2A,812.03456
EIF2AK1,1343.619085
EIF2AK2,250.9467566666667
EIF2AK3,90.251495
EIF2AK4,39.669865
EIF2B1,261.04435
EIF2B2,143.63847
EIF2B3,26.90876
EIF2B4,105.18843000000001
EIF2B5,37.055305
EIF2D,193.77953
EIF2S1,184.74758
EIF2S2,337.242625
EIF2S3,489.73927000000003
EIF3A,468.98690000000005
EIF3B,195.998975
EIF3C,569.744425
EIF3D,1279.52139
EIF3E,841.31226
EIF3F,624.3226033333333
EIF3G,567.74319
EIF3H,1017.856235
EIF3I,453.59314
EIF3J,164.78243500000002
EIF3J-AS1,58.71023
EIF3K,829.407695
EIF3L,1745.36813
EIF3M,405.849036
EIF4A1,901.4030133333334
EIF4A2,1035.93852
EIF4A3,493.56858
EIF4B,767.9990666666666
EIF4E,98.43527200000001
EIF4E2,161.34449
EIF4E3,247.91425999999998
EIF4EBP1,42.42502
EIF4EBP2,230.57563399999998
EIF4ENIF1,45.50922
EIF4G1,109.481425
EIF4G2,1009.6933933333333
EIF4G3,60.22843
EIF4H,554.20166
EIF5,396.9779566666666
EIF5A2,18.61462
EIF5B,129.96386
EIF6,254.53231
ELAC1,23.935665
ELAC2,45.8449
ELANE,15.36158
ELAVL1,115.81738750000001
ELAVL2,3.836185
ELAVL3,21.944280000000003
ELAVL4,26.5184
ELF1,744.992015
ELF2,121.07908666666667
ELF3,40.50791
ELF4,410.07778
ELF5,12.09427
ELFN1,22.06958
ELFN2,41.5734775
ELK1,81.06397333333334
ELK3,238.21878999999998
ELK4,91.42681166666667
ELL,25.171006666666667
ELL2,64.1659125
ELL3,62.80849
ELMO1,146.27096
ELMO2,120.96624
ELMO3,20.06341
ELMOD1,8.381645
ELMOD2,51.742855000000006
ELMOD3,4.99855
ELMSAN1,59.224215
ELN,138.90263499999998
ELOF1,650.05543
ELOVL1,133.3159
ELOVL2,16.844975
ELOVL2-AS1,15.08745
ELOVL3,19.49185
ELOVL4,12.59343
ELOVL5,677.2803100000001
ELOVL6,26.20534333333333
ELOVL7,211.51782
ELP2,71.123002
ELP3,92.21102
ELP4,61.01911
ELP5,40.2899
ELP6,67.582095
ELSPBP1,82.86273
ELTD1,6.48793
EMB,413.90722000000005
EMC1,91.14078599999999
EMC10,45.003125
EMC2,141.44985
EMC3,860.02678
EMC3-AS1,38.78709
EMC4,320.168545
EMC6,380.22273
EMC7,259.31584
EMC8,133.80989
EMC9,409.55189
EMCN,5.412489999999999
EMD,132.63766
EME1,57.441275000000005
EME2,74.13015333333334
EMG1,137.3302
EMID1,308.558825
EMILIN1,4.4898
EMILIN2,101.05176666666667
EMILIN3,46.49049
EML1,0.25873999999999997
EML2,35.741605
EML3,142.74498666666668
EML4,139.82435999999998
EML5,9.6434
EML6,15.894655
EMP1,28.452150000000003
EMP2,7.4182725
EMP3,994.67922
EMR1,190.87258
EMR2,305.909125
EMR3,471.76446
EMX1,5.89371
EMX2,15.77075
EN1,4.49402
EN2,8.51152
ENAH,38.1104
ENAM,24.06072
ENC1,44.493835000000004
ENDOD1,202.224775
ENDOG,15.87038
ENDOU,0.0052
ENDOV,56.7793725
ENG,20.954165
ENGASE,167.458775
ENHO,20.76694
ENKD1,12.09665
ENKUR,30.38683
ENO1,426.909695
ENO2,49.68846
ENO3,20.12417
ENOPH1,211.58333
ENOSF1,53.36491
ENOX1,27.16293
ENOX2,32.8167525
ENPEP,14.496425
ENPP1,11.0148925
ENPP2,5.58611
ENPP3,22.29168
ENPP4,57.533285
ENPP5,9.693810000000001
ENPP6,5.71878
ENPP7,33.00765
ENSA,148.396676
ENTHD1,2.14884
ENTHD2,39.7154175
ENTPD1,162.2654075
ENTPD2,9.738695
ENTPD3,6.085215
ENTPD4,200.65238666666667
ENTPD5,28.296616666666665
ENTPD6,29.696415000000002
ENTPD7,24.609115
ENY2,124.22942666666667
EOGT,27.50442
EOMES,198.71019
EP300,320.85896
EP400,30.6921125
EP400NL,18.67146
EPAS1,27.26612
EPB41,705.058865
EPB41L1,6.168523333333333
EPB41L2,19.801
EPB41L3,36.502446666666664
EPB41L4A,5.130895
EPB41L4A-AS1,148.55773
EPB41L4A-AS2,8.29672
EPB41L4B,64.67968499999999
EPB41L5,15.8880975
EPB42,1913.35296
EPC1,346.3957125
EPC2,219.19494
EPCAM,37.6429
EPDR1,13.52382
EPG5,42.500057142857145
EPHA1,32.045233333333336
EPHA10,25.227130000000002
EPHA2,5.38513
EPHA3,17.612333333333336
EPHA4,29.654414000000003
EPHA5,4.18246
EPHA6,7.7878799999999995
EPHA7,77.4233
EPHA8,176.70879000000002
EPHB1,18.211003333333334
EPHB2,51.018632499999995
EPHB3,92.67543
EPHB4,44.473825000000005
EPHB6,37.20137
EPHX1,24.1288
EPHX2,60.08228
EPHX3,81.25633
EPHX4,7.42786
EPM2A,40.35608333333333
EPM2AIP1,208.95442666666668
EPN1,100.90028
EPN2,39.854083333333335
EPN3,8.87302
EPO,11.995655
EPOR,113.13513499999999
EPPIN,1.1655550000000001
EPRS,173.8434633333333
EPS15,413.170025
EPS15L1,74.70285833333334
EPS15P1,3.02339
EPS8,11.91034
EPS8L1,57.55942
EPS8L2,18.778303333333334
EPS8L3,23.78861
EPSTI1,122.373265
EPT1,20.159203333333334
EPX,15.58114
EPYC,1.7843
EQTN,4.511273333333333
ERAL1,70.67851
ERAP1,93.111492
ERAP2,163.06264
ERBB2,21.172573333333332
ERBB2IP,539.50021
ERBB3,25.730266
ERBB4,25.21398
ERC1,64.58157666666666
ERC2,17.46348
ERC2-IT1,34.0418
ERCC1,69.01529333333333
ERCC2,68.85116
ERCC3,38.79777
ERCC4,19.124965
ERCC5,233.84564
ERCC6,35.514230000000005
ERCC6L,7.13313
ERCC6L2,31.290830000000003
ERCC8,20.684070000000002
EREG,12.22164
ERF,35.106044999999995
ERG,16.0435725
ERGIC1,453.6432
ERGIC2,218.00108
ERGIC3,104.7727
ERH,1073.0978
ERI1,32.195715
ERI2,24.750763333333335
ERI3,20.09166
ERICH1,70.767327
ERICH3,6.08916
ERICH5,4.26848
ERICH6,15.75514
ERLEC1,104.5905
ERLIN1,71.30599000000001
ERLIN2,39.633113333333334
ERMAP,53.79171
ERMARD,65.2628
ERMN,1.70829
ERMP1,279.13316499999996
ERN1,177.84873333333334
ERN2,302.02495
ERO1L,89.91858666666667
ERO1LB,33.842655
ERP27,104.21473
ERP29,654.28631
ERP44,255.19609
ERRFI1,61.83811
ERV3-1,37.33622
ERVFRD-1,23.95853
ERVH-4,15.04782
ERVH-6,50.06535
ERVK13-1,19.346726666666665
ERVK3-2,0.01663
ERVMER34-1,35.65379
ERVMER61-1,0.0014
ERVW-1,22.740135000000002
ESAM,76.14895
ESCO1,143.22369333333333
ESCO2,14.0401575
ESD,404.76036750000003
ESF1,94.30986
ESM1,9.01512
ESPL1,82.84877
ESPN,13.67019
ESPNL,56.025864999999996
ESR1,20.057875555555555
ESR2,11.797636666666667
ESRP1,19.167795
ESRP2,16.28418
ESRRA,95.794395
ESRRB,26.188283333333334
ESRRG,26.806759999999997
ESX1,49.15136
ESYT1,318.50111
ESYT2,119.85890200000001
ESYT3,156.99291666666667
ETAA1,33.83844
ETF1,240.501085
ETFA,367.77312
ETFB,106.06692
ETFDH,15.926195
ETHE1,138.62516
ETNK1,89.946865
ETNK2,30.03774
ETNPPL,44.5381
ETS1,1579.7317199999998
ETS2,76.65201
ETV1,94.424976
ETV2,17.74292
ETV3,141.93422333333334
ETV4,92.143675
ETV5,16.510132
ETV6,129.1269825
ETV7,14.716935
EVA1A,2.80653
EVA1B,63.86362
EVA1C,39.70266
EVC,28.227343333333334
EVC2,9.545205000000001
EVI2A,3100.75501
EVI2B,3744.40518
EVI5,34.57751
EVI5L,42.4471475
EVL,488.519125
EVPL,29.03023
EVX1,100.084765
EWSR1,333.45653999999996
EXD1,1.66201
EXD2,86.82034
EXD3,171.47778333333335
EXO1,90.77065
EXO5,31.65242
EXOC1,357.28599
EXOC2,41.29993
EXOC3,46.098375000000004
EXOC3L1,170.95134000000002
EXOC3L2,157.58516
EXOC4,45.30167333333333
EXOC5,99.683084
EXOC6,61.696
EXOC6B,8.03186
EXOC7,99.15412599999999
EXOC8,219.17521
EXOG,24.70636
EXOSC1,41.662910000000004
EXOSC10,81.464275
EXOSC2,22.544816666666666
EXOSC3,119.34822666666666
EXOSC4,48.76699
EXOSC5,21.48695
EXOSC6,111.95007333333332
EXOSC7,50.81297
EXOSC8,168.6383
EXOSC9,88.45593
EXPH5,34.01502333333333
EXT1,34.496293333333334
EXT2,75.34429
EXTL1,80.77972
EXTL2,11.12395
EXTL3,64.96382
EYA1,5.64325
EYA2,2.73896
EYA3,53.837697500000004
EYA4,4.826890000000001
EYS,0.00192
EZH1,441.668182
EZH2,18.47613
EZR,128.660256
F10,9.39667
F11,12.295377499999999
F12,271.675505
F13A1,2207.76029
F13B,12.12911
F2,13.78235
F2R,83.696445
F2RL1,340.24989
F2RL2,12.715575
F2RL3,11.01256
F3,0.57056
F5,108.94627333333334
F7,95.24453
F8,30.04865
F9,25.7428
FA2H,15.013345000000001
FAAH,34.45716
FAAH2,18.76145
FABP1,6.88973
FABP2,11.54912
FABP3,29.777700000000003
FABP3P2,51.22842
FABP4,15.29331
FABP5,52.78628
FABP6,26.32832666666667
FABP7,24.948289999999997
FADD,215.1903
FADS1,44.046510000000005
FADS2,23.97345
FADS3,58.64575000000001
FAF1,47.557878
FAF2,105.792055
FAH,34.391275
FAHD1,91.111505
FAHD2A,46.660793999999996
FAIM,46.96728
FAIM2,9.75802
FAIM3,922.5440900000001
FAM101B,1971.928165
FAM102A,220.68514
FAM102B,78.96299
FAM103A1,192.575905
FAM104A,1438.25758
FAM104B,55.60819
FAM105A,41.64576333333333
FAM106A,26.84815
FAM107A,28.267965000000004
FAM107B,1097.16165
FAM109A,8.53257
FAM109B,13.76044
FAM110A,56.87264
FAM110B,49.12285333333333
FAM110C,8.72223
FAM110D,32.10252
FAM111A,199.93141
FAM111B,10.20422
FAM114A1,15.87691
FAM114A2,97.409565
FAM115A,169.092088
FAM115C,15.48221
FAM117A,2022.6944
FAM117B,153.02198333333334
FAM118A,14.629930000000002
FAM118B,42.63428
FAM120A,333.4602022222222
FAM120AOS,235.29143
FAM120B,76.08231
FAM120C,12.816545000000001
FAM122A,92.00257666666666
FAM122B,189.56940333333333
FAM122C,54.530535
FAM124A,32.548038
FAM124B,0.55735
FAM126A,57.933805
FAM126B,343.68901
FAM127A,169.8635
FAM127B,18.05961
FAM129A,2315.56412
FAM129B,109.543835
FAM129C,70.17070333333334
FAM131A,53.121050000000004
FAM131B,16.84035
FAM131C,1.96547
FAM132A,7.03679
FAM132B,55.7638
FAM133A,43.870020000000004
FAM133B,113.072615
FAM134A,481.6968125
FAM134B,57.926005
FAM134C,306.4948
FAM135A,16.26445
FAM135B,16.469620000000003
FAM136A,137.71692
FAM138A,13.35714
FAM13A,54.55718999999999
FAM13B,299.63291
FAM13C,12.159795
FAM149A,2.92892
FAM149B1,85.45018
FAM150B,0.7212
FAM151A,4.50881
FAM153A,36.208822
FAM154A,7.13627
FAM154B,0.00181
FAM155B,28.50892
FAM159A,25.944965
FAM160A1,33.812705
FAM160A2,85.33412
FAM160B1,195.603675
FAM160B2,20.348073333333335
FAM161A,11.3860675
FAM161B,445.956785
FAM162A,158.643908
FAM162B,10.52764
FAM163A,8.90521
FAM166A,8.978305
FAM167A,51.505849999999995
FAM167B,3.55115
FAM168A,61.04807
FAM168B,178.43334
FAM169A,76.581605
FAM169B,17.93194
FAM170A,68.98287
FAM170B,4.1421
FAM171A1,46.50277
FAM171A2,24.16267
FAM171B,11.875479999999998
FAM172A,73.440305
FAM173A,24.16775
FAM173B,57.970545
FAM174A,384.31161
FAM174B,53.73002
FAM175A,49.000775
FAM175B,70.068495
FAM177A1,76.75377
FAM178A,37.283785
FAM178B,165.12965
FAM179A,27.65127
FAM179B,39.89931
FAM181A,29.01663
FAM181B,68.82951666666666
FAM182A,92.871695
FAM184A,10.07554
FAM184B,13.20869
FAM185A,23.600965000000002
FAM186A,25.798189999999998
FAM186B,34.44532
FAM187B,16.85795
FAM188A,28.70477
FAM188B,64.536805
FAM189A1,3.49654
FAM189A2,36.05392
FAM189B,34.330925
FAM192A,173.4046425
FAM193A,135.73179
FAM193B,74.16821
FAM195A,57.622855
FAM195B,101.0286
FAM196A,3.17384
FAM198A,3.16748
FAM198B,136.37454
FAM199X,117.41227333333332
FAM19A1,12.34006
FAM19A2,82.31293
FAM19A4,5.41837
FAM19A5,2.344813333333333
FAM200A,14.286620000000001
FAM200B,230.85210666666669
FAM201B,74.668795
FAM204A,65.5380275
FAM205A,11.296315
FAM205B,21.20612
FAM205CP,56.94414
FAM206A,147.1164
FAM207A,76.359355
FAM208A,129.86233
FAM208B,40.5107575
FAM209A,5.96243
FAM209B,22.83349
FAM20A,6.344715000000001
FAM20B,225.50101
FAM20C,27.1412325
FAM210A,31.773913333333336
FAM210B,2293.621875
FAM212A,416.94838
FAM212B,108.260535
FAM213A,43.59662333333333
FAM213B,64.13374
FAM214A,143.42755499999998
FAM214B,196.99142
FAM215A,27.64625
FAM216A,75.32072
FAM216B,0.39271
FAM217A,13.823084999999999
FAM217B,290.99374
FAM218A,14.509885
FAM219A,85.68685
FAM219B,53.571463333333334
FAM21A,319.7185866666667
FAM220A,338.24414
FAM221A,11.02644
FAM221B,11.51229
FAM222A,16.91886
FAM222A-AS1,9.35605
FAM222B,47.77699666666666
FAM223A,20.91087
FAM227B,6.758220000000001
FAM228A,21.20132
FAM229B,14.91494
FAM230B,19.582055
FAM24A,14.00261
FAM24B,43.34232
FAM26D,4.2868
FAM26E,25.15515
FAM26F,189.95273
FAM27E2,23.304434999999998
FAM32A,315.43826
FAM35A,382.46407
FAM3A,27.387435
FAM3B,13.97896
FAM3C,109.25772666666667
FAM3D,25.14324
FAM43A,110.28
FAM43B,15.36267
FAM45A,413.123632
FAM46A,129.89323
FAM46B,69.7035
FAM46C,1028.3733
FAM46D,3.2863
FAM47A,0.00383
FAM47B,13.37974
FAM47C,8.38901
FAM47E,9.13163
FAM49A,206.01358333333334
FAM49B,850.67745
FAM50A,135.32806
FAM50B,34.15786
FAM53A,11.951225
FAM53B,130.41234
FAM53C,487.7088
FAM57A,30.09239
FAM57B,11.63094
FAM58A,146.03616
FAM60A,212.912665
FAM63A,428.33176000000003
FAM63B,48.296675
FAM64A,36.09774
FAM65A,203.1827466666667
FAM65B,1615.4467399999999
FAM65C,21.892310000000002
FAM69A,77.71728666666667
FAM69B,29.5790575
FAM69C,212.40475
FAM71A,28.52257
FAM71B,12.011056666666667
FAM71C,1.33606
FAM71D,209.80702
FAM71E1,11.00126
FAM71E2,24.834015
FAM71F1,17.812835
FAM71F2,10.38203
FAM73A,49.344755
FAM73B,91.59453
FAM76A,30.281425
FAM76B,72.6653625
FAM78A,317.9712
FAM78B,7.327590000000001
FAM81A,18.793625
FAM81B,21.19607
FAM83A,178.89661749999996
FAM83B,8.619835
FAM83C,197.645725
FAM83D,21.32337
FAM83E,97.11541
FAM83F,67.70797
FAM83G,858.60336
FAM83H,29.379875
FAM84A,35.392896666666665
FAM84B,76.76959
FAM86A,4.54245
FAM86B1,32.80976
FAM86B3P,230.303064
FAM86C1,22.87348
FAM87A,10.02543
FAM89A,49.12909
FAM89B,434.01851500000004
FAM8A1,1103.20022
FAM90A1,2.65752
FAM91A1,161.43547999999998
FAM92A1,13.801076666666665
FAM95B1,34.30205
FAM96A,1019.40487
FAM96B,329.79716
FAM98A,86.71347
FAM98B,71.74714999999999
FAM98C,69.04801
FAM9A,87.95467
FAM9B,51.264284999999994
FAM9C,38.99706
FAN1,40.24251
FANCA,29.8598875
FANCB,30.934365
FANCC,106.82311666666668
FANCD2,36.571265
FANCD2OS,46.63434
FANCE,121.3177
FANCF,75.363425
FANCG,36.13488
FANCI,63.90328
FANCL,94.06148
FANCM,17.2029625
FANK1,8.83366
FAP,22.1764
FAR1,228.65272333333337
FAR2,82.04917666666665
FARP1,27.251279999999998
FARP2,29.592246
FARS2,43.12950333333333
FARSA,71.40590499999999
FARSB,41.98420333333333
FAS,362.96068249999996
FASLG,64.06894
FASN,47.128775000000005
FASTK,135.53654666666668
FASTKD1,140.11388
FASTKD2,33.98165666666666
FASTKD3,114.41857
FAT1,32.58608
FAT2,0.92284
FAT3,5.87848
FAT4,25.25802
FATE1,48.26289
FAU,4062.36612
FAXC,5.111549999999999
FAXDC2,572.1947833333334
FBF1,178.43030666666667
FBL,759.32183
FBLIM1,35.88017
FBLL1,13.989265
FBLN1,19.490922
FBLN2,52.64406
FBLN5,44.76532
FBLN7,233.72657
FBN1,3.579306666666666
FBN2,60.270939999999996
FBN3,10.66394
FBP1,66.53311
FBP2,58.01709
FBRS,54.27963
FBRSL1,50.497305999999995
FBXL12,79.44179
FBXL13,19.225524999999998
FBXL14,90.80559333333333
FBXL15,18.63708
FBXL16,62.755865
FBXL17,34.484228
FBXL18,17.343768333333333
FBXL19,11.82841
FBXL19-AS1,16.03335
FBXL2,4.85377
FBXL20,88.723548
FBXL21,11.76032
FBXL22,16.45702
FBXL3,967.9204599999999
FBXL4,63.56666333333333
FBXL5,1322.1986100000001
FBXL7,168.66282
FBXL8,18.12987
FBXO11,284.21888333333334
FBXO15,29.65663
FBXO16,80.20284749999999
FBXO17,93.69947
FBXO18,112.186275
FBXO2,46.61688
FBXO21,104.85305
FBXO22,23.198934
FBXO24,20.343545
FBXO25,90.27633
FBXO27,38.46332
FBXO28,72.404
FBXO3,43.607255
FBXO30,81.286235
FBXO31,18.174495
FBXO32,15.822637142857143
FBXO33,223.71492999999998
FBXO34,222.62751
FBXO36,10.098065
FBXO38,205.49316333333334
FBXO39,2.25797
FBXO4,22.218923333333336
FBXO40,14.65862
FBXO41,22.33505
FBXO42,76.8625375
FBXO43,34.69639
FBXO44,31.88651
FBXO45,38.44907666666667
FBXO46,71.28601
FBXO5,35.38044
FBXO6,36.93467
FBXO7,3381.4585033333333
FBXO8,119.572395
FBXO9,633.1442544444444
FBXW11,144.61017
FBXW12,692.20209
FBXW2,85.06409599999999
FBXW4,130.3264
FBXW4P1,30.73675
FBXW5,76.24566
FBXW7,115.79063000000001
FBXW8,22.12152
FBXW9,25.17155
FCAMR,43.98392
FCAR,59.88362600000001
FCER1A,157.16174
FCER1G,1464.79671
FCER2,62.258185
FCF1,99.6721675
FCGBP,23.31268
FCGR1A,81.79354
FCGR1B,230.97029
FCGR2A,871.0778566666668
FCGR2B,241.97506
FCGR3A,3778.39818
FCGRT,362.01764
FCHO1,49.73157
FCHO2,162.28436499999998
FCHSD1,21.646445
FCHSD2,195.61971
FCN1,1978.92191
FCN2,24.629663333333337
FCN3,119.74768
FCRL1,139.201945
FCRL2,71.937584
FCRL3,267.449045
FCRL4,34.95588333333333
FCRL5,48.513466
FCRLA,146.71389666666667
FCRLB,38.47861
FDCSP,7.05157
FDFT1,593.8549633333333
FDPS,163.35302
FDPSP2,21.0278
FDX1,71.25031
FDX1L,72.58995
FDXACB1,12.10868
FDXR,25.78217
FECH,490.35192666666666
FEM1A,137.418755
FEM1B,100.10195666666665
FEM1C,30.30726
FEN1,55.157005
FER,25.171406666666666
FER1L4,19.21285
FER1L5,44.27856
FER1L6-AS1,29.60534
FERD3L,11.35905
FERMT1,33.5221625
FERMT2,5.74756
FERMT3,736.31846
FES,101.15819
FETUB,7.55487
FEV,3.73613
FEZ1,236.594805
FEZ2,180.13806666666665
FEZF2,354.4341299999999
FFAR1,13.043185
FFAR2,363.68161
FFAR3,10.63634
FFAR4,0.00504
FGA,28.65527333333333
FGB,11.26459
FGD1,36.11944
FGD2,140.99201142857143
FGD3,545.590655
FGD4,135.22444333333334
FGD5,18.898395
FGD6,9.358458
FGF1,8.265776666666666
FGF10,12.3072
FGF11,17.62651
FGF12,0.5495800000000001
FGF13,9.12746
FGF14,10.463705999999998
FGF16,27.51004
FGF17,7.7383
FGF18,18.632411666666666
FGF19,6.71171
FGF2,7.00341
FGF20,31.46103
FGF21,7.38416
FGF22,256.65203333333335
FGF23,109.37949
FGF3,2.27214
FGF4,129.87096
FGF5,21.09554
FGF6,50.01197
FGF7,2.470675
FGF8,11.24049
FGF9,26.65632
FGFBP1,113.94327
FGFBP2,726.81827
FGFBP3,15.57144
FGFR1,119.20336857142857
FGFR1OP,45.248602
FGFR1OP2,287.3489542857143
FGFR2,72.47862272727274
FGFR3,32.188665
FGFR4,19.94578
FGFRL1,18.44199
FGG,8.34809
FGGY,16.057585
FGL1,32.05445
FGL2,2563.367615
FGR,1469.56684
FH,120.56859666666666
FHAD1,71.64851333333333
FHDC1,94.42745
FHIT,61.6055
FHL1,106.25376200000001
FHL2,58.45615
FHL3,97.03707
FHL5,2.29575
FHOD1,54.20157
FHOD3,3.28346
FIBCD1,11.72106
FIBIN,39.343145
FIBP,95.97994
FICD,151.70492
FIG4,209.63951
FIGF,0.76563
FIGLA,1.29202
FIGN,61.908069999999995
FIGNL1,32.45491
FILIP1,13.69115
FILIP1L,56.12907333333333
FIP1L1,56.44696
FIS1,1536.23971
FITM1,98.58062
FITM2,101.66668666666665
FIZ1,137.71690999999998
FJX1,1.4605
FKBP10,29.83053
FKBP11,155.30831333333333
FKBP14,41.83058333333333
FKBP15,166.03852333333336
FKBP1A,522.06966
FKBP1B,173.12274499999998
FKBP2,86.93704
FKBP3,146.288415
FKBP4,74.37231249999999
FKBP5,293.5148133333334
FKBP6,20.13415
FKBP7,8.36387
FKBP8,1113.5194066666666
FKBP9,25.80391
FKBPL,9.08464
FKRP,31.061715
FKTN,21.5828
FLAD1,195.56557
FLCN,62.52407999999999
FLG,16.71164
FLG2,11.27294
FLI1,360.1544875
FLII,274.7424475
FLJ11292,189.36524749999998
FLJ11710,4.76101
FLJ13224,5.29957
FLJ13744,0.20643
FLJ16734,15.75622
FLJ20712,190.93248
FLJ22184,8.48203
FLJ25694,6.39442
FLJ25758,18.33261
FLJ26850,5.20596
FLJ30064,7.33991
FLJ30403,13.30266
FLJ30679,7.70449
FLJ31713,30.42611
FLJ31715,23.23275
FLJ32154,188.95604
FLJ32790,20.21705
FLJ32955,19.72634
FLJ33360,25.5928
FLJ33534,9.47234
FLJ33544,14.10373
FLJ34503,0.00183
FLJ34521,32.65632
FLJ35816,7.18479
FLJ35934,30.61612
FLJ36840,10.25519
FLJ36848,47.80209
FLJ37035,7.9432833333333335
FLJ37201,2.73075
FLJ37453,34.00329
FLJ37786,4.45278
FLJ38379,7.826205
FLJ38576,96.71991
FLJ38668,14.74857
FLJ38773,7.07418
FLJ40288,35.955005
FLJ41170,29.16
FLJ42627,149.72600666666665
FLJ43315,21.49653
FLJ45825,7.50168
FLJ90680,23.92553
FLNA,540.3449333333333
FLNB,39.153645
FLNC,892.2663
FLOT1,471.4396625
FLOT2,462.913135
FLRT1,20.18612
FLRT2,10.272423333333334
FLRT3,18.244059999999998
FLT1,31.504465
FLT3,15.64603
FLT3LG,98.79302
FLT4,50.68299
FLVCR1,48.851015000000004
FLVCR1-AS1,156.88043
FLVCR2,17.1837
FLYWCH1,55.060039999999994
FLYWCH2,63.29561
FMN1,70.83939666666667
FMN2,13.560615
FMNL1,522.299405
FMNL2,25.99217333333333
FMNL3,24.50779
FMO1,23.63817
FMO2,41.32518
FMO3,6.67659
FMO4,45.27153
FMO5,11.705493333333335
FMO6P,3.90877
FMO9P,2.03528
FMOD,34.48502
FMR1,412.019025
FMR1NB,4.9379
FN1,68.67613857142858
FN3K,1.96231
FN3KRP,82.87539
FNBP1,433.8360325
FNBP1L,22.54531
FNBP4,154.442645
FNDC1,2.7159
FNDC3A,85.93759250000001
FNDC3B,183.4218533333333
FNDC4,116.96672
FNDC5,18.398320000000002
FNDC7,5.319
FNDC8,11.6811
FNDC9,105.79334
FNIP1,180.614638
FNIP2,46.5531475
FNTA,446.0938266666667
FOCAD,24.516225000000002
FOLH1,5.67202
FOLR1,34.06443
FOLR2,39.531
FOLR3,775.1602
FOPNL,137.460405
FOS,384.17726
FOSB,3.77875
FOSL1,8.33014
FOSL2,165.69707599999998
FOXA1,5.81298
FOXA2,21.000709999999998
FOXA3,4.63056
FOXB1,33.00565
FOXC1,9.413925
FOXC2,32.26014
FOXD1,0.54442
FOXD2,12.24144
FOXD3,31.172156666666666
FOXE1,6.03007
FOXE3,3.25268
FOXF1,0.02468
FOXF2,11.31211
FOXG1,23.409175
FOXH1,30.229065
FOXI1,11.09609
FOXJ1,15.61241
FOXJ2,68.63248
FOXJ3,138.051015
FOXK1,106.70342
FOXK2,46.203961428571425
FOXL1,17.552305
FOXL2,34.12569
FOXM1,26.76809
FOXN1,15.24507
FOXN2,346.085275
FOXN3,230.15680857142857
FOXN3-AS2,12.88535
FOXN4,104.79933333333332
FOXO1,181.73431666666667
FOXO3,1134.916202857143
FOXO4,320.60829
FOXP1,361.3465
FOXP2,59.91165222222222
FOXP3,75.73101000000001
FOXP4,12.480635
FOXQ1,85.01966
FOXR1,3.8395
FOXR2,15.5418
FOXRED1,31.26018
FOXRED2,20.97282
FOXS1,32.25597
FPGS,59.69091
FPGT,75.23413
FPGT-TNNI3K,0.01648
FPR1,2312.59985
FPR2,377.974755
FPR3,34.046350000000004
FRA10AC1,53.22134333333333
FRAS1,15.227924000000002
FRAT1,928.14647
FRAT2,2101.35188
FREM1,16.909595
FREM2,0.03501
FREM3,1.8329
FRG1,233.425405
FRK,3.43222
FRMD1,24.45511
FRMD3,95.19883
FRMD4A,36.3061875
FRMD4B,70.17820333333333
FRMD5,37.089135
FRMD6,49.064865
FRMD7,8.39425
FRMD8,112.62636749999999
FRMPD1,28.36125
FRMPD2,12.80276
FRMPD3,17.5291
FRMPD4,42.90973
FRRS1,0.39218
FRRS1L,16.671743333333335
FRS2,47.112676666666665
FRS3,16.71067
FRY,158.81878
FRYL,171.44237666666666
FRZB,9.8908475
FSCB,20.01974
FSCN1,49.111405000000005
FSCN2,4.46066
FSCN3,37.00833
FSD1,14.25773
FSD1L,19.7694225
FSD2,47.75962
FSHB,15.12889
FSHR,3.30021
FSIP1,858.24555
FSIP2,8.29777
FST,117.80931666666667
FSTL1,24.451576666666664
FSTL3,43.00954
FSTL4,26.267083333333332
FSTL5,5.90921
FTCD,124.044265
FTH1,3390.414525
FTH1P5,5469.40711
FTHL17,18.58468
FTL,7645.532560000001
FTO,166.89644
FTSJ1,113.071045
FTSJ2,161.460715
FTSJ3,107.8618
FUBP1,130.54573
FUBP3,56.41268
FUCA1,96.25366
FUCA2,63.09873
FUK,55.59641
FUNDC1,122.21511
FUNDC2,442.669465
FUOM,38.57691
FURIN,244.3744
FUS,46.53280833333333
FUT1,14.4683
FUT10,13.603636666666667
FUT11,81.89625000000001
FUT2,64.62887
FUT3,24.50403
FUT4,29.867404999999998
FUT5,961.62099
FUT6,90.95522857142858
FUT7,78.002095
FUT8,46.46693500000001
FUT9,5.61653
FUZ,53.4246
FXN,54.035295000000005
FXR1,206.49268833333335
FXR2,90.86857499999999
FXYD1,32.8741
FXYD2,16.702263333333335
FXYD3,61.599265
FXYD4,32.20757
FXYD5,813.691425
FXYD6,25.88166
FXYD7,6.01939
FYB,975.9655579999999
FYCO1,49.9756
FYN,716.3520633333334
FYTTD1,304.681595
FZD1,28.641783333333336
FZD10,15.5235
FZD2,665.145435
FZD3,23.7930725
FZD4,7.476795
FZD5,15.87185
FZD6,9.14421
FZD7,8.002905
FZD8,12.075406666666666
FZD9,2.33305
FZR1,74.0691925
G0S2,252.28589
G2E3,46.574026
G3BP1,150.60036285714287
G3BP2,240.89108
G6PC,7.7439350000000005
G6PC2,37.03461
G6PC3,93.495115
G6PD,226.8974
GAA,46.77144
GAB1,37.74098714285714
GAB2,363.69458
GAB3,85.377365
GAB4,25.29309
GABARAP,2658.86937
GABARAPL1,247.39404333333331
GABARAPL2,2141.46641
GABARAPL3,28.58525
GABBR1,98.90882666666666
GABBR2,11.328095
GABPA,152.077305
GABPB1,59.606429999999996
GABPB2,43.36827
GABRA1,0.01705
GABRA2,5.755156666666667
GABRA3,13.26454
GABRA4,67.46194
GABRA5,18.862166666666667
GABRA6,1.63395
GABRB1,4.40535
GABRB2,14.096383333333334
GABRB3,10.786362
GABRD,9.998835
GABRE,6.70776
GABRG1,9.19823
GABRG2,7.270975
GABRG3,7.343345
GABRP,7.28006
GABRQ,20.4664
GABRR1,13.11683
GABRR2,11.10485
GABRR3,2.17559
GAD1,134.43770333333333
GAD2,33.001148
GADD45A,155.48139
GADD45B,166.4266225
GADD45G,44.03762
GADD45GIP1,35.12952000000001
GADL1,0.70903
GAFA1,21.73832
GAFA2,21.62977
GAFA3,23.41962
GAGE1,17.351845
GAK,335.675915
GAL,22.03585
GAL3ST1,1.41862
GAL3ST2,27.61961
GAL3ST3,27.33089
GAL3ST4,23.71987
GALC,77.14395999999999
GALE,23.243166666666667
GALK1,75.20318
GALK2,30.802096666666667
GALM,84.891065
GALNS,51.523245
GALNT1,293.1786525
GALNT10,100.22655999999999
GALNT11,109.87571
GALNT12,24.47369
GALNT13,24.411973333333336
GALNT14,188.32636
GALNT15,19.24144
GALNT16,21.081143333333333
GALNT18,77.73862
GALNT2,58.072605
GALNT3,101.35473
GALNT5,98.58261
GALNT6,36.42079
GALNT7,185.912015
GALNT8,47.856750000000005
GALNT9,61.28915
GALNTL5,5.34982
GALNTL6,7.29081
GALP,4.95223
GALR1,11.3109
GALR2,25.5387
GALR3,72.42993
GALT,104.29331
GAMT,65.80094666666666
GAN,5.374680000000001
GANAB,195.074225
GAP43,15.085576666666668
GAPDH,2677.0416666666665
GAPDHS,18.40295
GAPT,780.53888
GAPVD1,191.025905
GAR1,106.29401
GAREM,130.6573325
GAREML,22.9728
GARNL3,17.97661
GARS,144.42197
GART,45.938068888888886
GAS1,1.481445
GAS2,2.19227
GAS2L1,90.46340333333335
GAS2L2,36.42541
GAS2L3,7.414505
GAS6,46.154700000000005
GAS6-AS1,11.62228
GAS7,141.19467600000002
GAS8,135.63207
GAST,49.54856
GATA1,139.30704500000002
GATA2,64.86526666666667
GATA3,152.76414333333332
GATA3-AS1,4.379515
GATA4,53.849504
GATA5,6.990855
GATA6,14.954655
GATAD1,69.935925
GATAD2A,141.79102
GATAD2B,126.28864999999999
GATC,418.834455
GATM,16.923012857142858
GATS,43.88636
GATSL2,24.46024
GATSL3,36.395965
GBA,78.86312
GBA2,98.70842999999999
GBA3,19.52682
GBAP1,32.997025
GBAS,206.34502
GBE1,179.72174
GBF1,42.89117
GBGT1,333.80342
GBP1,654.859725
GBP2,806.2661400000001
GBP3,78.25056
GBP4,61.837475
GBP5,266.091745
GBP6,10.763875
GBX1,83.83483
GBX2,11.24973
GC,4.52404
GCA,3357.74484
GCAT,116.67365000000001
GCC1,108.31747
GCC2,164.489035
GCDH,39.61499
GCFC2,27.969739999999998
GCG,0.1843
GCGR,289.80441
GCH1,487.26632
GCHFR,54.92508
GCK,10.53157
GCKR,18.51466
GCLC,72.52511666666668
GCLM,69.22764
GCM1,10.08008
GCM2,2.48915
GCN1L1,91.989435
GCNT1,51.555485000000004
GCNT2,11.810765
GCNT3,160.66708
GCNT4,7.33919
GCNT7,41.916515000000004
GCOM1,93.925375
GCSAM,50.89128
GCSAML,8.24157
GCSH,71.302965
GDA,27.768495
GDAP1,15.42877
GDAP1L1,62.5238
GDAP2,85.43693
GDE1,403.585645
GDF10,42.71683
GDF11,17.333738
GDF15,7.599329999999999
GDF2,76.3234
GDF3,21.78374
GDF5,170.17863
GDF9,42.70278
GDI1,379.34334
GDI2,930.2197749999999
GDNF,18.69741
GDPD1,15.196746666666664
GDPD2,35.8477
GDPD3,95.21321
GDPD5,56.409580000000005
GDPGP1,17.53933
GEM,7.34201
GEMIN2,45.8669825
GEMIN4,35.985299999999995
GEMIN5,49.19251
GEMIN6,73.73318
GEMIN7,52.16593666666666
GEMIN8,38.94326
GEN1,13.434814999999999
GET4,61.1744925
GFAP,1.868285
GFER,34.264835
GFI1,49.3289
GFI1B,113.98273999999999
GFM1,68.70610333333333
GFM2,47.807433333333336
GFOD1,42.35513
GFOD2,48.323855
GFPT1,32.494794999999996
GFPT2,28.42342
GFRA1,8.662243333333334
GFRA2,12.05106
GFRA3,23.65658
GFRA4,7.89075
GGA1,143.71461
GGA2,98.56765125
GGA3,110.38686
GGACT,112.68938
GGCT,165.69823
GGCX,78.94877199999999
GGH,29.72733
GGN,33.70294
GGNBP2,266.15736999999996
GGPS1,145.62409
GGT5,39.9523
GGT6,11.6687
GGT7,14.243973333333335
GGTA1P,332.5515
GGTLC1,37.13341
GGTLC2,45.02296
GH1,18.7672275
GH2,15.925805
GHDC,100.78984
GHITM,744.54709
GHR,0.77445
GHRH,66.40334
GHRHR,100.15879666666666
GHRL,25.089154999999998
GHSR,13.117923333333332
GID4,265.38915499999996
GID8,309.36231
GIF,9.70242
GIGYF1,64.20169
GIGYF2,57.1067925
GIMAP1,463.196936
GIMAP1-GIMAP5,494.3693766666667
GIMAP2,907.82561
GIMAP4,1763.94814
GIMAP6,609.679985
GIMAP7,1656.37011
GIMAP8,495.670685
GIN1,47.60772
GINM1,275.05785
GINS1,9.76489
GINS2,78.8797
GINS3,11.944485
GINS4,19.788305
GIP,3.84569
GIPC1,227.45122
GIPC2,16.816425
GIPC3,58.74741
GIPR,94.94284
GIT1,179.18535
GIT2,158.463128
GJA1,6.05991
GJA10,18.07966
GJA3,58.48117
GJA4,25.948165
GJA5,8.0579
GJA8,18.72255
GJA9,151.06255499999997
GJB1,14.37975
GJB2,3.31719
GJB3,23.25917
GJB4,17.70914
GJB5,4.79202
GJB6,0.8959
GJC1,8.54865
GJC2,25.226664999999997
GJD2,54.48511
GJD3,112.445025
GJD4,84.95382
GK,149.82364
GK2,3.65715
GK3P,33.46322
GK5,39.13344
GKAP1,63.80676666666667
GKN1,7.22872
GKN2,27.36435
GLA,233.00389
GLB1,343.00888
GLB1L,89.84646
GLB1L2,18.53698
GLB1L3,16.09477
GLCCI1,229.213234
GLCE,12.05681
GLDC,4.6332
GLDN,45.859215000000006
GLE1,82.99516666666666
GLG1,366.524405
GLI1,46.83515
GLI2,127.15219333333334
GLI3,87.60432333333334
GLI4,52.22388
GLIDR,20.58257
GLIPR1,1096.95671
GLIPR1L1,108.72117
GLIPR2,921.3187250000001
GLIS1,8.51137
GLIS2,40.28036
GLIS3,15.245579999999999
GLIS3-AS1,77.6607
GLMN,65.77961
GLO1,324.60368
GLOD4,76.75513
GLOD5,154.542535
GLP1R,20.544212
GLP2R,2.01661
GLRA1,104.90511
GLRA2,47.8543
GLRA3,8.617586666666666
GLRB,11.913543333333335
GLRX,833.32593
GLRX2,152.86642
GLRX3,208.2760625
GLRX5,2976.12667
GLS,93.737765
GLS2,3.624805
GLT1D1,850.97293
GLT8D1,166.12008500000002
GLT8D2,25.938845
GLTP,341.50586500000003
GLTPD2,5.93812
GLTSCR1,102.33819
GLTSCR1L,442.62523
GLTSCR2,1522.197766666667
GLUD1,80.576415
GLUD2,78.17342
GLUL,2119.0982125
GLULP4,460.04868
GLYAT,19.504556666666666
GLYATL1,21.848836666666667
GLYATL2,20.32319
GLYCTK,21.39056
GLYR1,237.644758
GM2A,56.867557142857144
GMCL1,158.59946666666667
GMDS,51.39971
GMEB1,56.699980000000004
GMEB2,172.499315
GMFB,212.2107
GMFG,1986.15105
GMIP,116.58658
GML,1.76599
GMNN,38.74458
GMPPA,29.13928
GMPR,946.33559
GMPR2,214.40804
GMPS,84.14897333333333
GNA11,15.300646666666665
GNA12,128.72233500000002
GNA13,959.7329999999998
GNA14,7.743815
GNA15,63.60314
GNAI1,4.88886
GNAI2,535.48436
GNAI3,442.95647333333335
GNAL,93.803655
GNAO1,218.7483075
GNAQ,401.958952
GNAS,1973.5233458333332
GNAT1,28.231365
GNAT2,12.03344
GNAZ,201.32015
GNB1,1033.1201533333333
GNB2,713.97206
GNB2L1,2053.7315049999997
GNB3,146.63387
GNB4,213.8789866666667
GNB5,39.436534
GNE,49.3867
GNG10,2747.47569
GNG11,1091.8401649999998
GNG12,18.280533333333334
GNG13,4.63733
GNG2,499.531765
GNG3,208.60573
GNG4,50.8324675
GNG5,1282.48426
GNG7,126.66881666666666
GNG8,174.02755
GNGT1,26.20903
GNGT2,25.60416
GNL1,86.32422
GNL2,81.31334
GNL3,110.34697
GNL3L,105.4707425
GNLY,837.10799
GNMT,10.47944
GNN,3.091405
GNPAT,401.71627
GNPDA1,88.63926
GNPDA2,29.69757
GNPNAT1,67.55615
GNPTAB,93.23571333333332
GNPTG,97.54123
GNRH1,20.96594
GNRH2,26.97583
GNRHR,13.409636666666666
GNRHR2,7.41628
GNS,361.03294999999997
GOLGA1,38.943905
GOLGA2,78.71438
GOLGA2P2Y,1.27357
GOLGA2P5,22.02394
GOLGA3,60.16267666666666
GOLGA4,171.86289
GOLGA5,142.63287
GOLGA6A,527.50117
GOLGA6L1,151.58193
GOLGA6L2,24.37127
GOLGA7,739.023465
GOLGA7B,31.53164
GOLGA8I,26.6307
GOLGB1,111.092445
GOLIM4,21.3082
GOLM1,48.775099999999995
GOLPH3,717.93697
GOLPH3L,103.48023
GOLT1A,26.2799
GOLT1B,216.208665
GON4L,184.7915925
GOPC,87.0527425
GORAB,59.13161
GORASP1,27.808295
GORASP2,226.70134
GOSR1,122.89523
GOSR2,63.287826666666675
GOT1,27.81385
GOT1L1,12.397025
GOT2,119.59484
GP1BA,129.46439
GP1BB,209.8558
GP2,32.7056425
GP5,31.031145000000002
GP6,251.94889
GP9,129.14585
GPA33,56.05481
GPAA1,135.12163333333334
GPALPP1,58.947434
GPAM,17.74125
GPANK1,168.38356
GPAT2,16.44666
GPATCH1,44.27833
GPATCH11,38.033480000000004
GPATCH2,13.670244
GPATCH2L,39.23703571428571
GPATCH3,30.83092
GPATCH4,63.44828199999999
GPATCH8,125.17222000000001
GPBAR1,166.33276
GPBP1,738.11049
GPBP1L1,228.36696000000003
GPC1,69.856795
GPC2,10.28554
GPC3,15.890995
GPC4,290.878035
GPC5,7.28232
GPC6,12.46705
GPCPD1,227.70336999999998
GPD1,556.4639324999999
GPD1L,73.08502
GPD2,34.35127666666667
GPER1,32.408
GPHA2,111.77781
GPHB5,38.91877
GPHN,14.712043333333334
GPI,209.13457
GPIHBP1,11.41563
GPKOW,138.20214
GPLD1,7.8701083333333335
GPM6A,13.719753333333335
GPM6B,7.0399875
GPN1,195.99155
GPN2,56.80628
GPN3,123.40733
GPNMB,9.93578
GPR1,501.62941
GPR101,33.81827
GPR107,42.788845
GPR108,216.6123
GPR110,24.148195
GPR111,6.84273
GPR112,61.36487
GPR113,24.984005
GPR114,40.37177
GPR115,5.11501
GPR116,11.3508
GPR12,26.657670000000003
GPR123,29.27673
GPR124,6.1244
GPR125,13.041946666666666
GPR126,4.01463
GPR128,52.64606
GPR132,51.62787
GPR133,11.33417
GPR135,24.227743333333333
GPR137,164.74480333333335
GPR137B,98.84426
GPR137C,2.90032
GPR143,6.05547
GPR144,78.63882
GPR146,289.32175
GPR15,7.51457
GPR150,14.57225
GPR153,90.642435
GPR155,107.78093666666666
GPR156,11.852314999999999
GPR157,21.495219999999996
GPR158,32.99887
GPR160,479.67713
GPR161,35.17856333333334
GPR162,5.08826
GPR17,2.34239
GPR171,155.63065
GPR173,56.6982
GPR174,16.38234
GPR176,28.148985
GPR18,505.78867
GPR180,154.38314
GPR182,36.542015
GPR183,416.61174
GPR19,27.9989
GPR20,9.209
GPR21,19.62457
GPR22,4.697649999999999
GPR25,10.81556
GPR26,15.876743333333335
GPR27,470.965455
GPR3,14.61882
GPR31,68.64706
GPR32,34.40887
GPR34,46.16283
GPR35,15.6943
GPR37,0.775425
GPR37L1,41.4385
GPR39,7.783483333333334
GPR4,62.627635
GPR45,4.58044
GPR50,3.89897
GPR52,10.86442
GPR55,17.799655
GPR56,174.24559499999998
GPR6,39.50852
GPR61,0.02463
GPR62,34.48851
GPR63,10.56994
GPR64,4.18394
GPR65,490.04871
GPR68,213.402185
GPR75,13.36813
GPR78,71.13217
GPR82,14.581883333333332
GPR83,9.86325
GPR84,28.33988
GPR85,1.7977999999999998
GPR87,0.01281
GPR88,13.0062
GPR89A,61.586527499999995
GPR97,314.03175
GPR98,22.355144000000003
GPRASP1,104.36103
GPRC5A,34.10687333333333
GPRC5B,13.60928
GPRC5C,31.56832
GPRC5D,33.40215
GPRC6A,5.4986
GPRIN1,8.029695
GPRIN2,80.312315
GPRIN3,25.122914
GPS1,30.40171
GPS2,422.58835
GPSM1,502.034445
GPSM2,88.4024175
GPSM3,910.4099150000001
GPT,75.75625
GPT2,3.65652
GPX1,4420.38366
GPX2,50.31615
GPX3,28.17878
GPX4,877.99169
GPX5,17.51878
GPX7,52.51577
GPX8,4.55145
GRAMD1A,84.048495
GRAMD1B,44.45879
GRAMD1C,44.55564
GRAMD2,0.00334
GRAMD3,5.4819949999999995
GRAMD4,286.25456
GRAP,61.801225
GRAP2,181.81107
GRAPL,12.204115000000002
GRASP,175.15629
GRB10,34.711
GRB14,38.7693
GRB2,1003.9069366666668
GRB7,15.16738
GREB1,3.9967
GREB1L,30.074166666666667
GREM1,10.346785
GREM2,103.64770333333333
GRHL1,48.67299
GRHL2,11.26469
GRHL3,1.47026
GRHPR,199.12390000000002
GRIA1,6.409515
GRIA2,1.7057799999999999
GRIA3,4.275506
GRIA4,9.79166
GRID1,111.37977333333333
GRID2,9.09502
GRIK1,47.80752
GRIK1-AS1,21.94288
GRIK2,13.162496666666668
GRIK3,17.154215
GRIK4,12.00434
GRIK5,53.32604666666666
GRIN1,16.812638
GRIN2A,36.15046
GRIN2B,12.100506666666666
GRIN2C,314.3649666666667
GRIN2D,11.367075
GRIN3A,23.583955
GRIN3B,21.46176
GRINA,309.38042
GRIP1,10.230175
GRIP2,58.97424
GRIPAP1,30.75473
GRK1,20.54266
GRK4,6.5320225
GRK5,147.6694
GRK6,360.30294749999996
GRK7,42.31566
GRM1,54.418143333333326
GRM2,34.84373
GRM3,7.48739
GRM4,40.8231
GRM5,11.260426666666667
GRM6,16.82901
GRM7,10.50248
GRM8,14.33867
GRN,1071.2597133333331
GRP,0.00362
GRPEL1,89.545515
GRPEL2,68.07155
GRPR,153.22422
GRSF1,109.222905
GRTP1,10.042885
GRWD1,43.48143
GSAP,375.653405
GSC,13.67106
GSC2,9.51445
GSDMB,38.80236
GSDMC,49.71341
GSDMD,109.69997
GSE1,113.42491666666668
GSG1,3.00997
GSG1L,30.0653
GSG2,48.77532
GSK3A,578.380225
GSK3B,135.35076199999997
GSKIP,355.05505
GSN,315.53263999999996
GSN-AS1,38.60695
GSPT1,1062.6548066666667
GSPT2,68.4925
GSR,98.00828
GSS,127.85733
GSTA1,68.44812999999999
GSTA3,3.39568
GSTA4,127.90333999999999
GSTCD,23.877196666666663
GSTK1,687.22659
GSTM1,137.163635
GSTM2,105.73388
GSTM3,45.46468
GSTM4,35.84993
GSTM5,60.25705
GSTO1,1053.228895
GSTO2,18.86841
GSTP1,319.92629
GSTT1,5.352605
GSTT2,34.31728
GSTTP1,53.51655
GSTZ1,151.89194
GSX1,10.24199
GSX2,28.99055
GTDC1,80.563606
GTF2A1,191.51003999999998
GTF2A1L,17.47456
GTF2A2,182.93471
GTF2B,481.22316
GTF2E1,150.07682
GTF2E2,137.67176
GTF2F1,74.24178666666667
GTF2F2,70.81623
GTF2H1,107.6915
GTF2H3,431.07322
GTF2H4,24.92268
GTF2H5,78.86184750000001
GTF2I,921.3479266666667
GTF2IRD1,5.07176
GTF2IRD2B,17.01784
GTF3A,1086.4338866666667
GTF3C1,163.988575
GTF3C2,177.41808666666665
GTF3C3,28.111005
GTF3C4,32.33837666666667
GTF3C5,48.63987
GTF3C6,560.82034
GTPBP1,54.907948
GTPBP10,15.110354000000001
GTPBP2,62.55862666666667
GTPBP3,44.6451
GTPBP4,73.163135
GTPBP6,187.90177
GTPBP8,133.43349333333333
GTSE1,415.87305999999995
GTSF1,15.92471
GTSF1L,25.398055
GUCA1A,32.17586666666667
GUCA1B,44.509575
GUCA1C,12.78261
GUCA2A,8.51087
GUCA2B,61.95562
GUCD1,1183.77996
GUCY1A2,8.120001666666667
GUCY1A3,41.1012325
GUCY1B2,12.2603
GUCY1B3,117.72629500000001
GUCY2C,3.80316
GUCY2D,54.79836
GUCY2F,6.46399
GUF1,29.790824999999998
GUK1,1639.20696
GULP1,14.875842
GUSB,77.32682
GUSBP11,160.35153
GUSBP2,84.45758
GUSBP3,87.67745
GUSBP4,16.640905
GUSBP5,11.98735
GVINP1,138.47495999999998
GXYLT1,71.040645
GXYLT2,11.290610000000001
GYG1,413.069885
GYG2,12.012866666666666
GYLTL1B,110.97723
GYPA,88.584838
GYPB,211.98594250000002
GYPC,5466.97996
GYPE,12.722776666666666
GYS1,35.73115
GYS2,2.48551
GZF1,39.280275
GZMA,929.44852
GZMB,931.84125
GZMH,157.81602
GZMK,287.12714
GZMM,51.73533
H19,21.821334999999998
H1F0,46.85843
H1FNT,35.64670333333333
H1FOO,39.16268
H1FX,203.57699
H1FX-AS1,129.86582
H2AFB1,27.95079
H2AFJ,336.56269499999996
H2AFV,274.821415
H2AFX,60.1571375
H2AFY,596.704166
H2AFY2,13.58771
H2AFZ,1438.987425
H2BFM,11.42881
H3F3A,5422.709703333333
H6PD,133.3751925
HAAO,74.97714
HABP2,31.57024
HABP4,37.674175
HACE1,24.43988
HACL1,85.98997
HADH,274.66669
HADHA,358.31901999999997
HADHB,703.73899
HAGH,1630.7036
HAGHL,693.22473
HAL,171.38510999999997
HAMP,98.84594
HAND1,27.1537
HAND2,6.19091
HAND2-AS1,13.340475000000001
HAO1,5.60816
HAO2,32.317505
HAP1,36.484716666666664
HAPLN1,14.5751175
HAPLN2,39.48585
HAPLN3,354.76439
HAPLN4,205.4111
HARBI1,26.8735
HARS,97.97157
HARS2,155.57387
HAS1,9.40612
HAS2,10.877315
HAS3,21.498075
HAT1,337.67721
HAUS1,150.68913
HAUS2,507.4342875
HAUS3,108.62597
HAUS4,200.48797
HAUS5,60.96687
HAUS6,42.16905
HAUS7,24.003479999999996
HAUS8,10.46182
HAVCR1,8.92374
HAVCR2,22.746232499999998
HAX1,195.28386
HBB,7037.0454174999995
HBD,6737.98333
HBE1,781.43062
HBEGF,27.252555
HBM,5358.95652
HBP1,335.9888
HBQ1,1006.29623
HBS1L,40.9645025
HBZ,189.05746
HCAR1,11.85123
HCAR3,1148.43875
HCCS,107.37922
HCFC1,90.78557333333333
HCFC1R1,45.26126
HCFC2,84.43629999999999
HCG27,173.33581
HCG4,4.95008
HCG8,8.12326
HCG9,9.97937
HCK,1684.74124
HCLS1,2866.55286
HCN1,22.81157
HCN2,31.62913
HCN3,37.6728
HCN4,57.15314
HCP5,489.59251
HCRP1,57.52409
HCRT,43.04921
HCRTR1,16.34229
HCRTR2,130.09986
HCST,469.92738
HDAC1,526.57606
HDAC10,41.187015
HDAC11,71.4114
HDAC2,149.659325
HDAC3,212.87911
HDAC4,47.86074333333334
HDAC5,137.35436
HDAC6,157.08543333333333
HDAC7,78.92891499999999
HDAC8,40.787546666666664
HDAC9,48.186716000000004
HDC,21.11504
HDDC2,121.93339
HDDC3,106.29157
HDGF,1601.14067
HDGFL1,282.17864
HDGFRP2,421.50683
HDGFRP3,21.429351250000003
HDHD1,83.51953
HDHD2,215.19666
HDHD3,23.7963
HDLBP,143.42095666666665
HDX,9.00878
HEATR1,76.8697
HEATR2,35.327639999999995
HEATR3,53.443945
HEATR4,7.20669
HEATR5A,61.54823
HEATR5B,85.32043999999999
HEATR6,26.126706666666667
HEATR9,8.91872
HEBP1,566.04367
HEBP2,398.23463
HECA,590.0409599999999
HECTD1,65.02861166666666
HECTD2,8.0134425
HECTD3,106.63248
HECTD4,55.955075
HECW1,41.35486
HECW1-IT1,4.80402
HECW2,23.96753
HEG1,33.837824999999995
HELB,99.30628000000002
HELLS,15.085896
HELQ,78.65752
HELZ,167.38051
HELZ2,172.09726
HEMGN,389.950405
HEMK1,100.48156250000001
HENMT1,163.32525
HEPACAM,16.99185
HEPACAM2,25.70691
HEPH,9.539325
HERC1,104.16395
HERC2,39.202400000000004
HERC2P2,209.91358
HERC3,97.688415
HERC4,74.03250833333333
HERC5,225.11675
HERC6,17.6872
HERPUD1,474.296855
HERPUD2,419.3103533333333
HES1,8.48571
HES2,9.627253333333334
HES4,11.82908
HES5,31.921
HES6,4.37976
HES7,82.81769
HESX1,4.27158
HEXA,51.7137375
HEXA-AS1,10.37285
HEXB,818.84909
HEXDC,50.9964
HEXIM1,185.86728
HEXIM2,77.16653
HEY1,86.18164
HEY2,2.25273
HEYL,25.483835
HFE,60.38198933333333
HFE2,12.08195
HFM1,3.5493449999999998
HGC6.3,9.12887
HGD,95.056335
HGF,40.894867999999995
HGFAC,27.19363
HGH1,65.93447
HGS,96.07852500000001
HGSNAT,57.634208
HHAT,4.91038
HHATL,14.586
HHEX,425.30718
HHIP,3.2002924999999998
HHIPL1,19.33343
HHIPL2,66.53776
HHLA1,18.323645
HHLA2,7.5335350000000005
HHLA3,49.83521666666667
HIAT1,579.75627
HIATL1,146.18375500000002
HIATL2,41.61139
HIBADH,18.540853333333335
HIBCH,64.35502
HIC1,29.590593333333334
HIC2,37.410987500000005
HID1,77.89283999999999
HIF1A,1867.75142
HIF1AN,123.39763999999998
HIF3A,17.341337142857146
HIGD1A,507.4596433333333
HIGD1B,7.66591
HIGD2A,443.74755500000003
HILPDA,237.32677500000003
HILS1,78.05525
HINFP,78.22071
HINT1,1006.16297
HINT2,250.08457
HINT3,1334.0026066666667
HIP1,67.8803625
HIP1R,84.90630666666668
HIPK1,447.1935625
HIPK2,93.18088900000001
HIPK3,343.18763750000005
HIPK4,61.42452
HIRA,73.608615
HIRIP3,24.321445
HIST1H1A,72.66715
HIST1H1B,11.34807
HIST1H1C,175.01287
HIST1H1D,7.80784
HIST1H1E,2.31392
HIST1H1T,37.311835
HIST1H2AB,120.00368
HIST1H2AC,2779.32067
HIST1H2AE,220.04738
HIST1H2AG,266.940535
HIST1H2AJ,389.55658
HIST1H2AK,22.692175
HIST1H2AL,4.88327
HIST1H2AM,14.51868
HIST1H2APS4,56.02786
HIST1H2BA,6.64836
HIST1H2BB,129.65895
HIST1H2BC,289.0975075
HIST1H2BD,329.92638999999997
HIST1H2BE,238.01345
HIST1H2BG,146.01324
HIST1H2BH,133.40373
HIST1H2BJ,20.92605
HIST1H2BK,2314.13724
HIST1H2BL,12.33073
HIST1H2BM,68.76607
HIST1H2BN,45.51539
HIST1H2BO,38.90777
HIST1H3A,339.4121466666667
HIST1H3B,12.5665
HIST1H3C,165.40121
HIST1H3E,8.615615
HIST1H3F,85.04183
HIST1H3G,304.95917
HIST1H3I,55.5536
HIST1H4A,149.192105
HIST1H4D,28.63557
HIST1H4E,22.06921
HIST1H4F,15.4893
HIST1H4G,24.56742
HIST1H4H,234.19115
HIST1H4I,43.05311
HIST1H4L,20.12367
HIST2H2BE,525.52221
HIST3H2A,66.651655
HIST3H3,192.23268
HIVEP1,94.677055
HIVEP2,104.94183
HIVEP3,23.060696
HJURP,57.41715
HK1,832.60521
HK2,101.02314666666666
HK3,199.15379
HKDC1,24.1025125
HKR1,28.622206666666667
HLA-A,5686.1389899999995
HLA-B,5335.792616666667
HLA-C,5083.7497875
HLA-DMA,479.52613
HLA-DMB,936.90184
HLA-DOA,66.427976
HLA-DOB,157.872905
HLA-DPA1,1456.6747500000001
HLA-DPA2,937.92078
HLA-DPB1,690.3292849999999
HLA-DPB2,18.57883
HLA-DQA1,439.8495924999999
HLA-DQB1,682.212777
HLA-DQB2,91.10566
HLA-DRA,3036.132395
HLA-DRB1,1590.9035233333334
HLA-E,3576.2946500000003
HLA-F,2213.926016666667
HLA-G,3010.9881775
HLA-J,3024.96451
HLCS,10.239844999999999
HLF,9.595120000000001
HLTF,145.01496
HLX,178.97832
HM13,63.76947
HMBOX1,89.37133333333334
HMBS,176.88965
HMCES,85.49365499999999
HMCN1,0.16962
HMCN2,40.008265
HMG20A,125.03755
HMG20B,103.10421666666667
HMGA1,75.34925
HMGA2,13.446316666666668
HMGB1,1681.4994279999999
HMGB1P4,485.57779
HMGB2,879.70749
HMGB3,5.62482
HMGB3P1,20.22591
HMGB3P30,2.65707
HMGB4,8.30068
HMGCL,123.21081
HMGCLL1,13.072143333333335
HMGCR,214.256665
HMGCS1,37.0055
HMGCS2,9.903565
HMGN1,1375.443655
HMGN2,2606.1606
HMGN2P46,9.96024
HMGN2P9,52.74194
HMGN3,686.88528
HMGN4,712.1508833333334
HMGN5,7.06292
HMGXB3,263.27727
HMGXB4,106.56602500000001
HMHA1,471.17363500000005
HMHB1,42.07297
HMMR,9.83227
HMOX1,109.483
HMOX2,176.53047
HMP19,51.52054
HMX1,10.81661
HMX2,27.66506
HN1,342.6181
HN1L,50.62648333333334
HNF1A,39.24244
HNF1B,20.181095
HNF4A,45.96837666666667
HNF4G,0.817265
HNMT,137.12265333333332
HNRNPA0,262.44963
HNRNPA1,1708.954366
HNRNPA2B1,582.919385
HNRNPA3,364.82307166666664
HNRNPA3P1,8.89051
HNRNPAB,409.63803
HNRNPC,716.9436742857142
HNRNPCL1,39.02635
HNRNPD,280.46235
HNRNPDL,494.53574000000003
HNRNPF,114.73066
HNRNPH1,467.77170333333333
HNRNPH2,1043.38512
HNRNPH3,543.655495
HNRNPK,1859.21688
HNRNPL,609.39584
HNRNPLL,48.24068
HNRNPM,329.32921833333336
HNRNPR,433.86717999999996
HNRNPU,385.065312
HNRNPU-AS1,115.39906
HNRNPUL1,334.43161
HNRNPUL2,111.73696000000001
HOGA1,22.05909
HOMER1,18.979665
HOMER2,8.69015
HOMER3,21.97078666666667
HOOK1,20.727875
HOOK2,12.09002
HOOK3,46.250696000000005
HOPX,123.31916000000001
HORMAD1,4.2164
HORMAD2,30.294629999999998
HOXA-AS2,35.72806333333333
HOXA1,19.5829
HOXA10,21.051655000000004
HOXA11,7.9051849999999995
HOXA13,22.859489999999997
HOXA2,10.53142
HOXA3,22.744600000000002
HOXA4,63.67759
HOXA5,11.33275
HOXA6,17.59843
HOXA7,35.2933
HOXB-AS3,20.807185999999998
HOXB1,36.939515
HOXB13,5.56097
HOXB2,199.24246
HOXB3,33.22872
HOXB4,12.11587
HOXB5,50.37677
HOXB6,23.484524999999998
HOXB7,18.731926666666666
HOXB8,6.339635
HOXB9,51.756315
HOXC10,36.40197
HOXC11,110.83742
HOXC12,12.72306
HOXC13,0.00176
HOXC5,33.1567
HOXC6,20.72189
HOXC8,46.66683
HOXC9,3.37378
HOXD1,8.082615
HOXD10,11.180233333333334
HOXD11,35.77729
HOXD12,2.91354
HOXD13,6.586703333333333
HOXD3,3.920006666666667
HOXD4,10.34623
HOXD8,22.97245
HOXD9,19.82812
HP,38.686875
HP1BP3,527.1927425
HPCA,213.41778
HPCAL1,372.72716
HPCAL4,12.289855
HPD,0.00187
HPDL,1.08356
HPGD,30.67147
HPGDS,24.72117
HPN,30.38911
HPR,13.87346
HPRT1,131.573465
HPS1,231.50436399999998
HPS3,104.56739666666665
HPS4,73.34230333333333
HPS5,85.89866
HPS6,88.57012499999999
HPSE,154.421735
HPSE2,451.50186
HPX,79.39335
HR,27.19297333333333
HRAS,26.49943
HRASLS,17.81559
HRASLS2,14.734446666666665
HRASLS5,15.818955
HRC,3.71982
HRCT1,43.36814
HRG,74.24056
HRH1,3.8354049999999997
HRH2,22.71965
HRH3,282.667255
HRH4,13.618545000000001
HRK,28.1724075
HRSP12,23.668429999999997
HS1BP3,81.2967375
HS2ST1,35.145025
HS3ST1,18.881800000000002
HS3ST2,28.15766
HS3ST3A1,12.54583
HS3ST3B1,87.25374333333333
HS3ST4,41.86849
HS3ST5,21.01194
HS3ST6,128.36206
HS6ST1,27.612306666666665
HS6ST2,5.422433333333334
HS6ST3,9.2017575
HSBP1,468.83591
HSCB,880.85606
HSD11B1,13.45727
HSD11B1L,56.42723
HSD11B2,2.48004
HSD17B1,28.120135
HSD17B10,142.1579
HSD17B11,2550.7563
HSD17B12,122.1150125
HSD17B14,163.3546475
HSD17B2,7.71282
HSD17B3,22.41913
HSD17B4,176.469125
HSD17B6,5.41146
HSD17B7P2,17.12081
HSD17B8,21.29301
HSD3B1,127.63561
HSD3B2,3.037665
HSD3B7,24.00137
HSD3BP1,8.15941
HSDL1,61.05635
HSDL2,118.5896725
HSF1,91.71708000000001
HSF2,60.694805
HSF2BP,8.23563
HSF4,167.43459
HSF5,23.14033
HSFY1,11.83511
HSH2D,177.56962
HSP90AA1,1615.551265
HSP90AB1,549.9103166666667
HSP90B1,325.7156475
HSPA12A,6.02485
HSPA12B,46.59473
HSPA13,101.771555
HSPA14,84.65678
HSPA1A,1563.5591066666666
HSPA1L,94.38054
HSPA2,12.21421
HSPA4,133.0641175
HSPA4L,0.006605
HSPA5,399.139635
HSPA6,725.20981
HSPA8,3781.512225
HSPA9,96.04877499999999
HSPB1,72.05228
HSPB11,134.57478333333333
HSPB2,33.12044
HSPB3,19.93979
HSPB6,17.994965
HSPB7,22.332875
HSPB8,51.27874
HSPB9,18.54046
HSPBAP1,249.42714
HSPBP1,38.04813
HSPD1,333.373022
HSPE1,421.37014
HSPG2,76.46265
HSPH1,190.41266
HTATIP2,215.46976
HTATSF1,176.65261
HTATSF1P2,66.96167
HTN1,10.31601
HTN3,4.46795
HTR1A,42.12883
HTR1B,163.40317
HTR1D,46.78029
HTR1E,5.63831
HTR1F,25.4063
HTR2A,14.571579999999999
HTR2B,11.07445
HTR2C,2.63652
HTR3A,56.258585
HTR3B,38.76968
HTR3C,7.24186
HTR4,141.56121
HTR5A,50.24113
HTR6,53.80438
HTR7,13.658732500000001
HTR7P1,13.525115
HTRA1,3.00209
HTRA2,80.38659000000001
HTRA3,66.95919
HTRA4,58.43695
HTT,47.980275
HUNK,11.919985
HUS1,51.46847333333333
HUS1B,497.42731
HUWE1,1317.610172
HVCN1,896.0676
HYAL1,7.10168
HYAL2,144.14805
HYAL4,10.77315
HYDIN,19.38515166666667
HYI,73.27970666666667
HYKK,58.41026
HYLS1,67.87558
HYOU1,206.95362
HYPK,1631.4891016666668
HYPM,9.80877
IAH1,320.25978333333336
IAPP,94.39168
IARS,353.12766
IARS2,240.23684
IBA57,54.4907075
IBSP,57.81035
IBTK,110.882875
ICA1,38.485526666666665
ICA1L,22.458185
ICAM1,39.23469666666667
ICAM2,380.10492500000004
ICAM3,1691.67962
ICAM4,31.80237
ICAM5,176.93958
ICE1,201.84789
ICE2,57.4963825
ICK,22.93327
ICMT,38.29799666666667
ICOS,37.67982
ICOSLG,48.48142
ICT1,52.52767
ID1,9.54522
ID2,617.7228133333333
ID2B,24.22893
ID3,132.17513
ID4,46.49521
IDE,31.42795
IDH1,170.147
IDH2,115.49983999999999
IDH3A,32.33509333333333
IDH3B,159.79679333333334
IDH3G,164.82190500000002
IDI1,301.6805266666667
IDI2,62.0241
IDI2-AS1,30.76706
IDNK,66.439175
IDO1,74.95884
IDO2,99.8342
IDS,254.050571
IDUA,47.567370000000004
IER2,1418.71115
IER3,690.76708
IER3IP1,130.485125
IER5,674.27158
IER5L,18.612650000000002
IFFO1,146.5744
IFFO2,124.39084
IFI16,1407.4862133333334
IFI27,91.65939
IFI27L1,225.79738
IFI27L2,52.18288
IFI30,1396.15299
IFI35,42.37188
IFI44,45.703755
IFI44L,56.30699
IFI6,53.84379
IFIH1,87.17731666666667
IFIT1,505.59575
IFIT2,983.0389
IFIT3,811.9002849999999
IFIT5,158.162005
IFITM1,3192.220185
IFITM10,68.25425666666666
IFITM2,6247.4436
IFITM3,4662.69852
IFNA10,149.68633
IFNA14,152.14507
IFNA16,132.72434
IFNA17,296.84176
IFNA2,8.30317
IFNA21,427.62297
IFNA4,166.65473
IFNA5,19.94525
IFNA8,2.55892
IFNAR1,89.6954375
IFNAR2,778.89035
IFNB1,0.89112
IFNE,37.24723
IFNG,23.32779
IFNGR1,931.71461
IFNGR2,1512.95553
IFNK,4.42195
IFNL1,41.50795
IFNL2,41.940105
IFNLR1,40.63772
IFNW1,37.63432
IFRD1,391.07961
IFRD2,90.39403
IFT122,91.79251333333333
IFT140,34.05834333333333
IFT172,93.99563
IFT20,300.71157
IFT22,124.311465
IFT27,26.40536
IFT43,49.186659999999996
IFT46,26.47151
IFT52,66.10464
IFT57,27.035593333333335
IFT74,20.225445
IFT80,43.887474
IFT81,14.274215
IFT88,43.7895
IGBP1,397.51066
IGDCC3,51.101955000000004
IGDCC4,20.93313
IGF1,39.464044
IGF1R,193.36623400000002
IGF2-AS,105.99238
IGF2BP1,27.002506666666665
IGF2BP2,323.34756999999996
IGF2BP3,117.6330875
IGF2R,1255.53812
IGFALS,21.73353
IGFBP1,6.5213600000000005
IGFBP2,23.21389
IGFBP3,17.348489999999998
IGFBP4,24.33999
IGFBP5,50.18833166666667
IGFBP6,15.625
IGFBP7,88.54934000000002
IGFBPL1,62.26944
IGFL1,17.63995
IGFL2,17.85197
IGFLR1,114.48669
IGFN1,15.744335
IGHMBP2,361.13954999999993
IGHV3-73,8.40019
IGHV5-78,21.11104
IGHV7-81,6.70988
IGIP,57.005785
IGJ,627.36537
IGKC,282.2776157142857
IGKV1OR2-108,162.42614
IGLL1,15.42274
IGLL3P,428.19191
IGLON5,0.02218
IGLV6-57,8.8277
IGSF1,40.50594
IGSF10,39.849115000000005
IGSF11,15.53987
IGSF21,36.9692
IGSF22,118.13713
IGSF3,22.526427499999997
IGSF5,42.68388
IGSF6,528.85209
IGSF8,35.6182
IGSF9,7.2801
IGSF9B,14.655235000000001
IHH,267.91187
IK,327.55332999999996
IKBIP,567.00035
IKBKAP,97.2221
IKBKB,111.65957666666667
IKBKE,87.22273
IKBKG,187.83153
IKZF1,352.2996655555556
IKZF2,41.660936666666665
IKZF3,116.03315666666667
IKZF4,53.797942500000005
IKZF5,76.215705
IL10,0.00891
IL10RA,481.58731
IL10RB,552.01949
IL11,34.53978
IL11RA,58.65501999999999
IL12A,22.75423
IL12B,3.13262
IL12RB1,45.59797333333333
IL12RB2,29.79012
IL13,68.77155
IL13RA1,272.38791000000003
IL13RA2,7.63722
IL15,112.023535
IL15RA,43.33246
IL16,243.63512
IL17A,8.74641
IL17B,31.89771
IL17C,172.16195
IL17D,14.41536
IL17F,874.71966
IL17RA,738.136705
IL17RB,9.059393333333333
IL17RC,72.91416333333333
IL17RD,18.706775
IL17RE,6.896865
IL18,21.00839
IL18BP,43.64772
IL18R1,73.27189
IL18RAP,1629.33878
IL19,12.9741
IL1A,61.48143
IL1B,323.47222
IL1F10,19.39327
IL1R1,69.70712
IL1R2,586.78427
IL1RAP,125.297125
IL1RAPL1,19.10931
IL1RAPL2,15.95226
IL1RL1,39.60001
IL1RL2,23.69771
IL1RN,148.43846
IL2,5.72229
IL20,21.86085
IL20RA,17.452516666666668
IL20RB,13.76232
IL21,19.98047
IL21R,72.57447333333333
IL22,208.28877
IL22RA1,23.31504
IL22RA2,0.00475
IL23A,24.8395725
IL23R,7.617725
IL24,42.35154
IL25,13.11696
IL26,0.00604
IL27,31.8573
IL27RA,239.16275999999996
IL2RA,13.087695
IL2RB,712.49555
IL2RG,1136.99584
IL3,1.31483
IL31RA,15.238066666666668
IL32,275.65236
IL33,0.01184
IL34,74.80993
IL36A,16.25482
IL36B,5.898885
IL36G,9.79084
IL36RN,925.68384
IL37,69.30845000000001
IL3RA,16.4801
IL4,16.08833
IL4I1,21.335355
IL4R,753.73662
IL5,0.00202
IL5RA,13.3054475
IL6,18.66075
IL6R,1052.8652033333333
IL6ST,170.82750142857142
IL7,20.75701
IL7R,2421.686495
IL9,7.04562
IL9R,16.311935000000002
ILDR1,56.39434
ILDR2,6.628985
ILF2,179.7524
ILF3,98.04721599999999
ILF3-AS1,28.57779
ILK,495.89298
ILKAP,78.56344
ILVBL,31.86301666666667
IMMP1L,42.408640000000005
IMMP2L,15.14572
IMMT,277.27447
IMP3,316.38156
IMP4,117.57881
IMPA1,417.76066
IMPA2,1000.25315
IMPACT,53.456265
IMPAD1,48.24234166666667
IMPDH1,657.58522
IMPDH2,252.49934
IMPG1,0.74082
IMPG2,52.565855
INA,18.05253
INADL,16.209971666666668
INCENP,47.91661
INE1,26.59955
INF2,61.3923875
ING1,103.6036225
ING2,34.80196
ING3,178.9872625
ING4,74.91101
ING5,30.9084575
INGX,111.29153
INHA,27.12571
INHBA,7.1885699999999995
INHBB,5.54901
INHBC,13.69756
INHBE,2.12366
INIP,126.310554
INMT,24.88553
INO80,133.2305
INO80B,80.9237475
INO80C,165.00529
INO80D,85.93118499999999
INO80E,62.99011
INPP1,79.46549
INPP4A,125.56489
INPP4B,39.6229675
INPP5A,227.67726499999998
INPP5B,69.70497999999999
INPP5D,397.2519766666667
INPP5E,51.02904
INPP5F,43.27670333333333
INPP5J,32.04073
INPP5K,213.98835
INPPL1,137.63119
INS,3.08354
INSC,7.17527
INSIG1,272.82671999999997
INSIG2,82.90331
INSL3,135.16226333333333
INSL4,11.69025
INSL5,5.27232
INSL6,2.2555
INSM1,1.3113
INSM2,24.34845
INSR,49.718584
INSRR,389.98168
INTS1,56.02898
INTS10,60.121795
INTS12,79.663
INTS2,65.7129
INTS3,54.71961
INTS4,384.067998
INTS5,44.829055
INTS6,188.5191925
INTS7,20.087553333333332
INTS8,341.91469
INTS9,66.925815
INTU,3.37853
INVS,15.37532
IP6K1,89.66398
IP6K2,135.671105
IP6K3,8.37822
IPCEF1,346.60564
IPMK,67.85038
IPO11,46.109675
IPO13,284.92364
IPO4,74.50683500000001
IPO5,138.33452400000002
IPO7,221.0597075
IPO8,192.37504
IPO9,218.7182125
IPP,22.198478
IPPK,46.628725
IQCA1,29.985886
IQCB1,97.931815
IQCC,9.49481
IQCD,14.20689
IQCE,23.389629999999997
IQCF1,7.79102
IQCF2,31.14076
IQCG,14.53264
IQCH,9.282415
IQCK,75.6361825
IQGAP1,1273.6457166666667
IQGAP2,386.20729
IQGAP3,18.87216
IQSEC1,382.82605
IQSEC2,81.00247333333333
IQSEC3,33.4499025
IQUB,22.02149
IRAK1,202.369315
IRAK1BP1,15.35577
IRAK2,31.79258333333333
IRAK3,54.519839999999995
IRAK4,133.28535
IREB2,182.2339825
IRF1,1130.51017
IRF2,773.37257
IRF2BP1,41.67305
IRF2BP2,553.2681319999999
IRF2BPL,812.17789
IRF3,175.52719
IRF4,128.47023666666666
IRF5,35.68746
IRF6,5.70553
IRF7,649.822
IRF8,765.25685
IRF9,317.37071
IRG1,34.14334
IRGC,74.0023
IRGQ,72.11559833333332
IRS1,19.587886666666666
IRS2,662.541545
IRS4,60.15314
IRX1,25.25822
IRX2,44.549055
IRX3,17.9124
IRX4,8.15942
IRX5,5.34448
ISCA1,595.2307833333333
ISCA2,210.19229
ISCU,2471.30313
ISG15,371.50176
ISG20,577.607705
ISG20L2,323.6536766666666
ISL1,30.69661
ISL2,12.86943
ISLR,8.10512
ISLR2,8.14068
ISM1,11.22826
ISM2,37.75465
ISOC1,103.08608
ISOC2,35.33836
IST1,373.373385
ISX,5.73547
ISY1,132.512005
ISYNA1,24.1560225
ITCH,56.821615
ITFG1,83.828662
ITFG2,49.365120000000005
ITFG3,71.09711
ITGA10,44.08297
ITGA11,34.23645
ITGA2,36.95114
ITGA2B,225.22065750000002
ITGA3,22.51551
ITGA4,220.64469333333332
ITGA5,439.00584
ITGA6,191.66866
ITGA7,17.556784999999998
ITGA8,6.3250275
ITGA9,9.01467
ITGAD,70.48663
ITGAE,213.7185
ITGAL,512.901995
ITGAM,1234.86062
ITGAV,54.06072
ITGAX,269.052445
ITGB1,309.98356
ITGB1BP1,92.88961
ITGB1BP2,33.60606
ITGB2,1598.4790133333333
ITGB3,58.154382857142856
ITGB3BP,203.18879
ITGB4,134.022134
ITGB5,88.5437125
ITGB6,6.7459475
ITGB7,89.01621
ITGB8,3.8648599999999993
ITGBL1,18.157558
ITIH1,29.726
ITIH2,5.45544
ITIH3,9.07978
ITIH4,18.056035
ITIH5,3.9227700000000003
ITIH6,8.55715
ITK,681.06298
ITLN1,159.17987
ITM2A,658.98941
ITM2B,6026.258425
ITM2C,41.94025
ITPA,141.04402
ITPK1,391.13724333333334
ITPKA,19.59208
ITPKB,156.332684
ITPKC,39.98973
ITPR1,118.0043275
ITPR2,39.6561325
ITPR3,43.796425
ITPRIP,329.80556
ITPRIPL1,7.19117
ITPRIPL2,63.822390000000006
ITSN1,83.6073925
ITSN2,343.0126666666667
IVD,56.1197025
IVL,28.60633
IVNS1ABP,415.3285125
IWS1,235.39640500000002
IYD,2.77918
IZUMO1,13.11909
IZUMO2,13.78243
IZUMO4,25.115724999999998
JADE1,216.24686499999999
JADE2,103.12320666666666
JADE3,4.1155
JAG1,48.594632000000004
JAG2,201.13371
JAGN1,159.32623
JAK1,783.0833875000001
JAK2,84.07646
JAK3,164.960295
JAKMIP1,5.05743
JAKMIP2,14.360395
JAKMIP3,8.52294
JAM2,4.62834
JAM3,57.85153333333333
JARID2,301.09042999999997
JAZF1,883.70758
JDP2,267.20739000000003
JKAMP,161.74973999999997
JMJD1C,358.73777666666666
JMJD1C-AS1,0.34573
JMJD4,23.40003333333333
JMJD6,45.630145000000006
JMJD7,31.77521
JMJD8,99.00834
JMY,66.487865
JOSD1,128.44363
JOSD2,53.25188
JPH1,19.42983
JPH2,46.80025666666666
JPH3,20.7000475
JPX,73.18208
JRK,71.59229833333333
JRKL,74.144115
JSRP1,20.44762
JTB,1933.8647033333334
JUN,54.87713
JUNB,1499.28924
JUND,680.6970124999999
JUP,86.98853333333334
KAAG1,22.34887
KAL1,10.496195
KALP,65.9404
KALRN,26.19515571428571
KANK1,41.35303666666667
KANK2,58.160000000000004
KANK3,38.61864
KANK4,3.88431
KANSL1,568.83235
KANSL1L,35.619262
KANSL2,212.71788
KANSL3,64.664265
KARS,1155.02914
KAT2A,44.90684
KAT2B,640.8935
KAT5,93.79715666666668
KAT6A,592.1153575
KAT6B,72.10463999999999
KAT7,146.4016
KAT8,163.096645
KATNA1,105.1187
KATNAL1,21.833875
KATNAL2,46.017154999999995
KATNB1,52.15045666666666
KATNBL1,194.7742175
KAZALD1,22.275246666666664
KAZN,43.9863925
KBTBD11,62.89769
KBTBD12,13.89369
KBTBD2,179.40189666666666
KBTBD3,58.74312
KBTBD4,54.464603333333336
KBTBD6,48.231705000000005
KBTBD7,151.7593
KBTBD8,71.83793
KCMF1,342.6866225
KCNA1,38.193235
KCNA10,5.624
KCNA2,28.038145
KCNA3,61.90422
KCNA4,0.01837
KCNA5,9.58702
KCNA6,0.00626
KCNA7,3.49762
KCNAB1,65.591046
KCNAB2,159.912745
KCNAB3,39.45925
KCNB1,11.695825
KCNB2,14.040465
KCNC1,11.075845
KCNC2,18.60944
KCNC3,21.924756666666667
KCNC4,28.09325
KCND1,12.12896
KCND2,19.76478
KCND3,6.5672274999999996
KCNE1,17.140425
KCNE1L,35.42757
KCNE2,23.71759
KCNE3,651.8807866666667
KCNE4,8.170883333333334
KCNF1,37.00287
KCNG1,44.416415
KCNG2,39.43801
KCNG3,10.217585
KCNG4,17.74558
KCNH1,48.2259
KCNH2,28.514065
KCNH3,155.20414
KCNH4,11.66386
KCNH5,11.645803333333333
KCNH6,25.012313333333335
KCNH7,18.501375
KCNH8,17.06529
KCNIP1,17.04814
KCNIP2,32.949214999999995
KCNIP3,26.050294
KCNIP4,33.76568
KCNJ1,7.4098749999999995
KCNJ10,8.668735
KCNJ11,42.06923
KCNJ12,16.41837
KCNJ13,4.107645
KCNJ14,21.56703
KCNJ15,353.769042
KCNJ16,8.80767
KCNJ2,799.96382
KCNJ3,8.341776666666666
KCNJ4,35.19533
KCNJ5,90.04370666666667
KCNJ6,4.4530899999999995
KCNJ8,12.27601
KCNJ9,15.332915
KCNK1,8.87754
KCNK10,11.88518
KCNK12,50.57724
KCNK13,7.97111
KCNK15,18.973284999999997
KCNK16,171.77921
KCNK17,96.65756
KCNK2,9.39671
KCNK3,16.629076666666666
KCNK4,103.29236
KCNK5,19.21361
KCNK6,44.21089
KCNK7,7.241703333333334
KCNK9,34.707499999999996
KCNMA1,5.975675
KCNMB1,62.76102
KCNMB2,41.991175000000005
KCNMB3,27.72219
KCNMB4,16.435806666666668
KCNN1,43.35958
KCNN2,0.52581
KCNN3,22.5776525
KCNN4,51.20581
KCNQ1,85.83355999999999
KCNQ1DN,27.02125
KCNQ2,10.427083333333334
KCNQ3,222.70975999999996
KCNQ4,20.129675
KCNQ5,8.799835
KCNRG,22.34068
KCNS1,247.09649
KCNS2,52.28351
KCNS3,99.40736
KCNT1,16.260293333333333
KCNT2,4.33882
KCNV1,10.688799999999999
KCNV2,20.76677
KCP,38.40323333333333
KCTD1,24.7910325
KCTD10,115.03546999999999
KCTD11,9.30912
KCTD12,834.238175
KCTD13,67.69959
KCTD15,22.002100000000002
KCTD16,7.907635
KCTD17,314.4807
KCTD18,123.77984000000001
KCTD19,73.15731
KCTD2,72.41619
KCTD20,324.00401666666664
KCTD21,78.61266
KCTD3,0.00333
KCTD4,8.328975
KCTD5,91.63509666666668
KCTD6,77.30025499999999
KCTD7,88.7344775
KCTD9,82.00576
KDELC1,0.07107
KDELC2,34.11311
KDELR1,143.035135
KDELR2,171.42657333333332
KDELR3,42.21244666666667
KDF1,11.05199
KDM1A,69.85903
KDM1B,74.25191
KDM2A,321.4281866666667
KDM2B,178.45779
KDM3A,308.53920500000004
KDM3B,216.435185
KDM4A,86.33775499999999
KDM4B,223.30491125
KDM4C,38.7260925
KDM4D,14.52673
KDM5A,218.79195400000003
KDM5B,50.460068
KDM5C,49.61777
KDM5D,147.12635
KDM6A,61.09892
KDM6B,269.212172
KDM7A,210.035485
KDM8,21.186945
KDR,21.24157
KDSR,35.193130000000004
KEAP1,33.94367
KEL,51.49451
KERA,22.18283
KGFLP2,6.38422
KHDC1L,2.37103
KHDC3L,29.48638
KHDRBS1,695.1917833333333
KHDRBS2,46.05082
KHDRBS3,10.656705
KHK,32.25143
KHNYN,323.946255
KHSRP,140.88669
KIAA0020,30.847455
KIAA0040,152.890775
KIAA0087,3.80535
KIAA0100,85.351
KIAA0101,212.40733
KIAA0125,224.468945
KIAA0141,59.9025575
KIAA0195,96.608575
KIAA0196,193.79152
KIAA0226,53.460194
KIAA0226L,596.076425
KIAA0232,250.34204999999997
KIAA0247,805.01547
KIAA0319,13.91768
KIAA0319L,388.599445
KIAA0355,69.15761
KIAA0368,69.9704875
KIAA0391,348.19423
KIAA0408,7.802793333333334
KIAA0430,681.4653549999999
KIAA0513,145.860465
KIAA0556,72.30246
KIAA0586,45.162295
KIAA0753,36.98635
KIAA0825,4.51099
KIAA0895,3.86287
KIAA0895L,52.55175
KIAA0907,241.913875
KIAA0922,319.86944
KIAA0930,88.29978999999999
KIAA1024,1.84846
KIAA1033,861.2628333333333
KIAA1045,19.520275
KIAA1107,11.517605
KIAA1109,174.63216714285713
KIAA1143,234.002485
KIAA1147,188.18298666666666
KIAA1161,30.77888
KIAA1191,265.34707
KIAA1210,5.1791
KIAA1211,10.978446666666665
KIAA1211L,12.452116666666667
KIAA1217,30.453465714285716
KIAA1244,4.0785175
KIAA1257,67.15394666666667
KIAA1279,87.15882
KIAA1324,107.63396333333334
KIAA1324L,22.50067
KIAA1328,10.89169
KIAA1377,10.36173
KIAA1407,23.61619
KIAA1429,107.57125333333333
KIAA1430,85.1434025
KIAA1432,50.707750000000004
KIAA1456,7.60004
KIAA1462,12.048246666666666
KIAA1467,12.10555
KIAA1468,111.86849000000001
KIAA1522,156.41695
KIAA1524,5.1209299999999995
KIAA1549,44.74551333333333
KIAA1549L,22.052716666666665
KIAA1551,2295.79359
KIAA1586,8.04983
KIAA1598,23.77558
KIAA1614,7.52099
KIAA1644,48.0127
KIAA1654,47.52671
KIAA1656,40.296355
KIAA1671,22.594976666666668
KIAA1683,49.6576
KIAA1715,58.12810666666667
KIAA1731,51.3099475
KIAA1751,79.26453
KIAA1755,66.22827000000001
KIAA1804,18.25894
KIAA1841,9.8657
KIAA1875,0.97743
KIAA1919,27.215609999999998
KIAA1958,15.180375000000002
KIAA2013,164.75778
KIAA2018,78.066692
KIAA2022,24.866176666666664
KIAA2026,115.4230525
KIDINS220,120.48699400000001
KIF11,6.22377
KIF12,3.42903
KIF13A,82.81642666666666
KIF13B,70.62545
KIF14,1.739925
KIF15,8.65882
KIF16B,29.369615
KIF17,144.61662
KIF18A,10.77447
KIF18B,351.7243
KIF19,23.602289999999996
KIF1A,97.15737333333334
KIF1B,61.481705000000005
KIF1C,52.049094999999994
KIF20A,4.87996
KIF20B,19.08458
KIF21A,24.30869
KIF21B,190.3211
KIF22,30.71841
KIF23,5.058055
KIF24,12.63093
KIF25,50.063955
KIF25-AS1,9.770403333333332
KIF26A,128.14751
KIF26B,10.208693333333335
KIF27,6.46718
KIF2A,236.82762000000002
KIF2B,157.41867
KIF2C,35.57713
KIF3A,38.190345
KIF3B,109.44048999999998
KIF3C,50.489705
KIF4A,8.66613
KIF5A,206.17669999999998
KIF5B,963.2447066666667
KIF5C,121.45413
KIF6,62.193908
KIF7,17.87839
KIF9,22.772405
KIFAP3,89.24726
KIFC1,19.39631
KIFC2,469.77682500000003
KIFC3,20.758960000000002
KIN,48.11177333333333
KIR2DL1,22.25484
KIR2DL4,81.25951666666667
KIR2DL5A,2421.79545
KIR2DS1,40.90745
KIR2DS2,25.21687
KIR2DS4,20.19905
KIR2DS5,2667.14913
KIR3DL3,71.15336
KIR3DS1,39.35401
KIR3DX1,10.58356
KIRREL,22.401143333333334
KIRREL2,0.60164
KIRREL3,4.99752
KIRREL3-AS3,10.46831
KISS1,1.42514
KISS1R,15.28141
KIT,4.42926
KITLG,11.426433333333334
KIZ,83.71175
KL,7.44608
KLB,12.079775000000001
KLC1,155.2537075
KLC2,6.88899
KLC3,66.13946666666666
KLC4,49.490685
KLF1,274.24236
KLF10,260.18487
KLF11,49.95061
KLF12,65.34757
KLF13,225.83348
KLF14,6.901994999999999
KLF15,21.64627
KLF16,61.593705
KLF17,52.39555
KLF2,1417.05718
KLF3,430.34045000000003
KLF3-AS1,27.069300000000002
KLF4,167.211925
KLF5,37.85938
KLF6,904.4401379999999
KLF7,156.259744
KLF8,22.747355
KLF9,43.252942000000004
KLHDC1,27.344855000000003
KLHDC10,72.190514
KLHDC2,548.47903
KLHDC3,150.26344
KLHDC4,29.226885
KLHDC7A,22.50249
KLHDC7B,35.70385
KLHDC8A,151.34689
KLHDC8B,43.12038
KLHDC9,23.37325
KLHL1,9.58953
KLHL10,24.63991
KLHL11,47.92192
KLHL12,174.186215
KLHL13,0.06826
KLHL14,38.261943333333335
KLHL15,70.20668
KLHL17,90.76913499999999
KLHL18,41.23079
KLHL2,904.29199
KLHL20,69.5371825
KLHL21,438.52571
KLHL22,49.60583799999999
KLHL24,300.067942
KLHL25,255.71705
KLHL26,82.52688
KLHL28,201.63082
KLHL29,22.1335725
KLHL3,37.817085000000006
KLHL30-AS1,27.51588
KLHL31,18.057155
KLHL32,0.00333
KLHL34,1.564185
KLHL35,59.59465
KLHL36,173.35175333333336
KLHL4,6.028575
KLHL40,4.04366
KLHL41,16.75696
KLHL42,30.615896666666668
KLHL5,110.4129425
KLHL6,110.145505
KLHL7,69.84727666666667
KLHL8,215.61255666666668
KLHL9,158.4778925
KLK1,37.8212
KLK10,8.46962
KLK11,55.12904
KLK12,119.07116
KLK13,36.322676666666666
KLK14,0.00408
KLK15,31.0872375
KLK2,140.0089825
KLK3,74.03426
KLK4,33.480856
KLK5,23.51711
KLK6,23.58886
KLK7,30.117355000000003
KLK8,125.61556999999999
KLKB1,67.69162
KLRAP1,5.02825
KLRB1,815.27021
KLRC1,143.66464
KLRC3,64.80447
KLRC4,9.48245
KLRC4-KLRK1,515.872335
KLRD1,266.1564633333333
KLRF1,567.35129
KLRG1,151.35693
KLRG2,6.999155
KMO,64.63739333333334
KMT2A,84.94273545454546
KMT2B,29.734283333333334
KMT2C,249.86627
KMT2D,74.088856
KMT2E,833.5104133333333
KNCN,4.9303
KNDC1,51.06157666666667
KNG1,14.857113333333336
KNOP1,64.99570666666666
KNSTRN,62.83903
KNTC1,10.83961
KPNA1,114.398175
KPNA2,207.751685
KPNA3,196.55634500000002
KPNA4,266.156238
KPNA5,84.71882666666666
KPNA6,88.563175
KPNB1,922.8391783333333
KPTN,32.48943
KRAS,481.964866
KRBA1,100.95973
KRBA2,91.33328
KRBOX4,52.823335
KRCC1,349.19478
KREMEN1,30.603661999999996
KREMEN2,39.37938
KRI1,55.967915000000005
KRIT1,114.4487425
KRR1,87.79503166666666
KRT1,1233.41767
KRT10,308.89055333333334
KRT12,251.02151
KRT13,2.30557
KRT14,12.82355
KRT15,15.63181
KRT16,3.61534
KRT17P5,66.53449
KRT18,13.44301
KRT19,14.892165
KRT2,11.99926
KRT20,12.92146
KRT222,0.80338
KRT23,688.69174
KRT24,5.48982
KRT25,29.5225
KRT27,5.36421
KRT3,36.70554
KRT31,32.89252
KRT32,36.83894
KRT33A,2.34057
KRT33B,9.50699
KRT34,16.46101
KRT35,0.01902
KRT36,52.89597
KRT37,8.88401
KRT38,18.11172
KRT4,64.684235
KRT40,1.54485
KRT5,48.42261
KRT6A,11.408349999999999
KRT6B,20.927335
KRT7,49.135830000000006
KRT71,17.92674
KRT72,32.76889
KRT73,5.241585000000001
KRT74,16.73707
KRT75,62.18723
KRT76,17.06387
KRT77,18.09894
KRT78,378.624715
KRT79,17.25792
KRT8,209.13785
KRT80,28.70191
KRT81,120.67455
KRT82,67.72613
KRT83,29.63773
KRT84,13.94694
KRT85,69.63673
KRT86,39.51465
KRT8P11,9.40332
KRT9,59.62492
KRTAP1-1,15.70398
KRTAP1-3,75.353125
KRTAP1-5,2.75408
KRTAP10-11,2894.96197
KRTAP10-12,42.93259
KRTAP11-1,14.32631
KRTAP13-1,29.87733
KRTAP17-1,3.9128
KRTAP19-1,13.67071
KRTAP19-3,24.43774
KRTAP2-1,0.509435
KRTAP2-3,25.693155
KRTAP3-1,5.76057
KRTAP3-2,16.20327
KRTAP3-3,6.55146
KRTAP4-1,15.82882
KRTAP4-11,4.82018
KRTAP4-12,7.07099
KRTAP4-2,36.35413
KRTAP4-3,13.02123
KRTAP4-4,13.36297
KRTAP4-5,8.92607
KRTAP4-6,8.80425
KRTAP4-9,122.33968
KRTAP5-2,39.64656
KRTAP5-9,215.01448
KRTAP5-AS1,207.58162
KRTAP7-1,31.16721
KRTAP8-1,70.4896
KRTAP9-2,30.91205
KRTAP9-3,1.45331
KRTAP9-4,0.0078
KRTCAP2,350.35141999999996
KRTCAP3,14.46486
KRTDAP,2.58148
KSR1,50.63483
KSR2,13.842315
KTI12,27.42511
KTN1,438.3791233333333
KXD1,153.48539666666667
KY,41.05871
KYNU,74.136495
L1CAM,18.602495
L1TD1,15.806750000000001
L2HGDH,8.51774
L3HYPDH,29.38429
L3MBTL1,57.98378666666667
L3MBTL2,92.69043
L3MBTL3,107.94699
L3MBTL4,9.779454999999999
LACC1,20.976673333333334
LACE1,5.450535
LACRT,3.1911
LACTB,121.49834666666668
LACTB2,64.429775
LAD1,28.846995
LAG3,15.25361
LAGE3,86.67933
LAIR1,153.24337500000001
LAIR2,70.74968
LALBA,10.04576
LAMA1,1.37946
LAMA2,13.383460000000001
LAMA3,19.23987
LAMA4,16.7597
LAMA5,68.27644
LAMB1,17.288055
LAMB2,20.46689
LAMB3,22.60759
LAMB4,27.024810000000002
LAMC1,35.109165000000004
LAMC2,29.33776
LAMC3,14.856665
LAMP1,620.5755475000001
LAMP2,823.6232575
LAMP3,23.54157
LAMP5,25.98581
LAMTOR1,964.11509
LAMTOR2,124.04764
LAMTOR3,459.2509
LAMTOR4,573.58605
LAMTOR5,785.76353
LANCL1,126.05540500000001
LANCL2,14.939163333333333
LANCL3,11.01326
LAP3,300.55785
LAPTM4A,1264.7654
LAPTM4B,46.270835000000005
LAPTM5,3820.899465
LARGE,14.75161
LARP1,175.496995
LARP1B,38.37797833333334
LARP4,38.03908199999999
LARP4B,150.896625
LARP6,13.58193
LARP7,121.18801
LARS,305.062555
LARS2,48.554739999999995
LAS1L,29.478305
LASP1,1821.61819
LAT,308.26179
LAT2,540.78281
LATS1,53.71452000000001
LATS2,134.8142425
LAX1,338.33467
LAYN,8.00024
LBH,876.78957
LBP,29.101889999999997
LBR,1794.52655
LBX1,117.50354
LCA5,10.94288
LCA5L,23.8512
LCAT,7.838995
LCE1B,36.00588
LCE1E,86.01971
LCE2B,5.01352
LCE3D,54.96873
LCK,613.855865
LCLAT1,140.03331
LCMT1,97.2824
LCMT2,50.967325
LCN1,22.51874
LCN10,225.30863
LCN12,85.92827
LCN15,31.14907
LCN2,104.67551
LCN6,29.01736
LCN8,14.009715
LCNL1,20.49152
LCOR,175.64397
LCORL,44.484723333333335
LCP1,2266.91557
LCP2,497.352915
LCT,32.21055
LCTL,2.859
LDB1,52.27619
LDB2,2.8872750000000003
LDB3,293.58432200000004
LDHA,1220.37158
LDHAL6A,20.7782
LDHAL6B,8.83408
LDHAL6CP,9.74094
LDHB,2526.14473
LDHC,4.08434
LDHD,11.81996
LDLR,44.658398
LDLRAD3,47.04705
LDLRAD4,85.4482175
LDLRAP1,401.10072
LDOC1,31.72457
LDOC1L,154.30053
LEAP2,635.55822
LECT1,16.29409
LECT2,5.26584
LEF1,602.2222633333332
LEFTY1,60.282475
LEKR1,41.216494999999995
LELP1,28.95781
LEMD1,11.78819
LEMD2,20.74491
LEMD3,347.9884
LENEP,81.2392
LENG1,217.62337
LENG8,33.84106
LENG9,69.27775
LEO1,34.62259
LEP,30.13126
LEPR,15.252664285714287
LEPRE1,38.10152
LEPREL1,7.01769
LEPREL2,25.29054
LEPREL4,7.66781
LEPROTL1,503.98291
LETM1,67.55229666666668
LETM2,63.859835000000004
LETMD1,121.0211
LFNG,197.30978000000002
LGALS1,631.95
LGALS12,523.73555
LGALS13,10.61376
LGALS14,54.01782
LGALS2,157.95534
LGALS3,2885.3189500000003
LGALS3BP,113.99205
LGALS4,80.92212
LGALS8,112.50391333333334
LGALS8-AS1,92.23265
LGALS9,243.34039
LGALSL,222.68171
LGI1,0.00158
LGI2,16.40683
LGI3,16.35084
LGI4,27.367195
LGMN,23.31388
LGR4,5.887206666666667
LGR5,6.959720000000001
LGR6,78.07704
LGSN,4.47635
LHCGR,2.68874
LHFP,17.04628
LHFPL1,11.03558
LHFPL2,168.43045
LHFPL3,11.43905
LHFPL4,23.51317
LHFPL5,83.00749
LHPP,71.96743
LHX1,12.90021
LHX2,13.382695
LHX3,229.16446
LHX4,36.05774666666667
LHX5,4.47942
LHX6,21.225985
LHX8,4.96317
LHX9,4.42835
LIAS,30.3053
LIF,16.38387
LIFR,20.462426
LIG1,112.88238
LIG3,64.43974166666666
LIG4,99.014225
LILRA1,312.685195
LILRA2,905.363005
LILRA3,323.50607
LILRA4,32.25034
LILRA5,67.76164
LILRB1,358.67780500000003
LILRB2,649.038505
LILRB3,779.62604
LILRB4,29.42134
LILRB5,29.43521
LILRP2,19.43423
LIM2,28.07211
LIMA1,52.68419
LIMCH1,28.7403275
LIMD1,251.006462
LIMD1-AS1,69.12861
LIMD2,77.77673
LIME1,65.41622
LIMK1,18.134333333333334
LIMK2,231.0539666666667
LIMS1,448.63016749999997
LIMS2,83.16972
LIN28A,23.07371
LIN28B,7.1646
LIN37,71.88618
LIN52,200.84269
LIN54,32.5722
LIN7A,82.92432
LIN7B,21.007845
LIN7C,186.4232066666667
LIN9,12.758163333333334
LINC00028,24.06113
LINC00029,33.75342
LINC00052,51.79203
LINC00086,6.04762
LINC00094,39.43366
LINC00115,18.76076
LINC00116,149.27762
LINC00152,600.6587149999999
LINC00158,15.58324
LINC00161,26.083475
LINC00167,81.98967
LINC00173,138.39337
LINC00174,4.52854
LINC00176,33.19135
LINC00189,3.94261
LINC00205,17.49454
LINC00208,105.20267
LINC00216,7.30567
LINC00221,5.9072
LINC00238,0.90166
LINC00242,8.36715
LINC00260,28.57381
LINC00266-1,24.44955
LINC00277,11.23033
LINC00282,26.3744
LINC00299,11.51797
LINC00301,4.492863333333333
LINC00302,7.727895
LINC00304,72.86086999999999
LINC00305,12.88976
LINC00308,22.788955
LINC00310,0.02484
LINC00311,36.94962
LINC00312,49.83991
LINC00313,3.496305
LINC00314,0.00217
LINC00315,31.20106
LINC00319,207.46532
LINC00324,188.82985
LINC00326,69.39212
LINC00328,3.8163
LINC00334,10.14201
LINC00337,4.89485
LINC00339,321.04755
LINC00341,389.60497
LINC00461,6.1274299999999995
LINC00467,13.108895
LINC00470,14.1859425
LINC00471,1.30763
LINC00472,17.5619
LINC00474,13.530545
LINC00476,69.794585
LINC00477,14.50165
LINC00478,19.201173333333333
LINC00479,56.42543
LINC00482,2.28598
LINC00483,6.79222
LINC00487,0.02492
LINC00504,6.63646
LINC00518,7.449545
LINC00521,59.61383000000001
LINC00523,38.77761
LINC00525,11.5579
LINC00526,53.59843
LINC00527,555.83713
LINC00528,18.61781
LINC00529,3.62365
LINC00544,23.4778
LINC00574,19.23819
LINC00597,6.71674
LINC00598,14.603470000000002
LINC00610,13.94148
LINC00612,0.47575
LINC00615,6.20257
LINC00638,404.53711
LINC00643,1.277625
LINC00652,11.47539
LINC00654,32.728165
LINC00656,26.25922
LINC00661,126.6768
LINC00665,26.9691275
LINC00671,30.468485
LINC00687,42.07861
LINC00839,8.0729
LINC00851,28.39464
LINC00852,10.44022
LINC00888,21.666575
LINC00889,5.9738
LINC00893,41.323915
LINC00896,57.14786
LINC00905,6.23457
LINC00909,120.14083
LINC00910,10.658115
LINC00917,6.68147
LINC00921,54.502250000000004
LINC00935,0.19653
LINC00937,8.70428
LINC00943,21.05839
LINC00951,133.03028
LINC00955,4.91313
LINC00965,13.41506
LINC00982,18.1745875
LINC00998,146.87821
LINC01000,595.80071
LINC01089,134.32899
LINC01101,61.495
LINC01105,4.244876666666666
LINC01106,7.8986
LINC01116,7.96435
LINC01121,51.45595
LINC01126,58.36929
LINC01128,60.532888333333325
LINC01138,31.224053333333334
LINC01140,33.593025
LINC01165,38.50215
LINC01260,17.715415
LINC01270,16.5553
LINC01296,144.56421
LINC01341,16.0326
LINC01356,39.2699
LINC01366,24.904755
LINC01405,45.65443
LINGO1,56.0186
LINGO2,13.63656
LINGO3,176.50603
LINS,136.474462
LIPA,501.51718000000005
LIPC,28.85446
LIPE,164.00322
LIPF,74.05773
LIPG,1.97982
LIPH,40.605185000000006
LIPI,0.03122
LIPJ,13.840173333333334
LIPT1,102.9705
LITAF,2566.1061133333333
LIX1,10.17401
LIX1L,228.882015
LKAAEAR1,457.12491
LLGL1,39.11212333333334
LLGL2,122.401765
LLPH,94.6084
LMAN1,116.29889666666666
LMAN1L,56.6873
LMAN2,53.486509999999996
LMAN2L,39.02999
LMBR1,21.542575
LMBR1L,83.37851
LMBRD1,697.905965
LMBRD2,56.72548333333333
LMCD1,12.07497
LMF1,44.79985888888889
LMF2,143.804315
LMLN,41.8064075
LMNA,61.87605666666667
LMNB1,256.90803
LMNB2,2.52102
LMNTD1,41.59691
LMNTD2,18.70654
LMO1,24.42651
LMO2,314.17609
LMO3,6.796795
LMO4,81.182594
LMO7,30.1858575
LMO7DN,5.80156
LMOD1,21.893685
LMOD2,22.71515
LMOD3,86.08846333333332
LMTK2,32.64290333333334
LMTK3,30.09206
LMX1A,24.02487
LMX1B,0.00396
LNPEP,263.604258
LNX1,13.943005
LNX2,50.24548
LOC100049716,101.53671
LOC100127886,10.15839
LOC100128175,0.07529
LOC100128185,32.82606
LOC100128288,23.917
LOC100128644,16.508
LOC100128653,57.74811
LOC100128751,16.13857
LOC100128840,4.48173
LOC100128922,3.69829
LOC100129449,9.21448
LOC100129455,5.31288
LOC100129476,16.66192
LOC100129884,231.29603
LOC100130264,58.20886
LOC100130285,5.58404
LOC100130331,9.97023
LOC100130370,39.094295
LOC100130428,24.18657
LOC100130691,20.77479
LOC100130744,0.00411
LOC100130815,69.42248
LOC100130872,182.846915
LOC100131170,13.6826
LOC100131496,190.04706
LOC100131508,1.0887
LOC100131510,16.42807
LOC100131541,30.89312
LOC100131581,77.66176
LOC100131756,6.02892
LOC100131763,4.95933
LOC100131860,26.99808
LOC100132005,0.76861
LOC100132167,18.13137
LOC100132319,41.85688
LOC100132354,29.91131
LOC100132356,41.53671
LOC100132686,3.55362
LOC100133130,7.33335
LOC100133131,21.95878
LOC100133315,19.40613
LOC100134317,18.1862
LOC100134368,417.42937
LOC100233156,94.75810333333334
LOC100287166,23.23425
LOC100287290,14.34997
LOC100287497,5.8553
LOC100287728,31.593075
LOC100287896,26.00895
LOC100288974,4.59655
LOC100289090,62.952865
LOC100294362,100.06976
LOC100505501,25.44867
LOC100505549,73.1045
LOC100506119,4.23058
LOC100506127,23.78844
LOC100506271,32.9512
LOC100506504,2.28785
LOC100506557,14.2537
LOC100506571,7.4837
LOC100506667,10.8713
LOC100506730,8.0236
LOC100506990,28.808210000000003
LOC100507033,7.40749
LOC100507388,21.96138
LOC100507530,58.00549
LOC100509814,4.23139
LOC100652824,84.33379
LOC100996455,6.37751
LOC100996517,250.01141
LOC100996634,84.78374
LOC100996696,407.38238
LOC100996760,26.0021
LOC101060363,2272.939581666667
LOC101060747,405.88269
LOC101927051,15.252503333333335
LOC101927122,64.67322
LOC101927181,2.9012
LOC101927770,28.3166
LOC101928068,77.39428
LOC101928612,9.87449
LOC101928697,25.47106
LOC101928751,37.65826
LOC101928787,38.1068
LOC101928921,20.04437
LOC101929762,85.89035
LOC101930026,56.00846
LOC101930405,37.44051
LOC102724229,141.41697
LOC113230,59.18045
LOC146880,51.33209
LOC148696,17.47089
LOC149373,117.36978
LOC151121,34.87276
LOC151174,44.08082
LOC151760,121.204055
LOC152586,6.05095
LOC153684,126.53296
LOC154872,13.40457
LOC157740,16.7191
LOC158960,262.09419
LOC202181,40.08189
LOC220077,50.86429
LOC254028,10.60496
LOC254896,578.70457
LOC280665,8.07623
LOC283588,20.26064
LOC283693,70.04057666666667
LOC284023,19.15434
LOC284379,123.14297
LOC284788,2.98007
LOC284837,109.10758
LOC285074,347.19038
LOC285696,0.24424
LOC286359,22.404725
LOC339803,14.223970000000001
LOC344887,14.66162
LOC375196,112.73591
LOC388882,2.26651
LOC389199,366.17512
LOC389834,17.2862
LOC389895,0.00187
LOC399900,323.082305
LOC400590,3.5532649999999997
LOC400692,5.30976
LOC400891,4.51978
LOC400940,29.952953333333337
LOC400965,15.82031
LOC401052,5.89735
LOC401320,12.88398
LOC403323,38.738205
LOC439938,15.28073
LOC439951,11.85908
LOC440173,35.168
LOC440570,6.34255
LOC440792,113.366905
LOC440934,5.46848
LOC441081,105.48282
LOC441178,52.346705
LOC441179,4.38151
LOC441242,13.94546
LOC441601,22.49795
LOC494150,13.63056
LOC51145,48.42284
LOC541472,23.03622
LOC54944,4.1719
LOC554174,56.95576
LOC554206,15.711185
LOC554207,3.71704
LOC57399,2.20938
LOC613266,8.4316
LOC641515,91.55156
LOC642533,133.74232
LOC642757,26.85766
LOC642776,1.31469
LOC642980,4.63661
LOC643549,7.92739
LOC643659,13.18415
LOC644172,0.52887
LOC645166,15.33913
LOC645188,10.21096
LOC645261,9.76869
LOC646214,232.81456500000002
LOC646903,0.01019
LOC648987,13.73943
LOC652276,134.02205
LOC653486,27.97848
LOC654342,15.153195
LOC654780,92.14785
LOC692247,173.09910666666667
LOC728024,0.02092
LOC728175,24.394779999999997
LOC728554,108.77685
LOC728613,22.729205
LOC728690,333.44278
LOC728819,77.85523
LOC729164,40.66119
LOC729173,114.31476
LOC729866,2.43891
LOC731157,1.20858
LOC79999,375.89527
LOC80154,30.04815
LOC81691,6.851665
LOC93432,5.80665
LOC93463,23.60756
LOC93622,96.65772
LOH12CR1,22.372825
LONP1,109.47847
LONRF1,77.84077333333333
LONRF2,16.358705
LONRF3,401.12773
LOR,407.17833
LOX,18.444983333333333
LOXHD1,3.22616
LOXL1,20.37824
LOXL2,18.4855375
LOXL3,125.9683
LOXL4,32.208125
LPA,17.199415000000002
LPAL2,14.03305
LPAR1,93.02638333333334
LPAR2,115.30845
LPAR3,13.15715
LPAR4,18.6599
LPAR5,62.325655
LPAR6,171.402785
LPCAT1,417.49333
LPCAT2,151.5611475
LPCAT3,22.355784999999997
LPCAT4,29.212704000000002
LPGAT1,418.60400000000004
LPHN1,11.589143333333332
LPHN3,18.3499225
LPIN1,93.35221000000001
LPIN2,515.3638599999999
LPIN3,121.99207
LPL,11.90315
LPO,90.47263
LPP,299.74468375
LPPR1,21.856505000000002
LPPR2,131.02218499999998
LPPR3,19.99576
LPPR4,0.04935
LPPR5,19.305320000000002
LPXN,307.60882
LRBA,139.02322
LRCH1,41.22224
LRCH2,4.87367
LRCH3,30.980238571428572
LRCH4,164.82482199999998
LRFN1,259.14447
LRFN2,5.6057
LRFN3,12.23521
LRFN4,28.274585
LRFN5,6.24146
LRG1,209.23098
LRGUK,1.93396
LRIF1,128.18667
LRIG1,41.339475
LRIG2,34.421585
LRIG3,8.13122
LRIT1,0.01629
LRMP,824.602
LRP1,17.928337499999998
LRP10,1019.5905166666666
LRP11,0.62207
LRP12,9.774263333333334
LRP1B,0.75113
LRP2,67.18426500000001
LRP2BP,4.11085
LRP3,14.746545
LRP4,3.64792
LRP5,55.69627
LRP5L,12.59267
LRP6,152.23802333333333
LRP8,33.99184666666667
LRPAP1,100.16781333333334
LRPPRC,168.1990375
LRR1,59.054370000000006
LRRC1,9.778195
LRRC14,427.89182
LRRC15,26.7558
LRRC16A,38.3335725
LRRC16B,212.69602
LRRC17,6.37285
LRRC18,45.14618
LRRC19,0.00276
LRRC2,13.72563
LRRC2-AS1,5.92815
LRRC20,44.38566
LRRC23,25.84273333333333
LRRC25,221.96304
LRRC27,53.210165
LRRC28,20.9714675
LRRC29,12.17067
LRRC3,14.168265000000002
LRRC31,2.55631
LRRC32,28.48216
LRRC34,4.743565
LRRC36,204.38736
LRRC37A16P,25.90728
LRRC37A2,139.96861
LRRC37A4P,34.20329
LRRC37A5P,10.32189
LRRC37BP1,12.29286
LRRC38,19.40038
LRRC39,5.3512
LRRC3B,11.71757
LRRC4,67.0893
LRRC40,632.0530749999999
LRRC41,39.9308825
LRRC42,15.74547
LRRC43,51.82978
LRRC45,24.9604
LRRC46,17.710785
LRRC47,284.72623
LRRC48,21.30106
LRRC49,28.48812
LRRC4B,4.50685
LRRC4C,17.78907
LRRC52,34.93583
LRRC55,20.2366
LRRC56,28.55397
LRRC57,42.079485
LRRC58,87.355045
LRRC59,66.07817999999999
LRRC6,32.789609999999996
LRRC61,37.85629
LRRC63,3.04681
LRRC66,17.32224
LRRC7,21.5188925
LRRC71,213.43539
LRRC73,7.50938
LRRC74,11.063995
LRRC75A,26.21291
LRRC75A-AS1,280.7434666666667
LRRC75B,25.726995
LRRC8A,205.600315
LRRC8B,49.10488
LRRC8D,320.96521
LRRC8E,6.600445000000001
LRRCC1,32.62397
LRRD1,3.75538
LRRFIP1,1129.56549
LRRFIP2,37.110246000000004
LRRIQ1,5.69242
LRRIQ3,4.26598
LRRK1,20.0863
LRRK2,935.41992
LRRN1,1.88012
LRRN2,17.344485
LRRN3,310.896865
LRRN4,441.53314
LRRN4CL,47.53756
LRRTM1,23.21225
LRRTM2,36.84052
LRRTM4,3.55275
LRSAM1,26.492305
LRTM1,19.372085
LRTM2,10.84122
LRTOMT,57.531555
LRWD1,70.60406
LSAMP,18.77192
LSG1,56.774093333333326
LSM1,300.00675
LSM10,454.43779
LSM11,21.76962
LSM12,123.30485999999999
LSM14A,520.3499933333334
LSM14B,60.265638
LSM2,57.36007
LSM3,266.501225
LSM4,79.41744666666666
LSM5,159.30785333333333
LSM6,205.28854
LSM7,378.39332
LSM8,83.35571
LSMEM1,40.92368
LSMEM2,12.88219
LSP1,1535.47603
LSR,10.9741
LSS,76.32205333333333
LST1,1398.1076133333333
LTA,48.66341
LTB,1035.23401
LTB4R,108.50307666666667
LTB4R2,17.12301
LTBP1,98.606665
LTBP2,133.39414
LTBP3,78.21504333333334
LTBP4,16.031480000000002
LTBR,318.1295475
LTC4S,29.25981
LTF,71.08584
LTK,25.93902
LTN1,74.86591333333334
LTV1,35.093945
LUC7L,80.48539000000001
LUC7L3,488.68027166666667
LUM,3.464785
LURAP1,80.11427
LURAP1L,2.25777
LUZP1,54.04787799999999
LUZP2,0.35085
LUZP4,409.99583
LUZP6,3531.13403
LXN,107.18452
LY6D,12.24567
LY6E,81.68393
LY6G5C,52.33324
LY6G6C,135.72974
LY6G6D,68.21777
LY6G6E,16.71203
LY6H,17.23438
LY6K,2.78873
LY86,372.00652
LY86-AS1,29.901883333333334
LY9,173.73753
LY96,1809.21815
LYAR,154.207365
LYG1,13.72337
LYG2,9.0518
LYL1,1330.9008
LYN,2824.2808466666665
LYNX1,49.523575
LYPD1,12.70592
LYPD3,103.23533
LYPD4,113.427605
LYPD5,22.3762
LYPD6,34.37625
LYPD6B,12.70651
LYPLA1,558.893295
LYPLA2,343.76547500000004
LYPLAL1,203.807725
LYRM1,374.54627
LYRM2,158.359798
LYRM4,70.73765
LYRM5,373.23888
LYRM7,181.15851
LYRM9,55.79107
LYSMD1,40.67068
LYSMD2,1214.60302
LYSMD3,272.20866
LYSMD4,19.05935
LYST,488.1527525
LYVE1,29.25272
LYZ,4883.1883
LYZL1,15.034044999999999
LYZL4,30.78517
LYZL6,108.18363
LZIC,38.413665
LZTFL1,23.1649675
LZTR1,151.17372
LZTS1,68.62267
LZTS1-AS1,24.40092
LZTS2,33.317375
LZTS3,115.0304
M1AP,19.3817625
M6PR,264.74139
MAATS1,105.19617875
MAB21L1,16.27706
MAB21L2,4.157045
MAB21L3,1.13119
MACC1,6.197333333333333
MACF1,159.11674
MACROD1,84.614045
MACROD2,41.879622499999996
MAD1L1,47.39815
MAD2L1,48.0505
MAD2L1BP,87.56305
MAD2L2,52.39614
MADCAM1,112.12357
MADD,240.218545
MAEL,5.11629
MAF,69.284396
MAF1,586.46961
MAFB,313.5484
MAFF,27.044865
MAFG,24.02451
MAFK,161.4344
MAG,28.816779999999998
MAGEA1,52.52883
MAGEA10,0.00238
MAGEA10-MAGEA5,26.837604999999996
MAGEA11,8.61894
MAGEA12,8.81656
MAGEA2,39.272
MAGEA3,7.07775
MAGEA4,0.00281
MAGEA8,7.70335
MAGEB1,0.42783
MAGEB18,0.00229
MAGEB2,5.7434
MAGEB3,36.07646
MAGEB6,0.0233
MAGEC1,6.80502
MAGEC2,16.55767
MAGEC3,97.52721
MAGED1,151.14741
MAGED2,126.93432
MAGED4,11.364775
MAGEE1,44.72815
MAGEE2,29.51768
MAGEF1,158.28325
MAGEH1,81.2801
MAGEL2,14.47741
MAGI1,138.2120325
MAGI2,24.041956666666668
MAGI3,14.592786666666667
MAGIX,57.692872
MAGOH,137.18014
MAGOHB,13.34291
MAGT1,219.57718666666668
MAK,29.618270000000003
MAK16,132.86726
MAL,409.91915
MAL2,4.98308
MALAT1,2577.3723841666665
MALL,48.67306
MALSU1,199.75784666666667
MALT1,89.17233666666668
MAMDC2,1.78269
MAMDC4,6.97903
MAML1,531.20464
MAML2,230.08186500000002
MAML3,66.2487
MAMLD1,167.49801
MAMSTR,43.52774
MAN1A1,295.285305
MAN1A2,56.869295
MAN1B1,95.63483
MAN1C1,131.179875
MAN2A1,220.61702666666667
MAN2A2,345.615445
MAN2B1,420.03909
MAN2B2,132.15165
MAN2C1,34.17270333333334
MANBA,120.1041
MANBAL,47.1613
MANEA,20.8187025
MANEAL,215.83685
MANF,333.09284
MANSC1,698.45637
MAOA,19.45936
MAOB,21.974149999999998
MAP10,0.03756
MAP1A,49.106570000000005
MAP1B,73.76785333333332
MAP1LC3A,54.59730666666667
MAP1LC3B,981.167535
MAP1LC3B2,6.27155
MAP1LC3C,3.02225
MAP1S,60.47638
MAP2,11.611515
MAP2K1,542.1133
MAP2K2,261.80062000000004
MAP2K4,205.60163
MAP2K5,23.112695000000002
MAP2K6,45.869035000000004
MAP2K7,85.43277
MAP3K1,401.65864
MAP3K10,12.58215
MAP3K11,59.953435
MAP3K12,313.2434333333333
MAP3K13,53.420671428571424
MAP3K14,133.7876
MAP3K14-AS1,16.0232
MAP3K15,33.32846
MAP3K19,10.862495
MAP3K2,471.84082571428564
MAP3K3,254.09811666666667
MAP3K4,93.76816
MAP3K5,637.017695
MAP3K6,20.602633333333333
MAP3K7,135.229375
MAP3K7CL,1811.27317
MAP3K8,138.49518
MAP3K9,13.10971
MAP4,64.21990714285714
MAP4K1,172.65393333333336
MAP4K2,47.99543
MAP4K3,24.4065
MAP4K4,180.622054
MAP4K5,89.19793666666668
MAP6,56.1555375
MAP6D1,51.64873666666666
MAP7,36.08412333333333
MAP7D1,295.02838
MAP7D2,8.03137
MAP7D3,15.765323333333333
MAP9,32.030815
MAPK1,388.83938
MAPK10,7.4356133333333325
MAPK11,10.366169999999999
MAPK12,63.281710000000004
MAPK13,58.8018
MAPK14,290.2081375
MAPK15,76.50364
MAPK1IP1L,353.436905
MAPK3,224.69736
MAPK4,17.05613
MAPK6,41.3015
MAPK7,22.589165
MAPK8,60.646862
MAPK8IP1,101.89332
MAPK8IP2,171.02218
MAPK8IP3,118.69864599999998
MAPK9,97.89295
MAPKAP1,61.202035
MAPKAPK2,194.05109000000002
MAPKAPK3,341.450755
MAPKAPK5,50.70977
MAPKAPK5-AS1,109.42660749999999
MAPKBP1,38.051469999999995
MAPRE1,595.1724849999999
MAPRE2,668.73992
MAPRE3,17.80802
MAPT,18.997685
MAPT-AS1,87.64358666666668
MARC1,208.29789
MARC2,327.35753
MARCH1,202.41429
MARCH10,11.81821
MARCH11,34.02792
MARCH2,604.12661
MARCH3,33.173225
MARCH4,1.178
MARCH5,90.668605
MARCH6,270.25225
MARCH7,369.918626
MARCH8,1347.64357
MARCH9,86.49261999999999
MARCKS,683.9832
MARCKSL1,218.95798
MARCO,10.5365
MARK1,34.08217333333334
MARK2,68.96506
MARK3,379.68026000000003
MARK4,51.630825
MARS,180.81249
MARS2,26.20529
MARVELD1,23.036755
MARVELD2,44.426265
MARVELD3,16.17375
MAS1,16.94622
MAS1L,23.50783
MASP1,13.630503999999998
MASP2,32.14446
MAST1,16.71205
MAST2,38.886825
MAST3,248.38964
MAST4,45.215735714285714
MASTL,2.1327
MAT1A,71.11974
MAT2A,338.13059000000004
MAT2B,891.17166
MATK,37.80288
MATN1,25.95751
MATN1-AS1,51.21078
MATN3,0.31956
MATN4,41.52882
MATR3,379.7031866666667
MAU2,95.554498
MAVS,99.46356
MAX,720.17659
MAZ,156.16715
MB,55.90333
MB21D1,361.8054133333333
MB21D2,36.42382
MBD1,103.43834399999999
MBD2,268.986755
MBD3,80.71527666666667
MBD3L1,96.92332
MBD3L2,0.00663
MBD4,552.652915
MBD5,15.509556666666667
MBD6,247.69508666666664
MBIP,746.38826
MBL2,4.48246
MBLAC1,23.32088
MBLAC2,28.570975
MBNL1,854.9782557142856
MBNL2,173.609488
MBNL3,645.6553700000001
MBOAT1,171.60995
MBOAT2,185.1197
MBOAT7,689.377605
MBP,698.77841
MBTD1,242.93412
MBTPS1,191.39227499999998
MBTPS2,139.38485
MC1R,35.18543
MC2R,92.22118999999999
MC3R,18.45428
MC4R,39.55331
MC5R,67.85365
MCAM,73.811506
MCAT,45.15796
MCC,23.720765
MCCC1,90.81528
MCCC2,94.84564999999999
MCEE,54.04815
MCEMP1,300.36716
MCF2,4.955715
MCF2L,28.02939875
MCF2L2,4.529
MCFD2,153.38959333333332
MCFD2P1,11.57936
MCHR1,14.452873333333335
MCHR2,45.6524
MCL1,1407.5246533333332
MCM10,39.29732
MCM2,29.05488
MCM3,102.76509
MCM3AP,58.450604
MCM3AP-AS1,31.820863333333335
MCM4,62.120884000000004
MCM5,79.17433
MCM6,69.80609
MCM7,84.051395
MCM8,14.535346666666667
MCM9,39.68507666666667
MCMBP,168.74756
MCMDC2,0.526255
MCOLN1,77.35161
MCOLN2,30.084345
MCOLN3,38.7289725
MCPH1,21.255752
MCRS1,108.95555
MCTP1,155.04221666666666
MCTP2,238.21843799999996
MCTS1,93.5724
MCU,122.84669
MCUR1,186.34682500000002
MDC1,39.171175
MDFI,90.19181
MDFIC,184.97563333333335
MDGA1,9.214166666666667
MDGA2,3.523895
MDH1,496.89637
MDH1B,14.255165
MDH2,309.320765
MDK,13.15956
MDM1,68.636625
MDM2,84.152825
MDM4,245.74627833333332
MDN1,19.810853333333334
MDP1,63.58258
MDS2,35.96983
ME1,18.88872
ME2,431.92069
ME3,21.643504999999998
MEA1,375.23121
MEAF6,103.77214333333335
MECOM,24.296823999999997
MECP2,109.31062333333334
MECR,67.9556
MED1,159.076425
MED10,158.5695
MED11,113.32374
MED12,89.9274575
MED12L,68.90927500000001
MED13,245.34108
MED13L,227.08388799999997
MED14,37.328566
MED15,208.60708
MED16,135.831434
MED17,89.49871666666667
MED19,113.51786999999999
MED20,69.094415
MED22,59.74238
MED23,87.763272
MED24,46.084939999999996
MED25,449.56763
MED26,100.79205
MED27,26.52536333333333
MED28,98.367201
MED29,71.65338
MED30,127.88580333333333
MED31,98.29752
MED4,188.87385
MED6,95.93724333333334
MED7,74.93263333333333
MED8,60.39075666666667
MED9,50.32334
MEDAG,309.02556500000003
MEF2A,99.83642
MEF2B,34.70371
MEF2C,321.61681333333337
MEF2D,86.32276333333334
MEFV,41.44825
MEG3,17.253851
MEGF10,46.720256666666664
MEGF11,43.22122666666667
MEGF6,40.274775
MEGF8,60.83835
MEGF9,1895.7920550000001
MEI1,60.47869
MEIG1,11.44662
MEIS1,133.76058
MEIS2,23.93204
MEIS3,16.900695
MEIS3P1,18.07656
MELK,20.28277
MEN1,153.10897
MEOX1,13.86205
MEOX2,1.375535
MEP1A,2.70284
MEP1B,8.86248
MEPCE,244.97138
MEPE,32.67217
MERTK,23.993156666666664
MESDC1,116.938165
MESDC2,117.75144
MESP1,59.2335
MESP2,229.412755
MEST,64.37348
MET,85.829545
METAP1,151.53997
METAP1D,8.60628
METAP2,96.48885666666666
METRN,25.062510000000003
METRNL,65.13596
METTL1,19.30586
METTL10,45.85040333333333
METTL13,146.03435
METTL14,108.01252
METTL15,23.645279999999996
METTL17,95.4315
METTL18,112.5132
METTL20,4.7305779999999995
METTL21A,45.52246
METTL21B,11.19216
METTL21C,71.83252
METTL21EP,8.726
METTL22,81.32452
METTL23,329.11254
METTL25,209.6632
METTL2A,58.93609
METTL2B,6.47317
METTL3,121.35279666666668
METTL4,45.971305
METTL5,209.95416
METTL6,12.7633875
METTL7A,881.8833599999999
METTL7B,10.35537
METTL8,32.70259
METTL9,550.5642675
MEX3B,5.10804
MEX3C,99.762618
MEX3D,29.554343333333335
MFAP1,287.50901
MFAP2,22.05293
MFAP3,51.916850000000004
MFAP4,14.64426
MFAP5,37.32255
MFF,255.4422775
MFGE8,6.41054
MFHAS1,239.64609000000002
MFI2,19.91114
MFN1,67.41178000000001
MFN2,151.20550666666668
MFNG,201.98533
MFSD1,1406.34227
MFSD10,57.25824
MFSD11,869.000285
MFSD12,51.52191
MFSD2A,52.775755000000004
MFSD3,7.81453
MFSD4,49.557635
MFSD5,88.70616
MFSD6,91.425665
MFSD6L,0.0035
MFSD7,47.155385
MFSD8,44.85984666666667
MFSD9,16.700856666666667
MGA,37.39462666666667
MGAM,1202.61492
MGARP,1.11462
MGAT1,173.46047
MGAT2,164.16401666666664
MGAT3,52.862680000000005
MGAT4A,163.03777250000002
MGAT4B,204.62139000000002
MGAT4C,12.117655
MGAT5,379.124475
MGAT5B,7.86143
MGC10814,30.19042
MGC15705,3.94292
MGC16025,4.28542
MGC20647,19.77731
MGC24103,0.01623
MGC27345,95.40748
MGC32805,13.38506
MGC34796,48.64318
MGC34800,26.11094
MGC39545,0.88075
MGC39584,47.22042
MGC40069,117.01641
MGC4294,0.1861
MGC45800,13.80518
MGC45922,65.71286
MGC57346,17.39054
MGC70870,218.74686
MGEA5,335.66029
MGLL,200.987
MGME1,173.27988
MGMT,38.33429
MGP,2.38475
MGRN1,230.11659
MGST1,59.47054800000001
MGST2,96.38241
MGST3,193.61640333333332
MIA,22.27166
MIA-RAB4B,138.28113333333332
MIA2,18.10194
MIA3,107.66109
MIB1,102.21654749999999
MIB2,16.186224
MICA,39.318545
MICAL1,192.15724
MICAL2,615.32975
MICAL3,21.9744425
MICALCL,88.03177
MICALL1,40.53678
MICALL2,22.728493333333333
MICB,258.5603
MICU1,171.44524
MICU2,403.97006
MICU3,5.74602
MID1,40.60250666666667
MID1IP1,789.61346
MID2,20.66332
MIDN,132.58518333333333
MIEF1,101.6892375
MIEF2,40.8853
MIEN1,330.27328
MIER1,232.09335
MIER2,151.76127333333332
MIER3,73.618938
MIF,400.20349
MIF4GD,169.01007499999997
MIIP,180.39337999999998
MILR1,77.91002
MINA,74.18169999999999
MINK1,148.4380425
MINOS1,267.47238
MINPP1,143.56869
MIOS,75.46610666666668
MIOX,12.91442
MIP,86.92437
MIPEP,21.538690000000003
MIPOL1,22.092485
MIR1-2,9.23196
MIR101-1,50.36599
MIR10A,24.46285
MIR137,0.001265
MIR142,67.25407
MIR146A,27.57841
MIR17HG,5.05295
MIR186,14.72077
MIR194-2,16.244605
MIR205,4.30029
MIR21,1813.061705
MIR29A,8.81746
MIR29B2,326.14532
MIR302B,48.48766
MIR31HG,23.85765
MIR34A,34.27756
MIR646HG,50.12874
MIR7-3HG,11.191965
MIRLET7BHG,42.59538
MIRLET7D,28.42514
MIS12,196.36094
MIS18A,28.759083333333333
MIS18BP1,73.12409333333333
MISP,145.00852
MITD1,233.3961
MITF,28.771620000000002
MIXL1,22.74912
MKI67,35.2847225
MKKS,98.52712500000001
MKL1,47.991732
MKL2,13.2798625
MKLN1,59.571681999999996
MKNK1,124.08749
MKNK2,1046.15245
MKRN1,3752.541835
MKRN2,161.28204333333335
MKRN3,11.70473
MKRN4P,2357.04746
MKS1,62.559974999999994
MKX,2.7821233333333333
MLANA,21.5422
MLC1,56.00931
MLEC,91.89791500000001
MLF1,11.358455
MLF2,428.17816
MLH1,167.89872
MLH3,316.0483766666667
MLIP,81.00244
MLKL,541.12488
MLLT1,141.72469999999998
MLLT10,60.17085
MLLT11,90.83342
MLLT3,47.482033333333334
MLLT4,19.03325285714286
MLLT4-AS1,10.2832
MLLT6,176.97709
MLN,32.74134
MLNR,11.30732
MLPH,47.77745
MLST8,113.05
MLX,310.043836
MLXIP,197.0257025
MLXIPL,64.72244
MLYCD,67.92868
MMAA,22.719504
MMAB,65.29707
MMACHC,19.76731
MMADHC,908.04407
MMD,727.675025
MMD2,132.999325
MME,1013.2739349999999
MMEL1,38.8529
MMGT1,355.17256
MMP1,13.35544
MMP10,44.50271
MMP11,35.912893333333336
MMP12,30.69296
MMP13,2.17197
MMP14,118.9961875
MMP15,41.33431
MMP16,31.450657999999997
MMP17,19.68126
MMP19,53.724084999999995
MMP2,44.77643333333333
MMP20,0.00466
MMP21,13.23658
MMP24,56.846379999999996
MMP25,261.21114
MMP26,22.36532
MMP27,10.63089
MMP28,52.009374
MMP3,20.67626
MMP7,12.32763
MMP8,21.0523
MMP9,1070.50315
MMRN1,39.59548
MMRN2,79.6161
MMS19,149.31298
MN1,21.16919
MNAT1,6.07851
MND1,6.96333
MNDA,8698.22164
MNS1,5.60168
MNT,74.88935500000001
MNX1,155.67649
MOAP1,324.91099
MOB1A,652.03488
MOB1B,170.25914
MOB2,198.41856
MOB3A,618.7836299999999
MOB3B,33.427465
MOB3C,136.09981
MOB4,163.44769
MOBP,200.999844
MOCOS,8.11136
MOCS1,18.62720333333333
MOCS2,23.577445
MOCS3,25.37782
MOG,298.34742
MOGAT1,21.28691
MOGAT2,13.264130000000002
MOGAT3,11.51421
MOGS,86.63156
MOK,44.00453
MON1A,83.31643
MON1B,129.41925666666666
MON2,78.31138333333334
MOP-1,4.17432
MORC1,0.00777
MORC2,87.32227333333333
MORC2-AS1,99.07508
MORC3,502.41703
MORC4,8.84717
MORF4L1,1521.4950833333332
MORF4L2,225.89656333333332
MORN1,34.973185
MORN2,21.37489
MORN3,11.62309
MORN4,42.94681
MORN5,189.14489
MOS,19.34509
MOSPD1,116.581615
MOSPD2,248.16602
MOSPD3,63.49344
MOV10,28.42175
MOV10L1,15.232595
MOXD1,36.935766666666666
MPC1,217.032825
MPC2,289.16865
MPDU1,42.489825
MPDZ,11.701355
MPEG1,1819.121205
MPG,35.41758
MPHOSPH10,247.82284
MPHOSPH6,42.178360000000005
MPHOSPH8,309.032135
MPHOSPH9,23.4125875
MPI,24.927655
MPL,35.604000000000006
MPLKIP,365.39972
MPND,49.96507
MPO,17.430055
MPP1,1701.06765
MPP2,62.045694999999995
MPP3,14.97574
MPP4,19.557665
MPP5,64.168005
MPP6,29.216865
MPP7,56.346175
MPPE1,422.05133
MPPED1,17.144625
MPPED2,9.021025
MPRIP,116.57924000000001
MPST,135.9941
MPV17,42.83692
MPV17L,116.15732999999999
MPV17L2,94.18448
MPZ,36.97071
MPZL1,146.363235
MPZL2,52.31912
MPZL3,207.71378
MR1,88.69575333333334
MRAP,27.09005666666667
MRAP2,341.41622
MRAS,14.143699999999999
MRC1,0.72122
MRC2,375.71196000000003
MRE11A,32.92310333333334
MREG,75.83943
MRFAP1,2151.61048
MRFAP1L1,478.20032
MRGBP,51.0004
MRGPRF,24.62136
MRGPRG-AS1,132.53251
MRGPRX1,21.9049
MRGPRX2,13.08349
MRGPRX3,7.79329
MRGPRX4,144.11874
MRI1,168.19934
MRM1,249.53137
MRO,36.171056666666665
MROH1,19.134105
MROH2A,6.66551
MROH2B,22.164126666666665
MROH6,21.79168
MROH7,2.7989
MROH8,59.440215
MROH9,0.07417
MRPL1,160.18305
MRPL10,128.62256
MRPL11,58.19596
MRPL12,12.032060000000001
MRPL13,68.48138
MRPL14,123.69896
MRPL15,131.0903
MRPL16,157.93259
MRPL17,82.34603
MRPL18,223.03586
MRPL19,43.719406666666664
MRPL2,35.36718
MRPL20,208.41911000000002
MRPL21,195.43922
MRPL22,56.44072
MRPL23,86.180025
MRPL24,126.72575
MRPL27,86.6121
MRPL28,38.82087
MRPL3,507.71169
MRPL30,129.824234
MRPL32,336.32885
MRPL33,740.98885
MRPL34,273.45448
MRPL35,28.998483333333336
MRPL36,254.62749
MRPL37,72.67621
MRPL38,47.69434
MRPL39,48.690355000000004
MRPL4,52.07171333333333
MRPL40,153.66843
MRPL41,88.179976
MRPL42,68.23015
MRPL43,71.74857666666666
MRPL44,48.81842
MRPL45,41.93767
MRPL46,52.4925
MRPL47,121.12917499999999
MRPL48,105.13947
MRPL49,250.0816
MRPL50,69.85239333333332
MRPL51,380.842115
MRPL52,82.52596
MRPL54,147.29387
MRPL55,36.468155
MRPL57,389.05573333333336
MRPL9,160.00368500000002
MRPS10,106.87227
MRPS11,51.275104999999996
MRPS12,30.9281825
MRPS14,129.14912999999999
MRPS15,67.48975999999999
MRPS16,85.706495
MRPS17,78.38733
MRPS18A,44.665285
MRPS18B,163.84448500000002
MRPS18C,72.36126333333333
MRPS2,28.88809
MRPS21,446.2685
MRPS22,135.3534675
MRPS23,45.996355
MRPS25,47.88584
MRPS26,35.77646
MRPS27,87.11412999999999
MRPS28,101.90779
MRPS30,67.57546666666666
MRPS31,202.61132333333333
MRPS33,228.56363
MRPS34,54.57891
MRPS35,192.42701
MRPS36,122.46905
MRPS5,62.1483525
MRPS7,104.92908
MRPS9,46.57777
MRRF,28.13592
MRS2,23.5251725
MRTO4,34.339345
MRVI1,339.0547633333333
MRVI1-AS1,62.04424
MS4A1,910.6132725
MS4A12,5.72629
MS4A14,27.53352
MS4A15,9.65669
MS4A2,13.99156
MS4A3,44.941045
MS4A4A,23.972536666666667
MS4A5,14.84558
MS4A6A,326.5335171428571
MS4A6E,13.20958
MS4A8,3.34203
MSANTD1,27.40627
MSANTD2,75.96575
MSANTD3,149.29181
MSANTD3-TMEFF1,6.797435
MSANTD4,64.60325
MSC,17.5666
MSH2,43.49763
MSH3,1510.34393
MSH4,11.24202
MSH5,7.02801
MSH5-SAPCD1,17.93684
MSH6,74.66436
MSI1,7.30729
MSI2,48.40313111111111
MSL1,888.5482999999999
MSL2,179.83243
MSL3,160.43457333333333
MSLN,61.23437
MSMB,43.46689
MSMO1,161.09193
MSN,1222.77128
MSR1,11.9536825
MSRA,104.2482
MSRB1,1915.56681
MSRB2,169.57654
MSRB3,95.337468
MSS51,17.22815
MST1,14.312014999999999
MST1L,5.746615
MST1R,20.60003
MST4,440.415105
MSTN,0.98935
MSTO1,34.713119999999996
MSX1,23.597424999999998
MSX2,25.68765
MT1E,135.884155
MT1F,98.88379499999999
MT1G,57.172090000000004
MT1H,56.40301
MT1HL1,62.8376
MT1M,2.02836
MT1X,127.76559
MT2A,412.50453
MT3,58.18763
MT4,52.39109
MTA1,37.923945
MTA2,16.35096
MTA3,13.694355
MTAP,20.792066666666667
MTBP,8.0169275
MTCH1,883.80209
MTCH2,89.46683
MTCL1,10.96067
MTDH,268.332604
MTERF1,93.27589
MTERF2,50.81277
MTERF3,110.28047
MTERF4,99.01133
MTF1,201.5924
MTF2,210.691064
MTFMT,20.3488
MTFP1,143.79772
MTFR1,19.93691
MTFR1L,48.26082
MTFR2,11.12415
MTG1,52.30798
MTG2,27.733711999999997
MTHFD1,50.35324
MTHFD1L,5.41726
MTHFD2,105.173655
MTHFD2L,19.204235714285716
MTHFR,58.748158000000004
MTHFS,340.37103
MTHFSD,18.95826333333333
MTIF2,106.63633
MTIF3,281.095595
MTL5,5.82327
MTM1,85.596615
MTMR1,241.9693875
MTMR10,208.047225
MTMR11,69.6652
MTMR12,188.598895
MTMR14,202.759385
MTMR2,44.23058
MTMR3,396.24706249999997
MTMR4,132.409285
MTMR6,205.167
MTMR7,8.752333333333333
MTMR9,59.34138333333334
MTMR9LP,33.44135
MTNR1A,72.52068
MTNR1B,0.27276
MTO1,127.59947400000001
MTOR,47.133915
MTR,83.213525
MTRF1,24.382890000000003
MTRF1L,218.55747
MTRR,94.82879
MTSS1,177.2646075
MTSS1L,7.897356666666666
MTTP,2.66754
MTURN,179.313985
MTUS1,20.308705
MTUS2,17.582446666666666
MTUS2-AS1,35.86672
MTX1,318.18271
MTX2,58.39018
MTX3,75.68874
MUC1,31.92831
MUC12,4.62029
MUC13,37.57627
MUC15,10.750705
MUC16,0.00192
MUC17,427.42170000000004
MUC19,28.75685
MUC2,15.3187
MUC20,13.9460825
MUC3A,139.97616
MUC4,22.227676
MUC5B,180.93816999999999
MUC6,16.55995
MUC7,6.133725
MUCL1,61.43507
MUL1,34.29698
MUM1,43.0890375
MUM1L1,1.16449
MURC,11.11441
MUS81,120.31378
MUSK,16.254406666666664
MUSTN1,19.67438
MUT,137.268585
MUTYH,63.10489
MVB12A,27.82349
MVB12B,58.121892
MVD,93.17091
MVK,318.5868525
MVP,541.32904
MX1,443.14347
MX2,894.19688
MXD1,1723.8372666666667
MXD3,25.12562
MXI1,4218.4685
MXRA5,9.94543
MXRA7,20.09076
MXRA8,167.5056
MYADM,880.187995
MYADML2,16.06305
MYB,38.562475
MYBBP1A,18.5634
MYBL1,110.99401
MYBL2,58.56715
MYBPC1,17.49595
MYBPC2,38.59905
MYBPC3,19.97869
MYBPH,13.21909
MYC,410.1894
MYCBP2,852.20831
MYCBPAP,5.79999
MYCL,75.47193
MYCLP1,34.33193
MYCN,20.031092
MYCNOS,51.650905
MYCT1,98.2601
MYD88,1785.54253
MYEF2,33.47147833333333
MYEOV,870.83822
MYEOV2,394.69570999999996
MYF5,5.65386
MYF6,18.03006
MYH1,26.10662
MYH10,13.16404
MYH11,303.6144814285714
MYH13,44.5705
MYH14,77.04785166666666
MYH15,13.00218
MYH16,12.44061
MYH2,4.69843
MYH3,4.74448
MYH4,0.00322
MYH6,33.80491
MYH7,5.99465
MYH7B,22.11868
MYH8,11.34078
MYH9,1104.79927
MYL1,23.27084
MYL10,32.227055
MYL12A,1628.429646
MYL12B,2615.52316
MYL2,12.66801
MYL3,14.0092
MYL4,1065.81646
MYL5,14.68314
MYL6,2460.16196
MYL6B,49.0784
MYL7,7.7562
MYL9,47.078715
MYLIP,370.13050000000004
MYLK,57.010814
MYLK2,194.18968
MYLK3,5.531542
MYLK4,24.557750000000002
MYLPF,189.18296
MYNN,47.52915000000001
MYO10,4.7337419999999995
MYO15A,78.15431
MYO15B,139.7763
MYO16,6.154515
MYO18B,52.8097
MYO19,49.15858666666667
MYO1A,29.37389
MYO1B,42.67638333333333
MYO1C,198.48999333333333
MYO1D,0.009785
MYO1E,29.38703
MYO1F,2856.35123
MYO1G,306.902865
MYO1H,7.32544
MYO3A,32.389073333333336
MYO3B,13.785163333333331
MYO5A,108.89335
MYO5B,26.81593666666667
MYO5C,71.70187
MYO6,4.996686666666666
MYO7A,35.284647500000005
MYO7B,113.70510999999999
MYO9A,40.255226666666665
MYO9B,100.80084333333332
MYOC,43.08472
MYOCD,14.31193
MYOD1,119.31056
MYOF,34.11941
MYOG,5.17307
MYOM1,45.8697
MYOM2,193.96988
MYOM3,60.68951
MYOT,8.67873
MYOZ1,47.94653
MYOZ2,3.7751699999999997
MYOZ3,81.52229600000001
MYPN,42.26193
MYPOP,39.10286
MYRF,16.90063333333333
MYRFL,6.60809
MYRIP,53.93509
MYSM1,58.86847333333333
MYT1,11.651916666666665
MYT1L,3.42688
MZB1,20.062150000000003
MZF1,35.9787025
MZT2A,1047.47802
MZT2B,440.90268
N4BP1,616.8882125
N4BP2,37.680575000000005
N4BP2L1,48.932702500000005
N4BP2L2,250.96099285714286
N4BP3,14.62106
N6AMT1,22.95981333333333
N6AMT2,46.42409
NAA10,224.68682
NAA11,124.55883
NAA15,45.03508666666667
NAA16,102.767825
NAA20,182.7727
NAA25,31.813060000000004
NAA30,43.31143
NAA35,63.803995
NAA38,279.11003
NAA40,78.406065
NAA50,301.48197666666664
NAA60,197.345595
NAAA,197.66081749999998
NAALAD2,5.230562000000001
NAALADL1,102.37159500000001
NAALADL2,10.83563
NAB1,75.343995
NAB2,15.966104999999999
NABP1,284.84950333333336
NABP2,41.56485
NACA,3403.866073333333
NACA2,18.70431
NACAD,8.71508
NACAP1,3674.67886
NACC1,91.32188
NACC2,104.647735
NADK,580.0864266666666
NADK2,45.201240000000006
NADSYN1,60.3319625
NAE1,303.53622
NAF1,14.49332
NAG18,13.81677
NAGA,78.11620666666666
NAGK,574.07317
NAGLU,52.418535
NAGPA,66.55092
NAGS,15.42777
NAIF1,49.89884
NAIP,200.77306333333334
NALCN,4.79267
NAMPT,3362.6378525
NANOG,382.289535
NANOS1,11.7824
NANOS2,23.69992
NANOS3,60.1711
NANP,25.53542
NANS,81.41383499999999
NAP1L1,1290.1309671428571
NAP1L2,21.79571
NAP1L3,15.26545
NAP1L4,126.59909
NAP1L5,16.587435
NAPA,539.13225
NAPB,18.052709999999998
NAPEPLD,33.666622000000004
NAPG,45.822064999999995
NAPRT,114.72746
NAPSA,52.34376
NAPSB,49.695135
NARF,226.69468999999998
NARFL,47.53671
NARS,865.83892
NARS2,64.90254
NASP,62.76953666666666
NAT1,152.24069
NAT10,122.42421
NAT14,8.92643
NAT16,113.12238500000001
NAT2,0.41272
NAT6,6.41104
NAT8,23.52568
NAT8B,57.28584
NAT8L,154.167745
NAT9,214.0605
NATD1,256.800785
NAV1,22.512695
NAV2,15.259046666666668
NAV3,10.443144
NBAS,32.216073333333334
NBEA,22.724429999999998
NBEAL1,1933.9575766666667
NBEAL2,219.00554499999998
NBL1,19.21173
NBN,272.265564
NBPF10,1134.8970233333332
NBPF3,70.165735
NBPF8,16.73164
NBR1,228.437925
NBR2,16.971055
NCALD,29.581265000000002
NCAM1,19.814492857142856
NCAM2,2.859485
NCAN,83.96416
NCAPD2,44.65817
NCAPD3,58.18187
NCAPG,16.620355
NCAPG2,32.99031
NCAPH,19.59163
NCAPH2,28.554302
NCBP1,31.79999
NCBP2,149.31239
NCBP2-AS2,75.85984
NCDN,15.830936666666666
NCEH1,14.55245
NCF1,1469.3051150000001
NCF2,3466.39214
NCF4,993.0996749999999
NCK1,121.48947
NCK2,1059.61457
NCKAP1,39.588505000000005
NCKAP1L,257.83812
NCKAP5,0.00936
NCKAP5L,15.373975
NCKIPSD,106.65375999999999
NCL,539.425485
NCLN,41.59962
NCOA1,420.809705
NCOA2,244.38219249999997
NCOA3,254.64974
NCOA4,5003.46716
NCOA5,60.61506
NCOA6,217.495255
NCOA7,144.40192333333331
NCOR1,147.54883
NCOR2,87.742598
NCR1,44.62208333333333
NCR2,105.55922666666667
NCR3,116.27067666666666
NCR3LG1,10.83659
NCRNA00185,25.391299999999998
NCS1,55.74965999999999
NCSTN,76.30941999999999
ND2,8797.1808
ND3,11572.81922
ND4,10905.099474999999
ND6,867.37243
NDC1,72.22064
NDC80,6.38516
NDE1,193.88513799999998
NDEL1,542.715355
NDFIP1,298.09289333333334
NDFIP2,30.199865000000003
NDN,8.6795
NDNF,22.95849
NDNL2,155.91481
NDOR1,51.27009
NDP,0.29753
NDRG1,386.53081
NDRG2,17.33541333333333
NDRG3,124.73646333333333
NDRG4,16.91307
NDST1,107.4459
NDST2,60.499469999999995
NDST3,7.03038
NDST4,7.112945
NDUFA1,1040.46159
NDUFA10,57.97288999999999
NDUFA11,259.28953333333334
NDUFA12,817.16603
NDUFA13,229.43098
NDUFA2,386.64043999999996
NDUFA3,693.75228
NDUFA4,795.60954
NDUFA4L2,44.89741
NDUFA5,215.79752
NDUFA6,413.58429
NDUFA7,27.516475
NDUFA8,194.34166
NDUFA9,81.14601
NDUFAB1,641.6676
NDUFAF1,85.09297
NDUFAF2,61.19544
NDUFAF3,301.4918
NDUFAF4,82.877455
NDUFAF5,39.02364
NDUFAF7,351.45934000000005
NDUFB1,684.835755
NDUFB10,276.189145
NDUFB11,369.73016
NDUFB2,379.21210666666667
NDUFB3,902.05253
NDUFB4,636.3803350000001
NDUFB5,781.11217
NDUFB6,455.186675
NDUFB7,39.52916
NDUFB8,361.48076
NDUFB9,684.7711
NDUFC1,211.823995
NDUFC2,461.6653
NDUFS1,61.16223
NDUFS2,298.36164
NDUFS3,159.7405
NDUFS4,118.05784499999999
NDUFS5,714.92877
NDUFS6,475.11401
NDUFS7,64.79247
NDUFV1,118.79942
NDUFV2,265.0679
NDUFV3,86.623275
NEB,18.37976
NEBL,13.979416666666665
NECAB1,339.43978
NECAB2,53.99812
NECAB3,71.584605
NECAP1,158.19156
NECAP2,233.67626
NEDD1,89.75040000000001
NEDD4,90.69538
NEDD4L,57.2504825
NEDD8,561.14947
NEDD9,248.46186599999996
NEFH,18.9267
NEFL,11.938436666666668
NEFM,9.17896
NEGR1,13.359295
NEIL2,128.44152
NEIL3,51.754
NEK1,60.391985999999996
NEK10,34.2068
NEK11,25.615220000000004
NEK2,32.57924
NEK3,12.015115
NEK4,40.2553
NEK5,4.819459999999999
NEK6,46.944542
NEK7,1375.98616
NEK8,44.464214999999996
NEK9,104.20741666666665
NELFB,102.70977
NELFCD,306.089185
NELL1,27.14705
NELL2,524.0857
NEMF,228.4667125
NENF,114.32914333333333
NEO1,14.181403333333334
NES,84.809405
NET1,54.822109999999995
NETO1,23.495000000000005
NETO2,13.914575
NEU1,103.41375
NEU2,10.69302
NEU3,30.167885
NEU4,52.93379
NEURL1,35.218419999999995
NEURL2,22.89827
NEURL3,23.80757
NEURL4,20.49974
NEUROD1,7.0342899999999995
NEUROD2,18.01157
NEUROD4,79.78046
NEUROD6,5.96584
NEUROG1,76.94473
NEUROG2,3.59519
NEUROG3,347.14505
NEXN,75.550445
NEXN-AS1,46.17203
NF1,16.39907
NF2,82.85277625
NFAM1,433.255175
NFASC,60.377042499999995
NFAT5,147.15684666666667
NFATC1,88.7654325
NFATC2,79.62137000000001
NFATC2IP,142.81800166666667
NFATC3,173.2008933333333
NFATC4,50.02865
NFE2,1180.49018
NFE2L1,164.51005666666666
NFE2L2,416.05649
NFE2L3,16.485035
NFE4,210.72127
NFIA,46.39920714285714
NFIB,9.41126
NFIC,137.95211
NFIL3,629.75057
NFIX,41.8226725
NFKB1,250.01852
NFKB2,27.943843333333334
NFKBIA,634.24341
NFKBIB,110.39338333333335
NFKBID,57.88146333333333
NFKBIE,87.01093
NFKBIL1,19.20683
NFKBIZ,709.585705
NFRKB,36.234485
NFS1,42.58265
NFU1,136.3404
NFX1,61.909328
NFXL1,59.33596
NFYA,39.306965
NFYB,52.119085
NFYC,98.98736666666667
NFYC-AS1,42.78609
NGB,53.643919999999994
NGDN,106.16896
NGEF,65.71961
NGF,20.63393
NGFR,4.60841
NGFRAP1,991.22128
NGLY1,296.1469
NGRN,296.49412333333333
NHEJ1,92.7494
NHLH1,6.16626
NHLH2,2.137245
NHLRC2,19.0516625
NHLRC3,41.50360333333333
NHLRC4,261.44474
NHP2,430.90019
NHP2L1,185.9972
NHS,83.96420499999999
NHSL1,7.9403950000000005
NHSL2,88.67353
NICN1,45.63159
NID1,88.06857333333335
NID2,14.75688
NIF3L1,127.5936
NIFK,137.07213333333334
NIM1K,15.95197
NIN,224.57255333333333
NINJ1,968.47821
NINJ2,637.4004
NINL,33.60584
NIP7,106.07825
NIPA1,25.124925
NIPA2,284.798515
NIPAL2,29.440659999999998
NIPAL3,86.815528
NIPAL4,62.20149
NIPBL,232.048036
NIPSNAP1,172.75681
NIPSNAP3A,117.51721
NIPSNAP3B,3.762695
NISCH,139.67088999999999
NIT1,71.28508
NIT2,71.03572
NKAIN1,16.61731
NKAIN2,2.14123
NKAIN3,7.52541
NKAIN4,54.52016
NKAP,176.09433
NKAPL,14.772034999999999
NKAPP1,26.9343
NKD1,9.210263333333332
NKD2,37.11462
NKG7,1031.46411
NKIRAS1,17.70596
NKIRAS2,60.774615
NKPD1,69.79145
NKRF,93.34499
NKTR,258.856675
NKX2-1,17.52075
NKX2-1-AS1,6.70797
NKX2-2,0.00421
NKX2-3,3.43198
NKX2-5,300.31835
NKX2-8,18.39168
NKX3-1,89.12956000000001
NKX3-2,52.21583
NKX6-1,6.1678
NKX6-2,57.6014
NKX6-3,146.601485
NLE1,13.754695000000002
NLGN1,1.961515
NLGN2,29.031630000000003
NLGN3,17.905929999999998
NLGN4X,8.38139
NLGN4Y,4.1644950000000005
NLK,138.01861333333332
NLN,282.44461666666666
NLRC3,349.47778
NLRC4,51.940925
NLRC5,503.30168
NLRP1,118.33995999999999
NLRP10,8.9511
NLRP11,6.23104
NLRP12,382.71267
NLRP13,6.84709
NLRP14,29.33571
NLRP2,7.623165
NLRP3,19.79881333333333
NLRP4,7.03369
NLRP5,15.77437
NLRP6,0.79149
NLRP7,20.1235
NLRP8,52.34461
NLRP9,19.19425
NLRX1,105.23416999999999
NMB,238.47764
NMBR,5.86055
NMD3,132.03623
NME1,73.19393
NME3,14.96685
NME4,136.04292
NME5,11.17032
NME6,92.53718
NME7,23.515655
NME8,28.98424
NME9,24.369
NMI,1358.96965
NMNAT1,28.601003333333335
NMNAT2,11.6900225
NMNAT3,39.578025
NMRAL1,112.36133000000001
NMRK1,136.729295
NMRK2,42.55203
NMT1,100.67439999999999
NMT2,50.6533275
NMU,3.91004
NMUR1,16.8796
NMUR2,52.56397
NNAT,184.59144
NNMT,4.23309
NNT,59.205885
NOA1,268.40347
NOB1,91.29279
NOBOX,38.45196
NOC2L,25.75151
NOC3L,167.44684
NOC4L,43.57169
NOD1,43.486095000000006
NOD2,366.9442
NODAL,12.05712
NOG,184.47227
NOL10,46.736335000000004
NOL11,230.1359
NOL12,369.30341000000004
NOL3,16.4467525
NOL4,2.4625
NOL4L,74.658125
NOL6,18.042045
NOL7,417.4918666666667
NOL8,256.85003
NOL9,116.94486
NOLC1,161.57759333333334
NOM1,656.9400750000001
NONO,540.3400466666666
NOP10,1226.62716
NOP14,68.2051
NOP16,50.260022500000005
NOP2,83.98951
NOP58,387.56514
NOP9,58.83146
NOS1,83.87837166666667
NOS1AP,40.111670000000004
NOS2,31.5666
NOS3,11.027305
NOSIP,402.36399
NOSTRIN,1.00675
NOTCH1,194.50889
NOTCH2,937.36497
NOTCH2NL,1412.92924
NOTCH3,31.14861
NOTCH4,9.154215
NOTUM,128.09537
NOV,76.85329
NOVA1,5.412669999999999
NOVA2,97.38723000000002
NOX1,31.14562
NOX3,0.26545
NOX4,12.0444
NOX5,43.3418
NOXA1,17.28975
NOXO1,30.11997
NOXRED1,61.17698
NPAP1,26.33788
NPAS1,43.2264
NPAS2,32.489108
NPAS3,12.075248888888888
NPAS4,4.321725
NPAT,95.73188333333333
NPB,267.80702
NPBWR1,25.42324
NPBWR2,6.28831
NPC1,54.8044125
NPC1L1,159.31298
NPC2,782.7482
NPCDR1,41.43197
NPDC1,38.72767
NPEPL1,97.991095
NPEPPS,293.05804
NPFF,5.881704999999999
NPFFR1,344.45035
NPFFR2,0.0118
NPHP1,11.951796666666667
NPHP3,67.19370333333333
NPHP4,12.674555
NPHS1,18.7364
NPHS2,63.66271
NPL,455.240425
NPLOC4,163.4915
NPM1,1254.4186966666666
NPM2,50.29342
NPM3,9.13139
NPNT,5.596814999999999
NPPA,73.07137
NPPB,182.77646
NPPC,12.78719
NPR1,65.06882999999999
NPR2,19.37021
NPR3,22.024106666666665
NPRL2,98.947995
NPRL3,425.4780875
NPSR1-AS1,29.442980000000002
NPTN,1628.07898
NPTX1,15.97756
NPTX2,4.84035
NPTXR,24.546770000000002
NPVF,0.53413
NPW,13.03902
NPY,18.99495
NPY1R,4.94057
NPY2R,38.46514666666667
NPY5R,10.78625
NPY6R,26.20131
NQO1,29.324609999999996
NQO2,97.965345
NR0B1,16.654745000000002
NR0B2,4.55749
NR1D1,57.38905
NR1D2,131.544365
NR1H2,68.77281
NR1H3,41.22813
NR1H4,16.355776666666667
NR1I2,7.972885
NR1I3,99.09997
NR2C1,24.7350325
NR2C2,192.2051
NR2C2AP,55.79478
NR2E1,3.93863
NR2E3,21.218040000000002
NR2F1,83.07021999999999
NR2F2,10.3252
NR2F6,7.099760000000001
NR3C1,847.5555339999999
NR3C2,69.12759
NR4A1,37.501216666666664
NR4A2,20.74677
NR4A3,15.7003
NR5A1,15.87657
NR5A2,5.0504675
NR6A1,44.787105714285715
NRAP,72.15250999999999
NRARP,50.10721
NRAS,200.43072500000002
NRBF2,890.73147
NRBP1,35.3639
NRCAM,30.517545
NRD1,593.317945
NRDE2,17.028806666666668
NREP,68.25906
NRF1,48.443458
NRG1,58.301021666666664
NRG2,23.141903333333335
NRG3,12.40175
NRG4,0.00127
NRGN,2340.32754
NRIP1,261.22447
NRIP2,22.5758
NRIP3,18.16901
NRK,7.79327
NRL,26.04548
NRM,194.73787
NRN1,6.43036
NRP1,3.3527275000000003
NRP2,37.02155
NRROS,167.74511
NRSN1,3.06705
NRSN2,21.9871
NRTN,5.50094
NRXN1,15.830028333333333
NRXN2,8.466795000000001
NRXN3,13.594942499999998
NS3BP,206.25534
NSA2,1491.73502
NSAP11,2.10962
NSD1,59.5321375
NSDHL,22.695255
NSF,64.42371
NSFL1C,209.67207333333332
NSG1,29.315633333333334
NSL1,155.738565
NSMAF,162.630066
NSMCE1,229.13517
NSMCE2,1216.88573
NSMCE4A,53.57021
NSMF,28.34676
NSRP1,249.93208
NSUN2,204.83082
NSUN3,50.02356666666666
NSUN4,37.0722375
NSUN5,193.867725
NSUN5P1,103.539275
NSUN6,75.65720333333333
NSUN7,18.912745
NT5C,74.05218500000001
NT5C1A,20.45858
NT5C1B,12.92282
NT5C2,924.06476
NT5C3A,2072.89609
NT5C3B,60.37913
NT5DC1,92.8397325
NT5DC2,30.36845333333333
NT5DC3,31.883104999999997
NT5DC4,25.037383333333334
NT5E,52.4512125
NT5M,85.01307
NTAN1,451.932575
NTF3,4.48745
NTHL1,16.25883
NTM,13.96441
NTMT1,28.78167666666667
NTN1,9.118875
NTN3,30.95893
NTN4,8.85407
NTN5,13.558275
NTNG1,73.756345
NTNG2,30.36189
NTPCR,25.885193333333333
NTRK1,3.30612
NTRK2,21.30270833333333
NTRK3,227.71780555555557
NTS,1.9512
NTSR1,18.77493
NTSR2,28.29406
NUAK1,7.61145
NUB1,187.799592
NUBP1,95.77932
NUBP2,35.64227
NUBPL,61.34021
NUCB1,211.807085
NUCB2,154.604435
NUCKS1,297.0359725
NUDC,99.06345333333333
NUDCD1,39.424899999999994
NUDCD2,47.70109666666667
NUDCD3,37.38507666666667
NUDT1,52.34559
NUDT10,405.639125
NUDT11,8.60014
NUDT12,8.16441
NUDT13,17.71195
NUDT14,59.44713
NUDT15,17.03513
NUDT16,58.7244925
NUDT16L1,79.56151
NUDT16P1,39.53769
NUDT17,276.444205
NUDT18,44.58039
NUDT2,31.00792
NUDT21,175.74415
NUDT22,143.550715
NUDT3,151.21161285714288
NUDT4,358.9741714285714
NUDT5,249.02384
NUDT6,73.756495
NUDT7,15.691385
NUDT9,84.83453
NUDT9P1,24.54559
NUF2,50.91302
NUFIP1,28.177203333333335
NUFIP2,328.0236225
NUMA1,39.324562
NUMB,91.87134
NUMBL,1701.89829
NUP107,162.71711
NUP133,89.076235
NUP153,146.52215666666666
NUP155,29.5382
NUP160,50.04353333333333
NUP188,45.60992666666667
NUP205,51.66405
NUP210,120.41369999999999
NUP210L,8.67756
NUP210P1,19.33459
NUP214,235.07223666666667
NUP35,52.91957
NUP37,75.350635
NUP43,128.921415
NUP50,249.76110333333335
NUP54,82.75495666666667
NUP62CL,4.025425
NUP85,75.52101
NUP88,136.805865
NUP93,48.48977
NUP98,193.80032000000003
NUPL1,106.511765
NUPL2,62.46354
NUPR1,33.54612
NUS1,82.57882000000001
NUSAP1,43.467925
NUTF2,265.535735
NUTM1,62.05149
NUTM2A,221.27575
NUTM2F,13.87946
NVL,40.78379
NWD2,0.51661
NXF1,369.60103
NXF3,3.6404700000000005
NXF5,0.00648
NXN,186.97699
NXNL1,95.33075
NXNL2,18.6591
NXPE1,95.83635
NXPE3,64.216015
NXPE4,0.4935
NXPH1,8.38333
NXPH2,21.818166666666666
NXPH3,62.574805
NXPH4,55.10558
NXT1,69.49791
NXT2,131.88710500000002
NYAP1,283.49158
NYAP2,12.24272
NYNRIN,2.74845
NYX,11.50644
OAF,38.558025
OARD1,102.690305
OAS1,114.702715
OAS2,84.83334333333333
OAS3,51.909485
OASL,102.01607000000001
OAT,507.80159
OAZ1,8845.819325
OAZ2,366.55186
OAZ3,15.494305
OBFC1,74.97293499999999
OBP2A,40.342237999999995
OBP2B,30.03038
OBSCN,31.595536666666664
OBSL1,15.472845714285715
OCA2,66.22857
OCEL1,103.73047
OCIAD1,623.063166
OCIAD2,161.96012
OCLM,33.55072
OCLN,19.5455175
OCR1,20.27275
OCRL,28.197925
ODAM,10.68947
ODC1,2036.05146
ODF1,140.74772
ODF2,26.42067
ODF2L,15.426475
ODF3,108.759895
ODF3B,46.124316
ODF3L1,9.03401
ODF3L2,25.34578
ODF4,11.550995
OFCC1,21.17094636363636
OFD1,194.67123
OGDH,78.24714666666667
OGDHL,4.15302
OGFOD1,78.8452975
OGFOD2,31.98407333333333
OGFOD3,47.49418333333333
OGFR,93.9610625
OGFRL1,1084.3854566666666
OGFRP1,89.41403
OGG1,62.22481000000001
OGN,6.17072
OGT,326.00579500000003
OIP5,19.30451
OIT3,17.48969
OK/SW-CL.36,19.12756
OK/SW-CL.58,7.00301
OLA1,237.84955000000002
OLAH,232.5335133333333
OLFM1,25.86872666666667
OLFM2,45.44113
OLFM3,8.754995
OLFM4,23.2763
OLFML1,0.89604
OLFML2A,63.25665
OLFML2B,33.39266
OLFML3,14.374
OLIG1,149.08958
OLIG2,11.899465
OLIG3,2.76489
OLR1,35.02648
OMA1,154.81886
OMD,20.70004
OMP,4.32166
ONECUT1,30.05242
ONECUT2,2.14923
OOSP2,6.59736
OPA1,52.1943525
OPA3,23.65384
OPALIN,5.85489
OPCML,3.12109
OPHN1,1161.97199
OPLAH,10.20563
OPN1SW,11.9802
OPN3,118.890415
OPN4,9.67289
OPN5,38.421925
OPRD1,10.35065
OPRK1,46.41847
OPRL1,185.333645
OPRM1,8.413446666666667
OPTC,159.79425
OPTN,1436.885795
OR10A3,6.65245
OR10A4,44.14478
OR10A5,0.00655
OR10C1,19.79113
OR10D1P,11.139455000000002
OR10D3,102.83099
OR10H1,12.46777
OR10H2,1.80627
OR10H3,10.79087
OR10J1,128.23978
OR11A1,15.35627
OR12D2,103.8538
OR12D3,3.71944
OR13C4,78.597555
OR14J1,38.11941
OR1A1,44.0707
OR1A2,12.31656
OR1C1,8.23615
OR1D2,22.41258
OR1D5,3.45072
OR1E1,16.32137
OR1E3,13.18469
OR1F1,75.3491
OR1F2P,34.86547
OR1G1,23.96892
OR1I1,34.88408
OR1J2,35.268965
OR1J4,7.655925
OR1Q1,11.99738
OR2B2,4.1556
OR2B3,19.35543
OR2B4P,0.01087
OR2B6,63.80781
OR2C1,30.85213
OR2C3,9.38135
OR2F1,20.597525
OR2F2,11.75504
OR2H1,3.6604680000000003
OR2H2,17.895165
OR2I1P,25.6488
OR2J2,5.65503
OR2J3,1.48486
OR2K2,16.254705
OR2L13,6.9393
OR2L2,11.656443333333334
OR2M4,18.26662
OR2N1P,41.65209
OR2S2,42.20087
OR2W1,5.97011
OR3A1,4.18394
OR3A3,123.18326
OR4D1,17.15856
OR4D2,38.801
OR51A1P,26.02636
OR51B2,48.65972
OR51B4,7.85092
OR51B5,19.59812
OR51B6,38.32419
OR51E1,12.56924
OR51E2,18.37123
OR51I1,71.98341
OR51I2,36.29827
OR51J1,9.37441
OR51M1,4.63787
OR52A1,37.15301
OR52D1,54.31586
OR52K3P,455.26663
OR5E1P,20.12127
OR5G1P,2.69631
OR5H1,21.216935
OR5I1,18.57938
OR5J2,58.50968
OR5K1,4.24326
OR5L2,33.96267
OR5P2,2.40072
OR5P3,7.50013
OR5V1,0.00293
OR6A2,7.42601
OR6B1,28.62898
OR6W1P,10.15929
OR7A10,195.44533
OR7A17,8.00612
OR7A5,58.78982
OR7C1,81.68782
OR7C2,6.0935
OR7D2,58.225660000000005
OR7E14P,5.52798
OR7E19P,45.13434
OR7E24,8.70917
OR7E37P,126.1417
OR8B8,30.67663
OR8D1,6.35307
OR8D2,10.00048
OR8G2,4.249685
ORAI1,297.93788
ORAI2,395.17419666666666
ORAI3,266.54075
ORAOV1,10.22706
ORC1,5.29678
ORC2,71.25421
ORC3,79.47307
ORC4,108.75440499999999
ORC5,34.57809
ORC6,289.72486
ORM1,63.418393333333334
ORMDL1,215.73159333333334
ORMDL2,242.25535
ORMDL3,210.39006
OS9,498.909715
OSBP,103.50882333333334
OSBP2,93.20574666666668
OSBPL10,43.54584
OSBPL11,326.94991500000003
OSBPL1A,76.35715
OSBPL2,286.309175
OSBPL3,29.49257
OSBPL5,28.977800000000002
OSBPL6,191.93227666666667
OSBPL7,18.21262666666667
OSBPL8,1214.8595875
OSBPL9,368.9936
OSCAR,122.85531
OSCP1,10.61451
OSER1,300.7482
OSGEP,53.80474
OSGEPL1,86.662275
OSGIN1,12.66295
OSGIN2,46.34272
OSM,33.824169999999995
OSMR,22.483703333333334
OSR1,3.63977
OSR2,6.77435
OSTC,360.12889
OSTCP1,27.60602
OSTF1,378.6933
OSTM1,181.79599000000002
OTC,0.00357
OTOF,10.478909999999999
OTOGL,5.84003
OTOP2,14.991745000000002
OTOR,11.51458
OTOS,11.15972
OTP,236.084585
OTUB2,27.161673333333336
OTUD1,212.00315333333333
OTUD3,17.56394
OTUD4,129.44919000000002
OTUD5,62.97054
OTUD6B,68.2435
OTUD7A,518.40901
OTUD7B,28.40352833333333
OTULIN,41.657086666666665
OTX1,11.65122
OTX2,16.34594
OVGP1,72.81413
OVOL1,83.170555
OVOL2,59.95341
OVOL3,7.47473
OXA1L,377.23579
OXCT1,102.96566
OXCT2,26.837495
OXER1,249.95504
OXGR1,3.36088
OXLD1,147.125875
OXNAD1,247.51163
OXR1,96.670878
OXSM,52.01378
OXSR1,269.90113
OXT,109.60653
OXTR,27.33578
P2RX1,144.97773
P2RX2,72.78412
P2RX3,7.93678
P2RX4,63.66633
P2RX5,253.05328
P2RX6,43.806005
P2RX7,48.440775
P2RY1,28.06918
P2RY10,465.640885
P2RY11,12.42449
P2RY12,87.48925499999999
P2RY13,1374.04026
P2RY14,142.51927
P2RY2,17.79157
P2RY4,31.32767
P2RY6,21.58358
P2RY8,534.37843
P4HA1,65.500835
P4HA3,9.559775
P4HB,204.98712666666665
P4HTM,88.44886
PA2G4,229.75183500000003
PAAF1,95.73956000000001
PABPC1,2083.4589666666666
PABPC1L,51.80063666666666
PABPC1L2A,66.63509
PABPC3,3501.70755
PABPC5,0.00172
PABPN1,84.69237
PACRG,73.50716
PACRGL,11.576699999999999
PACS1,147.95841000000001
PACS2,148.44446
PACSIN1,132.544795
PACSIN2,368.85872333333333
PACSIN3,51.11385
PADI1,98.85133499999999
PADI2,206.63828999999998
PADI3,6.61638
PADI4,227.52146666666667
PAEP,0.05222
PAF1,64.61705
PAFAH1B1,193.30483
PAFAH1B2,196.09424
PAFAH1B3,119.11815
PAFAH2,57.557765
PAG1,342.2226033333333
PAGE1,11.95079
PAGE4,36.56682
PAGE5,1.94949
PAGR1,80.05060999999999
PAICS,54.29398666666666
PAIP1,146.849962
PAIP2,1408.20713
PAIP2B,17.67913
PAK1,257.899345
PAK1IP1,21.6167
PAK2,247.98685833333334
PAK3,29.891389999999998
PAK4,106.62356
PAK6,21.543305
PAK7,6.316955
PALB2,55.57331
PALD1,31.79341
PALLD,31.034174999999998
PALM,0.01181
PALM3,15.2738
PALMD,19.76649
PAM,69.24099666666667
PAMR1,7.89038
PAN2,118.18482
PAN3,749.27145
PANK1,28.6368
PANK2,107.86344666666668
PANK3,133.87234
PANK4,96.50166
PANX1,35.2509825
PANX2,160.33878333333334
PANX3,0.892
PAOX,16.4332325
PAPD4,202.6518
PAPD5,187.82452
PAPD7,139.86055
PAPLN,3.5867549999999997
PAPOLA,458.2435966666667
PAPOLB,8.81993
PAPOLG,71.44775
PAPPA,90.11167818181819
PAPPA2,32.0347825
PAPSS1,446.52529
PAPSS2,84.10852666666666
PAQR3,21.836209999999998
PAQR4,22.92998
PAQR5,6.86354
PAQR6,12.23826
PAQR7,55.96021
PAQR8,146.68229
PAQR9,18.98624
PARD3,33.5105225
PARD3B,26.868603999999998
PARD6A,43.2584
PARD6B,10.411733333333332
PARD6G,88.06008000000001
PARG,47.98466
PARK2,24.456226666666666
PARK7,1719.69433
PARL,161.09938499999998
PARM1,13.91568
PARN,69.22072
PARP1,449.86407
PARP10,44.93137
PARP11,102.48185666666667
PARP12,243.63714
PARP14,156.786415
PARP15,12.295185
PARP16,81.07677
PARP2,36.905229999999996
PARP3,15.89354
PARP4,596.0747
PARP6,78.03074
PARP8,564.166925
PARP9,199.659855
PARPBP,5.3276
PARS2,34.24829
PART1,33.55316
PARVA,39.68214714285715
PARVB,171.83040333333335
PARVG,199.8747
PASD1,12.27157
PASK,103.02434999999998
PATE1,5.108755
PATE2,28.43348
PATL1,59.671353999999994
PATL2,64.60785
PATZ1,43.34554666666667
PAWR,30.239821428571428
PAX1,25.86704
PAX2,48.34748
PAX3,53.925865
PAX4,13.541045
PAX5,124.93734
PAX6,7.139695
PAX7,56.704755
PAX8,55.6607675
PAX8-AS1,61.38125
PAX9,10.99151
PAXBP1,87.03958999999999
PAXIP1,71.45513
PBDC1,113.637075
PBK,1.45735
PBLD,21.549300000000002
PBOV1,8.806995
PBRM1,176.07644166666668
PBX1,208.46569333333332
PBX2,101.1186675
PBX3,107.60492
PBX4,31.56734
PBXIP1,217.60401666666667
PC,10.31076
PCAT18,9.6627
PCAT4,8.00347
PCBD1,9.66765
PCBD2,17.454356666666666
PCBP1,1952.00768
PCBP2,796.3910533333333
PCBP3,50.76326
PCBP4,20.96484
PCCA,13.89257
PCCB,59.314335
PCDH1,22.214905
PCDH10,5.7442575
PCDH11X,320.557444
PCDH12,38.23268
PCDH15,5.137214999999999
PCDH17,28.343766666666667
PCDH18,10.629165
PCDH19,23.57146
PCDH7,13.924322
PCDH8,5.43372
PCDH9,33.088187500000004
PCDHA9,115.89947
PCDHB1,47.04684
PCDHB10,113.86598
PCDHB11,3.74242
PCDHB12,120.95894
PCDHB13,75.08477
PCDHB14,0.01421
PCDHB15,2.0373
PCDHB16,1.43059
PCDHB17,4.81722
PCDHB18,85.482455
PCDHB2,8.26199
PCDHB3,15.397179999999999
PCDHB4,6.11503
PCDHB5,4.6082
PCDHB6,7.88014
PCDHB7,6.7306
PCDHB8,2.38746
PCDHB9,27.77798
PCDHGC3,14.080826666666667
PCDP1,58.617215
PCED1A,49.61575
PCED1B,218.45668
PCF11,237.88147500000002
PCGF1,126.63576
PCGF2,25.951375
PCGF3,75.91627000000001
PCGF5,885.3082019999999
PCGF6,9.80398
PCID2,85.85484
PCIF1,68.25515333333333
PCK1,9.25941
PCK2,53.77191
PCLO,10.482443333333334
PCM1,149.27208666666667
PCMT1,434.9542066666666
PCMTD1,452.329612
PCMTD2,325.67271999999997
PCNA,233.67385
PCNP,345.3535933333333
PCNT,202.30757499999999
PCNX,82.88648857142857
PCNXL2,24.181848
PCNXL3,22.22864
PCNXL4,44.40702
PCOLCE,12.32091
PCOLCE2,42.17122
PCP2,24.70802
PCP4,31.47611
PCP4L1,31.03257
PCSK1,2.78103
PCSK1N,36.88267
PCSK2,2.895985
PCSK4,28.23599
PCSK5,44.16466333333333
PCSK6,24.452747499999997
PCSK7,95.49233000000001
PCSK9,36.09587
PCTP,294.09859
PCYOX1,67.98823
PCYOX1L,104.5178
PCYT1A,124.97654999999999
PCYT1B,14.813476666666666
PCYT2,36.23314
PDAP1,70.53726499999999
PDC,6.98336
PDCD1,63.91902
PDCD10,1291.7373
PDCD11,36.263895
PDCD1LG2,23.60894
PDCD2,70.068222
PDCD2L,20.54462
PDCD4,0.24441
PDCD5,21.80235
PDCD6IP,402.845845
PDCD7,309.665095
PDCL,76.242555
PDCL2,0.00641
PDCL3,166.4823
PDDC1,116.88345
PDE10A,16.913786666666667
PDE11A,14.02541
PDE12,54.5591125
PDE1A,13.433215714285714
PDE1B,0.01387
PDE1C,20.220603333333333
PDE2A,10.03769
PDE3A,23.9613825
PDE3B,134.44839
PDE4A,15.537284
PDE4B,246.03310000000002
PDE4D,37.019798333333334
PDE4DIP,52.327864999999996
PDE5A,41.70106166666667
PDE6A,15.1927
PDE6B,37.752404999999996
PDE6C,3.20861
PDE6D,68.52315666666667
PDE6G,4.87771
PDE6H,1.31765
PDE7A,190.70798166666668
PDE7B,3.479063333333333
PDE8A,30.7805575
PDE8B,5.696750000000001
PDE9A,37.88147
PDGFA,67.502805
PDGFB,30.433632499999998
PDGFC,85.218455
PDGFD,43.53936
PDGFRA,14.291045
PDGFRB,8.00934
PDGFRL,0.75191
PDHA1,111.92478999999999
PDHA2,35.04315
PDHB,187.47904
PDHX,58.52695
PDIA2,68.40559666666667
PDIA3,198.02484
PDIA4,97.46982
PDIA6,238.5455975
PDIK1L,35.22607
PDILT,8.50836
PDK1,104.12083333333334
PDK2,61.206385000000004
PDK3,159.6409
PDK4,31.57377333333333
PDLIM1,778.88155
PDLIM2,144.766755
PDLIM3,12.391656666666668
PDLIM4,29.45876
PDLIM5,59.684664999999995
PDLIM7,64.86563857142856
PDP1,201.28497
PDP2,52.189454999999995
PDPK1,32.868
PDPN,33.894735
PDPR,63.401469999999996
PDRG1,76.9494
PDS5A,117.010665
PDS5B,66.68031
PDSS1,28.995475
PDSS2,39.967855
PDX1,50.02463666666667
PDXDC1,12.201122
PDXK,81.96051666666666
PDXP,18.65374
PDYN,5.98439
PDZD11,165.53917
PDZD2,5.988366666666667
PDZD3,73.69148
PDZD4,81.20208
PDZD7,337.33264
PDZD8,83.00547
PDZD9,43.26348
PDZK1,2.53816
PDZK1IP1,927.9432300000001
PDZRN3,57.45293
PDZRN4,4.99049
PEA15,170.737205
PEAK1,39.786370000000005
PEAR1,77.23016
PEBP1,239.77709000000002
PEBP4,25.55185
PECAM1,667.5817480000001
PECR,1034.16025
PEF1,85.09309
PEG10,3.63107
PEG3,8.4597
PELI1,903.86331
PELI2,170.92954
PELI3,17.71493
PELO,35.81329
PELP1,45.98791
PEMT,72.64231
PENK,32.29907
PEPD,82.80545
PER2,98.77513
PER3,16.757025
PERM1,59.8208
PERP,15.630934
PES1,82.53124
PET112,43.6248
PET117,44.598575
PEX1,52.054730000000006
PEX10,22.74303
PEX11A,8.312985000000001
PEX11B,116.64823
PEX11G,29.12199
PEX12,75.90717
PEX13,23.893896
PEX14,35.79938333333333
PEX16,116.08111666666666
PEX19,78.381955
PEX2,87.24252666666666
PEX26,27.56578
PEX3,47.35103333333333
PEX5,31.596835
PEX5L,7.8678175
PEX6,28.340445000000003
PEX7,13.807220000000001
PF4,6207.88009
PF4V1,652.01391
PFAS,47.03733
PFDN1,77.97028
PFDN2,210.96294
PFDN4,85.90114333333334
PFDN5,2834.367085
PFKFB1,51.387570000000004
PFKFB2,28.4321625
PFKFB3,277.82224
PFKFB4,98.515945
PFKL,133.88539
PFKM,62.19232
PFKP,82.88003499999999
PFN1,2338.41508
PFN2,21.63521
PFN4,26.0236
PGAM1,1560.59213
PGAM2,10.74642
PGAM5,14.260525000000001
PGAP1,14.582456000000002
PGAP2,55.125535
PGAP3,20.110924999999998
PGBD1,0.00336
PGBD2,37.92188
PGBD4,14.26802
PGBD5,16.31374
PGC,55.287335
PGD,363.7937233333334
PGF,775.0460149999999
PGGT1B,144.06453333333334
PGK1,767.1298266666668
PGK2,20.58011
PGLS,191.44499
PGLYRP1,91.39595
PGLYRP2,9.92271
PGLYRP3,696.62955
PGLYRP4,24.31193
PGM1,322.61445
PGM2,331.0757733333333
PGM2L1,112.8753
PGM3,24.06427
PGM5,12.205483333333333
PGP,41.15257
PGPEP1,97.7490325
PGR,8.918875
PGRMC1,898.643645
PGRMC2,79.34916
PGS1,148.91917
PHACTR1,38.433389999999996
PHACTR2,90.19300799999999
PHACTR3,35.06939
PHACTR4,148.196715
PHAX,409.33727
PHB,93.74549
PHB2,1076.92214
PHC1,87.767515
PHC2,525.626305
PHC3,131.817922
PHEX,20.168565
PHF1,402.06435500000003
PHF10,123.24606
PHF11,317.379525
PHF12,52.0863
PHF13,122.74401
PHF14,72.65135000000001
PHF19,29.343326666666666
PHF2,64.90514
PHF20,155.49416200000002
PHF20L1,178.99209
PHF21A,138.5606275
PHF21B,24.244715
PHF23,172.923065
PHF3,261.04737
PHF5A,244.69235
PHF6,117.393005
PHF7,27.066346666666664
PHF8,35.72674333333333
PHGDH,42.22575
PHIP,198.561266
PHKA1,52.612755
PHKA2,61.346399999999996
PHKB,119.056675
PHKG1,26.618335000000002
PHKG2,73.43093333333333
PHLDA1,36.47537833333333
PHLDA2,19.422016666666668
PHLDA3,117.77921
PHLDB1,56.54379
PHLDB2,14.193268
PHLDB3,19.583830000000003
PHLPP1,45.932044999999995
PHLPP2,325.41941
PHOSPHO1,155.24501
PHOSPHO2,31.07251
PHOX2A,30.73903
PHOX2B,19.28545
PHPT1,61.574245000000005
PHRF1,49.022465
PHTF1,27.6759825
PHTF2,96.775482
PHYH,36.55955
PHYHD1,92.34679
PHYHIP,12.63804
PHYHIPL,15.79186
PHYKPL,94.8896925
PI15,13.516865
PI16,67.70587
PI3,386.761445
PI4K2A,45.70485333333334
PI4K2B,68.83453
PI4KA,286.96655499999997
PI4KB,177.75979666666663
PIANP,30.487605
PIAS1,620.90341
PIAS2,9.639095000000001
PIAS3,114.39412
PIAS4,30.904595
PIBF1,52.06879
PICALM,554.53183
PICK1,23.07031
PID1,93.57711
PIDD1,24.669895
PIEZO1,80.65585666666668
PIEZO2,9.900408333333333
PIF1,32.848915
PIFO,12.20377
PIGA,59.3169
PIGB,134.282985
PIGC,96.12963
PIGF,184.911375
PIGG,104.6534925
PIGH,74.30695
PIGK,48.445053333333334
PIGL,12.48977
PIGM,18.081873333333334
PIGN,41.507185
PIGO,19.614393333333336
PIGP,136.93706
PIGQ,125.257515
PIGR,79.396845
PIGS,435.46401
PIGT,211.83454500000002
PIGU,25.88725
PIGV,132.9305
PIGW,30.82143
PIGX,285.70070333333337
PIGY,320.27923499999997
PIGZ,45.75008
PIH1D1,199.616
PIH1D2,3.05126
PIH1D3,4.10353
PIK3AP1,785.744085
PIK3C2A,171.34305285714285
PIK3C2B,153.66466
PIK3C2G,31.98637
PIK3C3,77.61049000000001
PIK3CA,79.80839333333333
PIK3CB,176.596775
PIK3CD,699.5736499999999
PIK3CG,284.2310233333333
PIK3IP1,250.60101333333333
PIK3R1,305.1596333333334
PIK3R2,42.20965333333333
PIK3R3,25.847885
PIK3R4,48.18698666666666
PIK3R5,302.1244766666667
PIK3R6,5.455
PIKFYVE,131.08514666666667
PILRA,814.48812
PIM1,1002.23193
PIM2,1025.33631
PIM3,383.70075
PIN1,99.86433
PIN1P1,22.87806
PIN4,121.82790750000001
PINK1,812.9438500000001
PINK1-AS,0.00381
PINLYP,54.93018
PINX1,54.28139
PIP,68.72529
PIP4K2A,1899.1162733333333
PIP4K2B,113.1865175
PIP4K2C,138.36243
PIP5K1A,40.173136666666664
PIP5K1B,121.588785
PIP5K1C,111.37009
PIP5KL1,18.74
PIPOX,40.25832
PIR,7.76063
PIRT,10.91401
PITHD1,697.1969766666666
PITPNA,274.68822
PITPNB,523.58562
PITPNC1,111.19457
PITPNM1,61.46649
PITPNM2,30.25868
PITPNM3,4.5867249999999995
PITRM1,65.73349999999999
PITX1,9.950949999999999
PITX2,10.53498
PITX3,0.22256
PIWIL1,15.46424
PIWIL2,19.83024
PIWIL4,9.2195
PJA1,179.83557
PJA2,826.13685
PKD1L1,39.69515
PKD1L2,10.0602675
PKD1P1,0.0275
PKD2,55.74114
PKD2L1,172.40783
PKD2L2,19.408815
PKDCC,5.56061
PKDREJ,2.92045
PKHD1,16.473673333333334
PKHD1L1,8.98674
PKI55,27.14071
PKIA,49.438305
PKIB,5.249885
PKIG,274.0077
PKLR,60.67379
PKM,206.30123
PKMYT1,220.8968
PKN1,79.82159
PKN2,292.50465
PKN3,3.36873
PKNOX1,51.266286
PKNOX2,45.399215
PKP1,22.92325
PKP2,19.00884
PKP3,28.420885
PKP4,22.09391
PLA1A,12.51695
PLA2G12A,108.3136575
PLA2G12B,39.022345
PLA2G15,58.05606
PLA2G16,28.942075
PLA2G1B,132.19653
PLA2G2A,50.034
PLA2G2D,21.784
PLA2G2E,59.99979
PLA2G2F,27.10917
PLA2G3,11.4454
PLA2G4A,19.50718
PLA2G4C,23.895055
PLA2G4D,0.00567
PLA2G4F,16.11434
PLA2G5,46.83271333333334
PLA2G6,40.95269
PLA2G7,94.62384
PLA2R1,6.1648000000000005
PLAA,48.061103333333335
PLAC1,27.92583
PLAC4,10.491933333333334
PLAC8,1724.36038
PLAC8L1,29.3315
PLAC9,53.478505
PLAG1,36.67695
PLAGL1,292.93985
PLAGL2,63.72047
PLAT,8.30682
PLAU,15.22902
PLAUR,418.3142766666667
PLB1,25.65064
PLBD1,1239.52163
PLBD2,47.682
PLCB1,106.60087
PLCB2,55.78837
PLCB3,85.05177
PLCB4,8.353775
PLCD1,26.73409
PLCD3,45.776685
PLCD4,6.76838
PLCE1,113.90611200000001
PLCG1,170.964375
PLCG2,373.3136975
PLCH1,20.462889999999998
PLCH2,7.43466
PLCL1,19.30811
PLCL2,336.46741
PLCXD1,91.98792999999999
PLCXD2,36.51255
PLCXD3,8.117075
PLCZ1,0.08124
PLD1,16.522481428571428
PLD2,35.86693
PLD3,192.3905
PLD4,32.798395
PLD5,14.365145
PLD6,34.58958
PLEC,246.66071499999998
PLEK,2025.084775
PLEK2,357.58387
PLEKHA1,267.38586
PLEKHA2,378.59976
PLEKHA3,52.74312333333333
PLEKHA4,2.1548
PLEKHA5,21.19836
PLEKHA6,5.2341549999999994
PLEKHA7,4.32043
PLEKHA8,91.49743666666666
PLEKHA8P1,97.25725
PLEKHB1,23.374606666666665
PLEKHB2,428.81814333333335
PLEKHF1,55.65869
PLEKHF2,357.21389
PLEKHG1,25.6316
PLEKHG2,73.58486666666667
PLEKHG3,206.2772325
PLEKHG4,14.15386
PLEKHG4B,31.331845
PLEKHG5,21.0153
PLEKHG6,52.54315
PLEKHH1,16.400405
PLEKHH2,8.050516666666667
PLEKHH3,65.55399
PLEKHM1,162.66374499999998
PLEKHM2,88.78212
PLEKHM3,53.20541
PLEKHN1,55.21763
PLEKHO1,327.1717
PLEKHO2,389.09184
PLEKHS1,3.22825
PLG,30.68044666666667
PLGLB1,30.152936666666665
PLGLB2,8.72225
PLGRKT,75.69669
PLIN1,15.72026
PLIN2,485.801945
PLIN3,118.21693
PLIN4,14.03052
PLK1,22.66361
PLK2,7.32458
PLK3,25.475369999999998
PLK4,16.832800000000002
PLK5,95.82325
PLLP,19.38883
PLN,4.24062
PLOD1,85.24409
PLOD2,23.175945
PLOD3,112.72005
PLP1,16.82154
PLP2,1187.36229
PLRG1,156.43896
PLS1,10.93418
PLS3,7.74691
PLSCR1,233.99590999999998
PLSCR2,19.390845
PLSCR3,317.49385
PLSCR4,1.62921
PLTP,169.40964
PLVAP,86.18516
PLXDC1,80.82431
PLXDC2,144.79767666666666
PLXNA1,36.33219333333333
PLXNA2,31.572143333333333
PLXNA3,77.20094
PLXNA4,40.2750275
PLXNB1,32.752955
PLXNB2,59.87541
PLXNB3,14.73899
PLXNC1,822.9312874999999
PLXND1,125.56881
PM20D1,32.28509
PM20D2,81.72202
PMAIP1,234.78973000000002
PMCH,5.63341
PMCHL1,6.610927500000001
PMEL,70.84558
PMEPA1,21.311386666666667
PMF1,103.00931
PMFBP1,61.58316
PML,184.12663400000002
PMM1,34.3418
PMM2,65.90777
PMP2,10.06464
PMP22,118.34740250000002
PMPCA,70.76931
PMPCB,179.49191000000002
PMS1,31.732746000000002
PMS2,49.935945
PMS2L2,19.02336
PMS2P1,69.432904
PMS2P3,71.120765
PMS2P4,2.51809
PMS2P5,72.24414
PMVK,72.09971
PNCK,2.57939
PNISR,409.32178833333336
PNKD,64.83717666666666
PNKP,25.12017
PNLDC1,23.61165
PNLIP,22.48671
PNLIPRP1,2.9133
PNLIPRP2,0.00691
PNLIPRP3,0.01667
PNMA1,261.20273
PNMA2,18.66077
PNMA3,29.836715
PNMA6A,3.98105
PNMAL1,25.78149
PNMT,10.17367
PNN,869.01613
PNO1,66.81125666666667
PNOC,123.78223
PNP,404.11379
PNPLA1,11.65339
PNPLA2,559.15752
PNPLA3,57.38516
PNPLA4,16.63181
PNPLA5,35.07597
PNPLA6,287.18197
PNPLA7,8.552275
PNPLA8,379.9978433333333
PNPO,126.106455
PNPT1,64.01905
PNRC1,2494.75535
PNRC2,1070.43481
POC1A,25.353270000000002
POC1B,408.87729
POC5,98.46592
PODN,30.23944
PODNL1,287.19211
PODXL,11.55187
PODXL2,19.29863
POF1B,6.3333699999999995
POFUT1,22.577070000000003
POFUT2,49.60835
POGK,82.18347
POGLUT1,79.98243500000001
POGZ,483.941565
POLA1,26.71402
POLA2,43.91233333333334
POLB,169.12538999999998
POLD1,46.50729
POLD2,48.83455
POLD3,114.732595
POLD4,214.86666
POLDIP2,99.04054500000001
POLDIP3,75.73996
POLE,21.17919
POLE2,28.61945
POLE3,210.84682
POLE4,53.64151666666667
POLG,61.74263333333334
POLG2,113.04381
POLH,21.433353333333333
POLI,32.660624999999996
POLK,43.88394666666667
POLL,168.23236
POLM,24.24487
POLN,25.25778
POLQ,17.183255
POLR1A,21.946095
POLR1B,148.805975
POLR1C,50.81653
POLR1D,612.92905
POLR1E,48.34793333333334
POLR2A,120.6804
POLR2B,444.35348999999997
POLR2C,142.95347333333333
POLR2D,44.82033
POLR2E,332.888725
POLR2F,83.685075
POLR2G,404.35788
POLR2H,87.66188
POLR2I,165.54116
POLR2J,455.4240625
POLR2K,154.342915
POLR2L,257.90382999999997
POLR3A,21.40693333333333
POLR3B,13.846763333333334
POLR3C,75.66427
POLR3D,31.60202
POLR3E,15.80263
POLR3F,49.25736
POLR3G,31.227486666666668
POLR3GL,351.20428
POLR3H,76.09746
POLR3K,32.663019999999996
POLRMT,32.426966666666665
POM121C,171.37448
POM121L10P,25.488519999999998
POM121L12,974.04749
POM121L2,23.45497
POM121L8P,23.73477
POM121L9P,17.14228
POMC,10.2986
POMGNT1,74.59870333333333
POMGNT2,69.27658
POMK,26.79209
POMP,530.67143
POMT1,16.52646
POMT2,38.62536
POMZP3,33.576225
PON1,7.942114999999999
PON2,20.51261666666667
PON3,343.73013
POP1,13.23543
POP4,111.064175
POP5,152.83293
POP7,152.33299
POPDC2,25.15431
POPDC3,57.39354
POR,155.5916
PORCN,84.70093
POSTN,24.6751125
POT1,67.82907
POT1-AS1,5.25804
POTEKP,788.67087
POTEM,10.83591
POU1F1,1.41377
POU2F1,52.502790000000005
POU2F2,82.22951857142857
POU2F3,2.91644
POU3F1,23.14554
POU3F2,14.519715
POU3F3,15.687153333333335
POU3F4,30.88703
POU4F1,4.131335
POU4F2,1.47963
POU4F3,6.32755
POU5F1,55.22442
POU5F1B,140.59102
POU5F1P3,24.54673
POU5F1P4,17.7732
POU5F2,26.15822
POU6F1,63.4164275
POU6F2,8.44604
PP12613,2.0202
PP12719,99.55276
PP13,12.23664
PP13439,3.04565
PP14571,13.61971
PP2672,18.71492
PP2D1,1.15685
PP7080,47.04725
PPA1,789.04207
PPA2,122.34061
PPAP2A,58.48729
PPAP2B,19.96156
PPAP2C,41.71032
PPAPDC1A,3.4853
PPAPDC1B,128.0495575
PPAPDC2,100.9824
PPAPDC3,45.60721
PPARA,26.172232222222224
PPARD,67.34608
PPARG,78.92297
PPARGC1A,5.317705
PPARGC1B,20.0670125
PPAT,60.628074999999995
PPBP,7619.66513
PPBPP2,101.02402
PPCDC,70.03485
PPCS,211.26951
PPDPF,984.91754
PPEF1,29.12811
PPEF2,8.27253
PPFIA1,55.1593325
PPFIA2,27.93559666666667
PPFIA3,19.158425
PPFIA4,2.13494
PPFIBP1,93.43305000000001
PPFIBP2,73.70427
PPHLN1,120.401136
PPIA,1695.522485
PPIAL4B,1.73865
PPIAP21,133.36785
PPIB,544.40986
PPIC,32.002515
PPID,258.76376500000003
PPIE,51.19907666666666
PPIEL,30.137480000000004
PPIF,203.572735
PPIG,279.391975
PPIH,134.76973
PPIL1,58.00444
PPIL2,29.416126666666667
PPIL3,334.00299
PPIL4,47.84372
PPIL6,25.689173333333333
PPIP5K1,9.098685
PPIP5K2,152.38868
PPL,0.00325
PPM1A,819.9276416666667
PPM1B,542.477355
PPM1D,111.7559
PPM1E,7.41733
PPM1F,214.49309
PPM1G,46.2014
PPM1H,20.067735
PPM1J,15.70961
PPM1K,132.178158
PPM1L,29.595366666666667
PPM1M,261.36871
PPM1N,4.949285000000001
PPME1,93.57466
PPOX,34.67777666666667
PPP1CA,581.58066
PPP1CB,1361.1254425
PPP1CC,1484.96926
PPP1R10,94.73156
PPP1R11,285.4724125
PPP1R12A,491.33927
PPP1R12B,40.780319999999996
PPP1R12C,28.565816666666667
PPP1R13B,34.7332
PPP1R13L,14.99805
PPP1R14A,34.52647
PPP1R14B,62.9751
PPP1R14C,12.28873
PPP1R14D,21.84649
PPP1R15A,205.85111
PPP1R15B,516.23865
PPP1R16A,11.57346
PPP1R16B,72.11454666666667
PPP1R17,49.687555
PPP1R18,1803.62045
PPP1R1A,25.130435
PPP1R1B,22.41911
PPP1R1C,12.68464
PPP1R2,309.42907
PPP1R21,167.43616
PPP1R26,38.37224
PPP1R27,189.03548
PPP1R2P9,4.70611
PPP1R32,43.78664
PPP1R35,226.24731
PPP1R36,6.85051
PPP1R37,11.844823333333332
PPP1R3A,2.100285
PPP1R3B,719.8734066666666
PPP1R3C,74.012555
PPP1R3D,292.97684499999997
PPP1R3E,38.21943
PPP1R3F,96.75352666666667
PPP1R7,164.28852333333333
PPP1R8,299.68106
PPP1R9A,25.905054999999997
PPP1R9B,227.195255
PPP2CA,220.05692333333332
PPP2CB,252.98241000000002
PPP2R1A,178.17905
PPP2R1B,28.92136
PPP2R2A,153.66539
PPP2R2B,20.811595
PPP2R2C,8.662801666666667
PPP2R2D,85.00771
PPP2R3A,56.93137333333333
PPP2R3C,221.08907333333332
PPP2R4,113.66449333333333
PPP2R5A,473.192595
PPP2R5B,222.70792
PPP2R5C,249.35498666666663
PPP2R5D,81.81909
PPP2R5E,242.055455
PPP3CA,731.9630566666666
PPP3CB,292.36996999999997
PPP3CC,46.847472499999995
PPP3R1,276.26162999999997
PPP3R2,3.552375
PPP4C,119.82192
PPP4R1,701.55563
PPP4R1L,14.02688
PPP4R2,249.41082000000003
PPP4R4,5.823333333333333
PPP5C,34.92393
PPP6C,404.31102250000004
PPP6R1,294.98398
PPP6R2,59.447125
PPP6R3,143.81382333333335
PPRC1,25.79889
PPT1,3821.07778
PPTC7,712.9587433333332
PPWD1,84.513645
PPY,8.57078
PPY2,53.67915
PQBP1,120.55438666666667
PQLC1,165.89188000000001
PQLC2,23.59071
PQLC3,136.555045
PRAC1,24.43034
PRADC1,17.67029
PRAF2,121.16937
PRAM1,122.64231
PRAME,17.46428
PRAMEF10,12.74369
PRAMEF12,35.18662
PRAP1,51.97203
PRB1,183.51133333333334
PRB3,50.86198
PRB4,8.44919
PRC1,16.02695
PRCC,29.02173
PRCP,182.9926425
PRDM1,282.11959333333334
PRDM10,72.07532
PRDM11,17.103476
PRDM12,23.57897
PRDM13,61.55713
PRDM14,19.0038
PRDM15,21.080855
PRDM16,10.034865
PRDM2,115.47976249999999
PRDM4,103.40845
PRDM5,33.969143333333335
PRDM6,11.375675
PRDM7,1.0472
PRDM8,12.060849999999999
PRDM9,25.8673
PRDX1,306.48375
PRDX2,819.8147775
PRDX3,268.56921
PRDX4,119.99814
PRDX5,1304.590655
PRDX6,1822.09712
PREB,84.49878
PRELID1,357.6214
PRELID2,75.58121000000001
PRELP,56.18145666666666
PREP,35.556243333333335
PREPL,56.64743
PREX1,1001.480495
PREX2,35.12831666666667
PRF1,1225.3363749999999
PRG2,961.11778
PRG3,48.39642
PRG4,6.95532
PRH1,30.3726
PRICKLE1,101.7244125
PRICKLE2,4.57571
PRICKLE3,13.45621
PRICKLE4,825.0328949999999
PRIM1,89.0765
PRIM2,9.155854000000001
PRIMA1,8.48702
PRIMPOL,91.30462
PRKAA1,70.649928
PRKAA2,54.286128000000005
PRKAB1,62.37159
PRKAB2,38.59231666666667
PRKACA,253.240055
PRKACB,528.5323966666666
PRKACG,19.12303
PRKAG1,159.49669
PRKAG2,116.05690200000001
PRKAG3,6.34413
PRKAR1A,1503.2085574999999
PRKAR1B,35.33718
PRKAR2A,415.97169199999996
PRKAR2B,1465.81936
PRKCA,67.134244
PRKCB,541.5317100000001
PRKCD,289.58552
PRKCDBP,13.69204
PRKCE,30.496593333333333
PRKCG,14.574165
PRKCH,256.55033
PRKCI,92.77736
PRKCQ,261.9814
PRKCSH,432.31791
PRKCZ,81.63899
PRKD1,9.858775
PRKD2,248.583
PRKD3,79.864454
PRKDC,65.01472
PRKG1,5.7774600000000005
PRKG2,262.0264
PRKRA,85.02672
PRKRIR,590.66932
PRKX,100.230295
PRKXP1,13.523793333333332
PRKY,34.226
PRL,18.24568
PRLH,18.41836
PRLHR,282.46068
PRLR,19.276722857142857
PRM1,17.33444
PRM2,29.35583
PRM3,17.47755
PRMT1,63.44747
PRMT2,175.88328166666665
PRMT3,42.76011
PRMT5,58.60141333333333
PRMT6,37.00894
PRMT7,26.64155
PRMT8,58.23964
PRMT9,28.50532
PRND,11.06122
PRNP,243.56423
PRNT,12.34933
PRO2012,6.40163
PRO2949,6.976715
PRO2964,49.38819
PROC,35.34669
PROCA1,24.67344
PROCR,50.61244
PRODH2,41.540655
PROK1,21.05504
PROK2,2575.74518
PROKR2,80.08267
PROL1,13.20997
PROM1,10.04923
PROM2,94.26599999999999
PROP1,8.97949
PRORSD1P,29.88355
PRORY,9.40701
PROS1,285.58864
PROSC,150.219136
PROSER1,99.91779
PROSER2,61.575615
PROSER3,32.792555
PROX1,80.16835999999999
PROX2,13.61193
PROZ,900.78787
PRPF18,94.78407
PRPF19,118.98089
PRPF3,124.11827
PRPF31,69.78192333333332
PRPF38A,140.99373333333332
PRPF38B,581.82554
PRPF39,73.72218
PRPF4,83.82158
PRPF40A,505.04292000000004
PRPF40B,42.09989
PRPF4B,192.7043033333333
PRPF6,81.51541
PRPF8,345.77447
PRPH,32.21752
PRPH2,349.29811
PRPS1,172.675835
PRPS1L1,4.69659
PRPS2,136.751025
PRPSAP1,119.87782999999999
PRPSAP2,182.38543
PRR11,1540.6209933333332
PRR12,26.02224
PRR13,1406.09035
PRR14,181.12295000000003
PRR14L,263.290525
PRR15,16.6119
PRR15L,53.8675
PRR16,81.29219
PRR18,4.01828
PRR19,13.82004
PRR22,26.865254999999998
PRR26,135.74769
PRR3,83.77107
PRR30,0.00205
PRR32,14.58577
PRR34,69.96839
PRR35,61.69001
PRR5,113.93363500000001
PRR5L,57.2167
PRR7,20.42639
PRRC1,109.455895
PRRC2A,63.40288999999999
PRRC2B,99.1941
PRRC2C,463.10983000000004
PRRG1,41.0712
PRRG2,14.1126
PRRG3,5.78815
PRRG4,238.10221
PRRT2,20.16546
PRRT3,13.21432
PRRX1,24.845293333333334
PRRX2,26.49951
PRSS1,9.09183
PRSS12,16.276375
PRSS16,13.53576
PRSS2,174.91283
PRSS21,49.42968
PRSS22,144.13058
PRSS23,30.603832500000003
PRSS27,4.56696
PRSS3,69.918775
PRSS30P,91.80995
PRSS33,99.84268
PRSS35,19.59643
PRSS36,378.23157
PRSS37,73.66991
PRSS3P2,176.50617
PRSS50,28.44328
PRSS53,23.7221
PRSS54,4.00203
PRSS55,101.76834
PRSS58,14.10269
PRSS8,50.94737
PRTFDC1,34.78537
PRTG,8.494996666666667
PRTN3,326.23308
PRUNE,123.61394750000001
PRUNE2,30.964560000000002
PRX,16.57751
PSAP,2293.622485
PSAPL1,540.95336
PSAT1,30.462004999999998
PSCA,39.06686
PSD,10.26961
PSD2,57.73597
PSD3,25.641066666666664
PSD4,125.93101999999999
PSEN1,113.1704942857143
PSEN2,14.847290000000001
PSENEN,162.65037
PSG1,8.947526666666667
PSG11,27.90264
PSG2,30.37243
PSG3,36.2135
PSG4,19.63862
PSG5,14.040355
PSG6,14.859193333333332
PSG7,12.97914
PSG9,10.77469
PSIP1,239.3850675
PSKH1,55.36255
PSKH2,25.93195
PSMA1,641.1166166666667
PSMA2,440.68317
PSMA3,273.94688666666667
PSMA4,828.14434
PSMA5,148.15565999999998
PSMA7,500.026505
PSMA8,19.24766
PSMB1,799.54383
PSMB10,414.50201
PSMB2,245.589315
PSMB3,900.02644
PSMB4,829.2670566666666
PSMB5,99.40603
PSMB6,144.69008
PSMB7,176.7081
PSMB8,438.04025
PSMB9,1455.77978
PSMC1,488.97318
PSMC2,232.05915333333334
PSMC3,137.07228
PSMC3IP,38.95999
PSMC4,359.37006
PSMC5,391.10159
PSMC6,668.78232
PSMD1,247.5473
PSMD10,176.316755
PSMD11,152.27392500000002
PSMD12,134.08081
PSMD13,198.73396
PSMD14,188.51452
PSMD2,304.42348
PSMD3,112.53424
PSMD4,502.5764725
PSMD5,47.337665
PSMD6,386.127415
PSMD7,409.46894
PSMD8,322.11063
PSMD9,193.289525
PSME1,1565.91146
PSME3,141.165285
PSME4,210.10367333333332
PSMF1,969.0829975
PSMG1,68.36276
PSMG2,418.53083
PSMG3,63.93006
PSMG4,48.35837
PSORS1C1,20.07301
PSORS1C2,54.29474
PSORS1C3,13.62796
PSPC1,53.177792
PSPH,33.574646666666666
PSPN,12.69382
PSRC1,51.82825
PSTK,16.506095
PSTPIP1,175.4307
PSTPIP2,133.35587
PTAFR,893.2637599999999
PTAR1,132.31757333333334
PTBP1,119.76792
PTBP2,25.224800000000002
PTBP3,410.34590399999996
PTCD2,30.255225
PTCD3,57.6554
PTCH1,21.030185
PTCH2,93.92375
PTCHD1,7.050765
PTCHD2,27.45013
PTCHD4,16.04531
PTCRA,177.06746666666666
PTDSS1,386.58931
PTDSS2,10.06181
PTEN,701.66765125
PTER,140.164145
PTGDR,61.53702333333333
PTGDR2,90.12388
PTGDS,90.65880666666665
PTGER1,31.50869666666667
PTGER2,141.36123
PTGER3,18.277775
PTGER4,410.17082000000005
PTGER4P2-CDK2AP2P2,1.32991
PTGES,41.87744
PTGES2,36.27949
PTGES3,1753.10039
PTGFR,2.515565
PTGFRN,9.040175
PTGIR,111.005275
PTGIS,15.92621
PTGR1,12.77429
PTGR2,149.77108333333334
PTGS1,303.81868
PTGS2,146.73566499999998
PTH,2.05686
PTH1R,294.49658
PTH2,345.32512
PTH2R,0.01193
PTHLH,160.47140666666667
PTK2,41.3752075
PTK2B,145.47734499999999
PTK6,156.782735
PTK7,21.800974999999998
PTMA,2599.00897
PTMS,66.13295
PTN,112.065685
PTOV1,119.18556
PTP4A1,166.02947999999998
PTP4A2,1797.8511624999999
PTP4A3,116.58327333333334
PTPDC1,11.175035
PTPLA,59.570690000000006
PTPLAD1,197.717125
PTPLAD2,571.702405
PTPLB,132.09645
PTPMT1,32.972495
PTPN1,47.4368575
PTPN11,92.21950499999998
PTPN12,394.87952666666666
PTPN13,116.670265
PTPN14,24.4799425
PTPN18,347.27644333333336
PTPN2,120.31475
PTPN20B,0.0073
PTPN21,7.922722
PTPN22,60.89028
PTPN23,54.231480000000005
PTPN3,8.137415
PTPN4,158.251565
PTPN5,18.11889
PTPN6,1148.77754
PTPN7,105.62562
PTPN9,14.46984
PTPRA,41.06153333333333
PTPRB,8.32609
PTPRC,2958.3391019999995
PTPRCAP,434.69657
PTPRD,14.2767775
PTPRE,290.6251766666667
PTPRF,15.9678425
PTPRG,44.372667500000006
PTPRH,11.42124
PTPRJ,340.83700333333337
PTPRK,26.746105
PTPRM,48.09964
PTPRN,141.7725
PTPRN2,93.06572999999999
PTPRO,988.77501
PTPRR,7.071294999999999
PTPRS,23.751343333333335
PTPRT,10.24567
PTPRU,141.58903
PTPRZ1,13.07528
PTRF,48.07171666666667
PTRH1,30.689115
PTRH2,131.09489
PTRHD1,311.23874
PTS,74.8828
PTTG1,87.91995
PTTG1IP,913.93843
PTTG2,54.78956
PTTG3P,8.67991
PTX3,9.11941
PUF60,314.22518
PUM1,416.7255133333333
PUM2,617.32977
PURA,104.22651599999999
PURB,31.63447
PURG,13.07038
PUS1,62.56586
PUS10,20.087
PUS3,106.33073
PUS7,31.57056
PUS7L,65.37258
PUSL1,16.53718
PVALB,43.89662
PVR,29.91762714285714
PVRIG,256.06056
PVRL1,68.17501
PVRL2,20.7215025
PVRL3,2.98479
PVRL4,61.91314
PWP1,208.69312
PWP2,46.09248
PWWP2A,81.89341
PWWP2B,31.389516666666665
PXDC1,13.997785
PXDN,36.642540000000004
PXDNL,12.89792
PXK,204.648465
PXMP2,14.13453
PXMP4,49.813093333333335
PXN,439.876595
PXT1,34.19803
PXYLP1,59.178645
PYCARD,747.24554
PYCR1,238.18203
PYCRL,75.71392
PYDC1,60.16915
PYGB,78.37182
PYGL,820.3583
PYGM,14.63086
PYGO1,18.36794666666667
PYGO2,76.082315
PYHIN1,118.71346500000001
PYROXD1,132.31155666666666
PYROXD2,13.205575
PYY,10.27741
PYY2,15.29304
PZP,21.69968
QDPR,46.757664999999996
QKI,284.388413
QPCT,1440.07444
QPCTL,87.02036
QPRT,11.24265
QRFPR,3.85151
QRICH1,89.105165
QRICH2,25.44754
QRSL1,58.5715475
QSER1,204.130185
QSOX1,22.74461
QSOX2,22.496195
QTRT1,26.97695
QTRTD1,35.192679999999996
R3HCC1,37.067975000000004
R3HCC1L,55.650795
R3HDM1,73.746625
R3HDM2,439.9489
R3HDM4,4162.37304
R3HDML,18.3746
RAB10,849.81323
RAB11A,559.6884699999999
RAB11B,157.34902499999998
RAB11FIP1,1088.4004533333334
RAB11FIP2,90.278665
RAB11FIP3,22.20784
RAB11FIP4,89.51240666666666
RAB11FIP5,41.45646
RAB12,137.80460333333335
RAB13,74.47694
RAB14,345.8331333333333
RAB15,20.31937
RAB17,14.1285
RAB18,281.59552
RAB1A,504.13964
RAB1B,482.75996
RAB20,58.89598
RAB21,110.9258975
RAB22A,118.21307999999999
RAB23,12.587276666666668
RAB24,427.07037
RAB25,16.61748
RAB26,55.55166
RAB27A,611.921882
RAB27B,187.72848
RAB28,79.36046
RAB29,271.26965666666666
RAB2A,257.72085666666663
RAB2B,502.89899
RAB30,66.926688
RAB31,1513.2526100000002
RAB32,230.42230999999998
RAB33A,95.7211
RAB33B,154.60369
RAB35,137.21756666666667
RAB36,0.6277
RAB37,376.86869
RAB38,8.72497
RAB39A,45.55735
RAB39B,79.907045
RAB3A,282.1408
RAB3B,19.211682
RAB3C,24.93082
RAB3D,389.50155500000005
RAB3GAP1,124.0035975
RAB3GAP2,13.85436
RAB3IL1,38.82993
RAB3IP,26.143291428571427
RAB40A,3.39318
RAB40AL,11.22552
RAB40B,25.763546666666667
RAB40C,35.04578
RAB42,62.87072
RAB43,11.84476
RAB4A,148.45957333333334
RAB5A,301.56862
RAB5B,606.84649
RAB5C,320.421295
RAB6A,366.621144
RAB6B,37.49758
RAB7A,251.2772216666667
RAB8A,633.94307
RAB8B,520.7760233333333
RAB9A,184.93718
RAB9B,32.17074
RAB9BP1,1.73693
RABAC1,497.53016
RABEP1,113.18687400000002
RABEP2,181.22809333333336
RABEPK,78.11262
RABGAP1,185.71761
RABGAP1L,417.090942
RABGEF1,44.39057
RABGGTA,90.06808
RABGGTB,174.41624333333334
RABIF,146.67064499999998
RABL3,329.1824066666666
RABL6,74.20236333333334
RAC1,878.109865
RAC2,2270.787565
RAC3,9.50385
RACGAP1,57.93579
RACGAP1P,1.61391
RAD1,407.94522600000005
RAD17,116.22205666666666
RAD18,15.348235
RAD21,1095.013975
RAD21L1,7.752879999999999
RAD23A,465.80439
RAD23B,218.1538425
RAD50,40.44997333333333
RAD51,21.025644999999997
RAD51AP1,7.21143
RAD51B,15.4263575
RAD51C,102.033655
RAD51D,22.856905
RAD52,111.4582975
RAD54B,10.14822
RAD54L,304.46052
RAD54L2,35.50695666666667
RAD9A,109.33563
RAD9B,5.28681
RADIL,18.12896
RAE1,194.26059999999998
RAET1E,29.17883
RAF1,485.87451
RAG1,7.606655
RAG2,5.28442
RAI1,149.56125666666665
RAI14,13.6458
RAI2,9.6202
RALA,231.528205
RALB,835.987515
RALBP1,633.42904
RALGAPA1,36.5304125
RALGAPA2,78.72662399999999
RALGAPB,81.18690666666667
RALGDS,143.570235
RALGPS1,72.058144
RALGPS2,128.63336
RALY,286.68963
RALYL,69.4491
RAMP1,65.50002
RAMP2,28.61585
RAMP2-AS1,20.6425
RAMP3,40.07581
RAN,369.530115
RANBP1,43.065963333333336
RANBP10,73.93193
RANBP17,3.28607
RANBP2,167.473418
RANBP3,64.6437225
RANBP3L,5.6518
RANBP6,171.6284
RANBP9,163.41939
RANGAP1,29.266693333333336
RANGRF,97.141875
RAP1A,824.6230200000001
RAP1B,3199.03111
RAP1GAP,72.36613
RAP1GAP2,399.42722
RAP1GDS1,140.1747875
RAP2A,170.93536333333336
RAP2B,352.2268633333333
RAP2C,252.980305
RAPGEF1,38.02708333333333
RAPGEF2,144.307268
RAPGEF3,10.10403
RAPGEF4,5.22873
RAPGEF5,24.381355
RAPGEF6,252.66866
RAPGEFL1,0.00181
RAPH1,13.936185
RAPSN,359.34079
RARA,187.075506
RARB,20.172065999999997
RARG,65.54922
RARRES1,17.84654
RARRES2,28.43769
RARRES3,447.58588
RARS,89.15662
RARS2,41.83708
RASA1,206.30484
RASA2,616.5690033333334
RASA3,196.80968666666664
RASAL1,45.95574
RASAL2,18.26741
RASAL3,211.96272
RASD1,10.30474
RASD2,15.36284
RASEF,40.41996
RASGEF1A,30.577135
RASGEF1B,19.36596
RASGEF1C,61.00342
RASGRF1,18.683999999999997
RASGRF2,89.20641
RASGRP1,746.08189
RASGRP2,243.6238925
RASGRP3,27.04357
RASGRP4,182.44323500000002
RASIP1,43.42942
RASL10A,17.27711
RASL10B,53.836685
RASL11A,35.82498
RASL11B,29.93747
RASL12,41.66565
RASSF1,30.56717
RASSF10,38.37487
RASSF2,1752.11981
RASSF3,2009.8649500000001
RASSF4,118.23976
RASSF5,1125.8716399999998
RASSF6,11.509916666666667
RASSF7,85.68903499999999
RASSF8,16.0493475
RASSF9,24.251165
RAVER1,17.14794
RAVER2,3.172345
RAX,6.46609
RAX2,116.84662
RB1,121.25451
RB1CC1,388.74593000000004
RBAK,50.41682333333333
RBBP4,128.11854166666666
RBBP5,63.62075
RBBP6,120.54204999999999
RBBP7,665.14862
RBBP8,52.01628
RBBP8NL,129.98337
RBBP9,20.3245025
RBCK1,329.27709000000004
RBFA,24.94088
RBFOX1,51.218286666666664
RBFOX2,72.3593525
RBFOX3,21.86712
RBKS,32.181045
RBL1,9.8674675
RBL2,1294.6444900000001
RBM10,96.28041333333333
RBM11,9.91483
RBM12,159.6334
RBM12B,86.555465
RBM14,32.904203333333335
RBM14-RBM4,177.68828333333332
RBM15,94.173644
RBM15B,111.89676
RBM17,247.80511250000004
RBM18,88.64202333333333
RBM19,34.489725
RBM22,338.52752000000004
RBM23,678.06995
RBM24,10.01889
RBM25,252.5167
RBM26,103.63831571428571
RBM27,278.39723
RBM28,74.91299
RBM3,344.263585
RBM33,76.39232000000001
RBM34,0.03066
RBM38,1775.8238
RBM39,712.197495
RBM41,34.6599
RBM42,103.04555
RBM43,43.169235
RBM45,63.555415
RBM46,4.558660000000001
RBM47,225.99746799999997
RBM48,55.882385
RBM4B,42.81441
RBM5,291.0650125
RBM6,228.07836999999998
RBM7,182.48309
RBM8A,195.71632166666666
RBMS1,807.7225616666666
RBMS2,25.078429999999997
RBMS3,8.86219
RBMX2,63.60363
RBMXL2,7.467435
RBP1,21.411369999999998
RBP2,147.97499
RBP3,85.55876
RBP4,33.43367
RBP5,11.52901
RBP7,426.28121
RBPJ,451.8097266666667
RBPJL,5.29193
RBPMS,41.916356666666665
RBPMS2,58.4701
RBX1,1075.62683
RC3H1,175.68890333333331
RC3H2,208.95853571428572
RCAN1,20.54147
RCAN2,0.00964
RCAN3,251.86876000000004
RCBTB1,48.35447666666666
RCBTB2,317.47472500000003
RCC1,35.461065000000005
RCC2,330.24654
RCCD1,46.711295
RCE1,27.99778
RCHY1,126.6006775
RCL1,48.96967333333333
RCN1,37.62987
RCN2,152.72823
RCN3,35.3578
RCOR1,201.70297000000002
RCOR2,389.4321
RCOR3,135.8133366666667
RCSD1,729.9593
RCVRN,21.14564
RD3,16.59447
RDH10,39.6293225
RDH11,158.7876775
RDH12,7.18908
RDH13,24.1678675
RDH16,80.75022
RDH5,39.94899
RDH8,73.73632
RDM1,8.22048
RDX,26.057100000000002
REC114,39.32082
REC8,43.617509999999996
RECK,113.258708
RECQL,344.29186500000003
RECQL4,30.96982
RECQL5,28.640134
REEP1,97.979795
REEP2,20.76232
REEP3,86.1845
REEP4,98.88852
REEP5,550.61628
REEP6,42.95269
REG1A,81.25699
REG1B,15.17888
REG1P,4.61614
REG3A,17.168855
REG3G,24.00083
REG4,23.367563333333333
REL,282.653294
RELA,287.91093
RELB,43.17277
RELL1,466.61501999999996
RELL2,27.43318
RELN,15.70145
RELT,194.06719
REM1,87.34013
REM2,58.25987
REN,24.54411
RENBP,19.05139
REPIN1,109.56352
REPS1,91.25437
REPS2,134.1827066666667
RER1,235.3535466666667
RERE,106.950738
RERG,49.26029
RERGL,2.80821
REST,308.581115
RET,219.84618666666668
RETN,63.3514
RETNLB,41.701005
RETSAT,126.70421
REV1,72.245755
REV3L,54.381935
REXO1,19.261585
REXO1L1P,43.79613
REXO2,114.450585
REXO4,47.65271
RFC1,150.66017
RFC2,69.77335
RFC3,29.08795333333333
RFC4,69.51747
RFC5,121.86954333333334
RFESD,32.654575
RFFL,46.15869333333333
RFK,101.468525
RFNG,82.83437
RFPL1,28.86098
RFPL2,575.53508
RFPL3,305.13374
RFT1,30.7307
RFTN1,307.64306999999997
RFTN2,41.376865
RFWD2,420.523635
RFWD3,45.0976
RFX1,131.919315
RFX2,37.32566
RFX3,22.9726875
RFX4,4.81899
RFX5,205.7219
RFX6,3.61765
RFX7,51.65066
RFXANK,90.49234
RFXAP,32.27975
RGAG1,5.72175
RGAG4,2.37047
RGCC,394.22407000000004
RGL1,25.05643
RGL2,274.94738
RGL3,47.52567666666667
RGL4,69.91683
RGMA,14.73444
RGMB,38.702304999999996
RGN,4.93317
RGP1,139.7195
RGPD1,9.50173
RGR,96.63611333333334
RGS1,8.518083333333333
RGS10,1349.8580366666667
RGS11,34.323236666666666
RGS12,46.71737
RGS13,3.4823299999999997
RGS14,201.12426666666667
RGS16,19.980993333333334
RGS17,12.82775
RGS18,2993.89832
RGS19,1153.3509
RGS2,7012.49034
RGS20,3.079035
RGS22,16.39914
RGS3,60.85743
RGS4,3.014523333333333
RGS5,22.823453333333333
RGS6,50.1784275
RGS7,26.255945
RGS7BP,16.93646
RGS8,128.50647333333333
RGS9,16.98286
RGS9BP,7.78565
RGSL1,9.00622
RHAG,34.57741
RHBDD1,90.579314
RHBDD2,121.46853999999999
RHBDD3,37.373815
RHBDF1,20.59709
RHBDF2,256.96546
RHBDL1,40.70557
RHBDL2,5.898639999999999
RHBDL3,30.957905
RHBG,6.50523
RHCE,53.492875
RHCG,13.50983
RHD,33.99036
RHEB,159.00708333333333
RHEBL1,9.69713
RHNO1,55.405575
RHO,621.31029
RHOA,2033.119326666667
RHOB,141.948792
RHOBTB1,70.00583
RHOBTB2,38.037585
RHOBTB3,19.88736833333333
RHOC,47.879885
RHOD,76.06572
RHOF,124.2635
RHOG,1447.45799
RHOH,392.65985
RHOJ,51.7987
RHOQ,429.68942999999996
RHOT1,280.60866
RHOT2,155.64956333333333
RHOU,80.463915
RHOV,21.38803
RHOXF1,65.35076
RHPN1,107.26462000000001
RHPN1-AS1,80.449
RHPN2,12.90823
RIBC1,16.25898
RIBC2,11.82155
RIC3,20.25954
RIC8B,256.74051499999996
RICTOR,420.6333325
RIIAD1,37.90237
RILP,512.4926
RILPL1,35.964875
RILPL2,1013.57464
RIMBP2,27.635563333333334
RIMKLA,31.6130025
RIMKLB,27.654843999999997
RIMS1,76.67981666666667
RIMS2,58.03525333333334
RIMS3,37.832710000000006
RIMS4,54.361515
RIN1,88.68612
RIN2,47.728010000000005
RIN3,226.15267799999998
RING1,141.048665
RINT1,110.6532
RIOK1,71.53418
RIOK2,36.15199
RIOK3,1060.864094
RIPK1,110.05594500000001
RIPK2,155.655705
RIPK3,119.77562
RIPK4,66.184515
RIPPLY1,20.87545
RIPPLY2,36.58568
RIPPLY3,15.46428
RIT1,457.80860599999994
RIT2,17.41737
RITA1,39.419529999999995
RLBP1,18.89383
RLF,122.68581
RLIM,116.721215
RLN1,20.05152
RLN2,13.57202
RLN3,86.88747
RLTPR,35.792460000000005
RMDN1,27.911626666666667
RMDN2,16.99791
RMDN3,77.29156
RMI1,141.38136
RMI2,17.05789
RMND1,18.20026
RMND5A,188.91595333333336
RMND5B,793.38677
RN7SKP150,13.00208
RNASE1,23.460045
RNASE11,1.81913
RNASE2,183.42489
RNASE3,24.62798
RNASE6,693.68273
RNASE7,6.185243333333333
RNASEH1,109.19855333333334
RNASEH2A,35.68518
RNASEH2B,44.71566
RNASEH2C,150.913265
RNASEL,321.77635499999997
RNASET2,1029.9838166666666
RND1,0.06322
RND2,17.486674999999998
RND3,17.50799
RNF10,1760.9503100000002
RNF103,145.187115
RNF11,2277.81699
RNF111,327.74942
RNF112,10.27067
RNF113A,220.08188
RNF114,321.0882833333333
RNF115,101.50600999999999
RNF121,19.36072
RNF122,209.69875
RNF123,530.94919
RNF125,195.81440500000002
RNF126,89.54869000000001
RNF126P1,53.42426
RNF128,5.20228
RNF13,1620.62732
RNF130,260.86993333333334
RNF133,0.15508
RNF135,308.60122
RNF138,375.79579
RNF139,317.25563
RNF14,113.81846666666667
RNF141,222.6099625
RNF144A,66.40720999999999
RNF144B,176.3210125
RNF145,335.0354766666666
RNF146,279.722595
RNF148,3.07947
RNF149,3461.60064
RNF150,27.776535
RNF151,19.53168
RNF152,33.643155
RNF157,161.50906999999998
RNF165,82.43373333333334
RNF166,175.22429
RNF167,283.61588
RNF168,128.81873000000002
RNF169,265.58308
RNF17,17.26583
RNF170,70.70221
RNF175,131.02689
RNF180,1.7102633333333335
RNF181,550.86906
RNF182,23.59096
RNF183,185.43988
RNF185,76.63246
RNF185-AS1,18.36172
RNF186,59.13455
RNF187,205.94421000000003
RNF19A,190.942585
RNF19B,225.650485
RNF2,33.46443
RNF20,490.87338
RNF207,25.396106666666668
RNF208,58.40788
RNF212,10.53816
RNF213,158.67367
RNF214,71.77805
RNF215,45.53315
RNF216,109.1745325
RNF217,11.967393333333334
RNF219,45.585605
RNF220,177.26161
RNF24,403.452455
RNF25,13.87668
RNF26,56.199305
RNF31,36.903165
RNF32,35.20948333333333
RNF34,231.13609
RNF38,221.91033
RNF39,10.06897
RNF4,612.07569
RNF40,72.46321999999999
RNF41,46.250296666666664
RNF43,24.40324
RNF44,1103.59319
RNF5,119.10619
RNF6,203.24794999999997
RNF7,119.6666275
RNF8,23.67175
RNFT1,65.43801
RNFT2,28.997040000000002
RNGTT,171.3304275
RNH1,451.889675
RNLS,34.530355
RNMT,56.106725000000004
RNMTL1,52.3785
RNPC3,211.72810333333334
RNPEP,210.04399
RNPEPL1,138.7895
RNPS1,416.47860000000003
RNU2-22P,3.37496
ROBO1,14.79016
ROBO2,2.53771
ROBO3,5.1389
ROBO4,92.65373500000001
ROCK1,341.24368599999997
ROCK2,147.48574
ROGDI,295.33655
ROM1,25.10665
ROMO1,173.84714
ROPN1B,2.38764
ROPN1L,117.57873000000001
ROR1,18.04706666666667
ROR2,324.72198
RORA,80.64415875
RORB,61.90740666666667
RORC,32.856335
ROS1,53.048095
RP1,7.27786
RP1L1,115.67306
RP2,230.830315
RP9,44.33741666666666
RP9P,99.52411
RPA1,318.29184333333336
RPA2,398.95996
RPA3,138.77162
RPA4,16.75187
RPAIN,47.781087142857146
RPAP1,27.3233
RPAP2,123.589935
RPAP3,136.144255
RPE,29.550062000000004
RPE65,2.91012
RPF1,182.53247333333331
RPF2,80.54963
RPGR,69.04382
RPGRIP1,59.98336
RPGRIP1L,0.007155
RPH3A,18.40648
RPH3AL,45.847699999999996
RPIA,1290.16876
RPL10,1620.830375
RPL10A,4530.875945
RPL10L,679.18325
RPL11,6144.2244
RPL12,4050.08158
RPL13,3783.96535375
RPL13A,4757.526668
RPL13AP17,51.11901
RPL14,2125.9159366666668
RPL15,1504.98638
RPL17,44.88026
RPL18,1617.90109
RPL18A,2727.8478800000003
RPL19,4779.19139
RPL21,4786.475845
RPL22,2811.0682
RPL22L1,402.1538
RPL23,1536.83364
RPL23A,6918.35967
RPL23AP32,107.39226
RPL23AP53,1.93705
RPL24,4903.676575
RPL26L1,144.22264
RPL27,6129.06572
RPL27A,3340.5457433333336
RPL29,3155.23718
RPL3,2679.32677
RPL30,8259.32186
RPL31,3770.81157
RPL32,6424.97484
RPL32P3,76.28895666666666
RPL34,3861.28285
RPL34-AS1,2.24412
RPL35,2236.48956
RPL35A,1869.9658920000002
RPL36,1798.88193
RPL36AL,2331.72697
RPL37,8065.98584
RPL37A,3016.1293
RPL38,3577.946086666667
RPL39,9905.83353
RPL39L,13.50067
RPL3L,37.05951
RPL4,3664.1325366666665
RPL41,10986.24548
RPL5,2630.0353450000002
RPL6,4059.70343
RPL7,4950.933956666667
RPL7L1,566.44299
RPL8,3698.97139
RPL9,7862.79853
RPLP0,3163.399984
RPLP1,3656.3133049999997
RPLP2,2315.41541
RPN1,329.75734
RPN2,731.0258
RPP14,107.15913
RPP21,304.47525
RPP25,35.72346
RPP25L,183.86608
RPP30,32.103187500000004
RPP38,52.52767
RPP40,29.01089
RPPH1,51.58766
RPRD1A,59.99143
RPRD1B,52.06666
RPRD2,167.09112000000002
RPRM,43.46592
RPRML,18.4477
RPS10,4471.4304675
RPS10P7,15.74619
RPS11,5427.22826
RPS12,10771.37428
RPS14,1986.6360425
RPS15,2616.8622299999997
RPS15A,2339.757093333333
RPS16,5100.419582500001
RPS17,4888.167436666667
RPS17P5,1383.45148
RPS18,6240.9737
RPS19,3314.925756666666
RPS19BP1,209.93894
RPS2,4091.032773333333
RPS20,4849.30956
RPS21,3059.9670149999997
RPS23,5035.4782350000005
RPS24,3941.90757
RPS25,6207.60734
RPS27,5251.74099
RPS27A,2154.500126666667
RPS27L,170.93204333333335
RPS28,1915.1766033333333
RPS29,3579.95705
RPS2P45,5.63924
RPS3,5942.5256
RPS3A,7366.656325
RPS4X,5310.324549999999
RPS4Y1,2538.3718
RPS5,3166.45721
RPS6,4244.959625
RPS6KA1,534.19602
RPS6KA2,61.89168
RPS6KA3,493.49133500000005
RPS6KA4,85.737115
RPS6KA5,283.8119266666667
RPS6KA6,81.4495
RPS6KB1,103.61895666666668
RPS6KB2,53.22274
RPS6KC1,63.78923
RPS6KL1,13.33696
RPS7,3515.3460800000003
RPS8,2262.6022749999997
RPS9,1847.5142566666666
RPSA,4674.80038
RPTN,8.83474
RPTOR,19.87672
RPUSD1,33.50679
RPUSD2,49.91113
RPUSD3,85.917954
RPUSD4,102.87995
RQCD1,48.917455
RRAD,10.252893333333333
RRAGA,409.47437
RRAGB,18.90719
RRAGC,283.8860633333333
RRAGD,309.153385
RRAS,52.37233
RRAS2,75.77395333333334
RRBP1,32.75050166666667
RREB1,104.39095857142857
RRH,11.66768
RRM1,114.149055
RRM2,32.47972
RRM2B,255.14003
RRN3,66.809295
RRN3P1,22.956396666666663
RRNAD1,39.81125
RRP1,796.5552
RRP12,186.33989400000002
RRP15,29.826764999999998
RRP1B,159.95506
RRP36,89.188965
RRP7A,54.26212
RRP8,43.62547333333333
RRP9,9.54742
RRS1,95.88851
RS1,11.975185
RSAD1,119.47594
RSAD2,94.93508
RSBN1,213.172262
RSBN1L,163.573665
RSF1,183.83052166666667
RSG1,29.776725
RSL1D1,189.09659333333335
RSL24D1,676.59003
RSPH1,1.13738
RSPH3,277.1657325
RSPH4A,11.33629
RSPH6A,23.31743
RSPH9,16.15742
RSPO1,4.52888
RSPO2,8.54223
RSPO3,21.74604
RSPO4,23.47681
RSPRY1,182.35987999999998
RSRC1,38.13683333333333
RSRC2,540.33651
RSU1,249.62792600000003
RTBDN,22.00236
RTCA,134.30214
RTCB,278.01831
RTDR1,27.724890000000002
RTEL1,51.74897
RTF1,148.17459
RTFDC1,410.128552
RTKN,15.969415
RTKN2,11.701740000000001
RTN1,109.39973
RTN2,49.44699
RTN3,1044.87135
RTN4,1883.63464
RTN4IP1,38.84193500000001
RTN4R,26.62431
RTN4RL1,26.42609
RTN4RL2,5.95007
RTP1,79.22175
RTP3,75.738585
RTP4,61.71087
RTP5,8.18298
RTTN,19.49115666666667
RUFY1,565.6729799999999
RUFY2,24.913534285714285
RUFY3,40.21868857142857
RUNDC1,91.80673
RUNDC3A,199.36192
RUNDC3B,5.616475
RUNX1T1,13.17771857142857
RUNX2,161.69884166666665
RUNX3,371.2987766666667
RUSC1,74.59166
RUSC1-AS1,223.319455
RUSC2,21.26275
RUVBL1,135.28678
RUVBL2,62.47197666666667
RWDD1,270.502315
RWDD2A,24.665845
RWDD2B,39.15938
RWDD3,95.04875
RWDD4,78.57386
RXFP1,6.8112466666666664
RXFP2,43.21203
RXFP3,3.4453
RXRA,682.371745
RXRB,76.50623
RXRG,157.68045
RYBP,719.826325
RYK,128.54276666666667
RYR1,13.41999
RYR2,5.582425
RYR3,12.88347
S100A1,19.60606
S100A10,769.7506500000001
S100A11,2371.07491
S100A12,4452.25122
S100A13,19.45594
S100A14,93.05125
S100A16,329.01824
S100A2,87.14309
S100A3,2.09226
S100A4,4035.73867
S100A5,14.45241
S100A6,1382.29088
S100A7,12.26637
S100A7A,20.660420000000002
S100A8,6345.950295
S100A9,6419.98071
S100B,11.132344999999999
S100G,17.6133
S100P,2208.19922
S100PBP,63.301159999999996
S100Z,25.89362
S1PR1,509.7719
S1PR2,32.820785
S1PR4,402.08112
S1PR5,70.8463
SAA1,8.645225
SAA2-SAA4,52.90343
SAA3P,7.61805
SAAL1,55.40095
SAC3D1,13.48418
SACM1L,736.32434
SACS,80.64811
SAE1,103.01353666666667
SAFB,124.62466333333334
SAFB2,146.65133
SAG,58.66027
SAGE1,0.00418
SALL1,3.6607250000000002
SALL2,35.42591
SALL3,18.436342500000002
SALL4,29.58315
SAMD1,26.432355
SAMD10,77.461565
SAMD11,169.42065
SAMD12,21.58897
SAMD13,1.8426
SAMD14,47.609556
SAMD15,22.782086666666668
SAMD3,215.09805999999998
SAMD4A,7.620955
SAMD4B,80.64929000000001
SAMD5,1.5563099999999999
SAMD8,85.04133
SAMD9,385.283595
SAMD9L,301.49682666666666
SAMHD1,894.34328
SAMM50,76.44678
SAMSN1,158.53346666666667
SAP130,145.09584
SAP18,441.14825333333334
SAP30,25.4605
SAP30BP,92.73693999999999
SAP30L,90.98121333333332
SAPCD2,30.71393
SAR1A,201.50518
SAR1B,68.366796
SARAF,4180.08062
SARDH,31.651390000000003
SARM1,31.060753333333334
SARNP,149.92682000000002
SARS,137.66291999999999
SARS2,26.35174
SART1,87.024845
SART3,108.30258500000001
SASH1,49.73685333333333
SASH3,676.96614
SASS6,37.26399
SAT1,2241.5497125
SAT2,167.37587
SATB1,455.5020733333333
SATB2,13.341935
SATB2-AS1,34.00117
SAV1,89.17835
SAYSD1,35.259096666666665
SBDS,218.324255
SBF1,50.655312
SBF2,57.60013333333333
SBK1,80.00416
SBNO1,80.68179
SBNO2,338.00135
SBSN,54.13473
SBSPON,62.019506666666665
SC5D,37.460975000000005
SCAF1,125.69495
SCAF11,571.7974342857143
SCAF4,52.907466
SCAF8,424.499
SCAI,23.60995
SCAMP1,110.48641333333335
SCAMP2,283.517615
SCAMP3,113.99167
SCAMP5,158.37298
SCAND1,152.45439333333334
SCAND2P,33.361086666666665
SCAP,220.16863
SCAPER,27.754406666666668
SCARA3,10.35757
SCARA5,18.234616666666668
SCARB1,26.124532
SCARB2,67.129615
SCARF1,105.036585
SCARF2,26.411746666666662
SCARNA13,14.64652
SCARNA15,57.78629
SCARNA17,107.54201
SCART1,19.94644
SCCPDH,25.132485
SCD,27.402972499999997
SCD5,16.25185
SCEL,6.5212975
SCFD1,124.49443000000001
SCFD2,134.035585
SCG2,40.44303
SCG3,0.00958
SCG5,5.68076
SCGB1A1,36.64071
SCGB1D1,2.44902
SCGB1D2,5.83069
SCGB2A1,109.25152
SCGB2A2,25.30755
SCGB2B2,1.35539
SCGB3A1,39.54273
SCGB3A2,13.95703
SCGN,0.84994
SCIMP,22.12139
SCIN,289.8798766666667
SCLY,40.91440333333333
SCMH1,33.47654
SCML1,18.63342
SCML2,67.87396
SCML4,83.117454
SCN10A,141.84426
SCN11A,569.3643133333334
SCN1A,8.175225
SCN1B,29.89997
SCN2A,8.346825
SCN2B,8.45415
SCN3A,39.73864
SCN3B,4.87705
SCN4A,2.11248
SCN4B,2.20688
SCN5A,26.82326
SCN7A,4.339795
SCN8A,17.70638
SCN9A,28.978825
SCNN1A,35.250206666666664
SCNN1B,15.58752
SCNN1D,9.37483
SCNN1G,10.268755
SCO1,24.76608
SCO2,92.2963
SCOC,166.422885
SCOC-AS1,22.156055000000002
SCP2,593.0297350000001
SCP2D1,2.71169
SCPEP1,339.35129
SCRG1,12.015915
SCRIB,66.82284
SCRN1,134.4017
SCRN2,18.13607
SCRN3,17.8477925
SCRT1,14.2043
SCT,14.83746
SCTR,21.047876666666667
SCUBE1,0.00546
SCUBE2,85.99294
SCUBE3,35.8073525
SCYL1,59.9863
SCYL2,257.5063333333333
SCYL3,72.58029666666667
SDAD1,167.64169333333334
SDC1,247.769735
SDC2,20.989739999999998
SDC3,31.23026
SDC4,109.66772
SDCBP,6665.39858
SDCCAG3,38.19760333333333
SDCCAG8,245.00448
SDE2,158.556065
SDF2,234.96979
SDF2L1,37.36657
SDF4,344.971565
SDHA,488.37869
SDHAF2,163.51254
SDHAP1,381.47635
SDHB,159.50708
SDHC,144.8178557142857
SDHD,521.14908
SDK1,13.573455
SDK2,293.866312
SDPR,1485.89082
SDR16C5,22.30923
SDR39U1,215.97886
SDR42E1,19.880409999999998
SDR9C7,59.09017
SDS,25.222029999999997
SDSL,11.63142
SEBOX,28.709699999999998
SEC11A,1175.228925
SEC11C,110.52192
SEC13,220.28263
SEC14L1,1367.2666225
SEC14L2,22.94214666666667
SEC14L3,14.987033333333335
SEC14L4,42.76109
SEC14L5,24.58961
SEC16A,325.27691
SEC16B,30.03985
SEC1P,89.5153
SEC22A,51.26257
SEC22C,119.01601166666667
SEC23A,148.237785
SEC23B,163.25740333333331
SEC23IP,59.958954999999996
SEC24A,57.44163333333333
SEC24B,450.79203
SEC24C,218.20655
SEC24D,62.08950666666667
SEC31A,298.96634
SEC31B,14.64824
SEC61A1,106.801395
SEC61A2,30.181093333333333
SEC61B,522.69228
SEC61G,456.19543
SEC62,574.62896
SEC63,68.417468
SECISBP2,784.9136149999999
SECISBP2L,148.33955500000002
SECTM1,1077.25282
SEH1L,74.283225
SEL1L,230.835805
SEL1L2,21.82592
SEL1L3,124.861355
SELE,0.00149
SELENBP1,2057.89764
SELK,1506.8246
SELL,4164.89576
SELM,43.16562
SELO,60.45255
SELP,144.78795
SELPLG,812.888955
SELT,334.40877
SEMA3A,17.356579999999997
SEMA3B,12.71741
SEMA3C,22.698195
SEMA3D,18.71341
SEMA3E,8.49253
SEMA3F,37.752023333333334
SEMA3G,70.11857
SEMA4A,180.99661
SEMA4B,241.40405
SEMA4C,65.63688
SEMA4D,745.43589
SEMA4F,30.633229999999998
SEMA4G,27.627885
SEMA5A,49.53146999999999
SEMA5B,108.78383
SEMA6A,19.220194
SEMA6B,46.0585
SEMA6C,25.49636
SEMA6D,35.803744
SEMA7A,80.73036
SEMG1,7.8451
SEMG2,0.0034
SENP1,23.8579
SENP2,190.65787666666665
SENP3,43.49592333333334
SENP5,62.707406666666664
SENP6,151.48024666666666
SENP7,118.78003
SENP8,14.109265
SEP15,1695.28078
SEPHS1,49.02661333333333
SEPHS2,554.08882
SEPN1,466.66844
SEPP1,4.18876
SEPSECS,20.309624000000003
SEPT1,196.36494
SEPT10,5.196495
SEPT11,38.7036225
SEPT12,654.93832
SEPT2,386.886016
SEPT3,132.70875
SEPT4,15.06713
SEPT5-GP1BB,38.281549999999996
SEPT6,211.511508
SEPT7,565.5281125
SEPT7P9,88.75793
SEPT8,49.255143333333336
SEPT9,658.13395
SEPW1,306.19642
SERAC1,6.551555
SERBP1,493.03761857142854
SERGEF,26.121470000000002
SERHL2,52.77815
SERINC1,1556.57441
SERINC2,80.475895
SERINC3,738.9040175
SERINC5,661.16873
SERP1,606.4758
SERP2,12.071955
SERPINA1,1343.630875
SERPINA10,7.90763
SERPINA12,16.58635
SERPINA2,1.43171
SERPINA3,725.00182
SERPINA4,20.34606
SERPINA5,10.16174
SERPINA6,5.97031
SERPINA7,18.11574
SERPINA9,71.76252
SERPINB1,491.74269
SERPINB10,14.27667
SERPINB11,95.96739
SERPINB12,7.61382
SERPINB13,7.927588333333333
SERPINB2,103.7712
SERPINB3,40.00454
SERPINB4,8.79632
SERPINB5,9.3671
SERPINB6,42.11130000000001
SERPINB7,95.4668
SERPINB8,48.14605
SERPINB9,195.3556566666667
SERPINB9P1,12.97999
SERPINC1,41.23145
SERPIND1,11.91328
SERPINE1,29.008426666666665
SERPINE2,50.893925
SERPINF1,44.94194
SERPINF2,36.33719
SERPING1,36.08095
SERPINH1,1.11881
SERPINI1,48.10239
SERPINI2,152.91859
SERTAD1,183.92275
SERTAD2,439.69809999999995
SERTAD3,73.90575
SERTAD4,6.32979
SERTM1,6.87909
SESN1,97.05248
SESN2,124.28022
SESN3,440.9834014285715
SESTD1,84.68556666666667
SET,1042.790065
SETBP1,49.983885
SETD1A,30.69678
SETD1B,568.1165
SETD2,137.97144
SETD3,122.99874
SETD4,23.78111
SETD5,160.242402
SETD6,40.614745
SETD7,73.220025
SETD8,30.566145
SETD9,47.994115
SETDB1,97.65193
SETDB2,26.574161666666665
SETMAR,13.489916666666666
SETX,293.84346666666664
SEZ6,9.228725
SEZ6L,13.109989999999998
SEZ6L2,215.90133999999998
SF1,246.15531000000001
SF3A1,469.72033
SF3A2,71.782365
SF3A3,105.00532
SF3B1,1073.9490879999998
SF3B2,234.501
SF3B3,72.278675
SF3B4,326.80832
SF3B5,617.20142
SF3B6,436.2143
SFI1,47.0580375
SFMBT1,37.0014
SFMBT2,47.502539999999996
SFN,71.73543000000001
SFPQ,295.411434
SFR1,72.568635
SFRP1,21.825110000000002
SFRP2,13.544265
SFRP4,40.198025
SFRP5,0.01066
SFSWAP,82.3847325
SFT2D1,255.748196
SFT2D2,204.22344
SFT2D3,55.200375
SFTA2,95.73057
SFTPA1,23.961815
SFTPB,121.75791500000001
SFTPC,12.29202
SFTPD,19.16015
SFXN1,39.13759666666667
SFXN2,20.519174999999997
SFXN3,43.24872
SFXN4,35.4352725
SFXN5,20.052059999999997
SGCA,16.172
SGCB,27.119895
SGCD,29.651908333333328
SGCE,7.72602
SGCG,4.98859
SGCZ,0.00311
SGIP1,0.00265
SGK1,918.58804
SGK2,138.677555
SGK223,341.81802
SGK494,34.76755
SGMS1,90.98878
SGMS2,25.15973333333333
SGOL1,8.419974999999999
SGOL2,35.7793
SGPL1,74.26393333333334
SGPP1,110.15746999999999
SGPP2,8.694135
SGSH,466.165155
SGSM1,96.15736333333332
SGSM2,99.18130000000001
SGSM3,66.36162333333333
SGTA,57.01277
SGTB,139.67698
SH2B1,109.42908
SH2B2,210.76284
SH2B3,648.02274
SH2D1A,89.46399
SH2D1B,107.92248000000001
SH2D2A,47.44322
SH2D3A,102.16532
SH2D3C,197.5232133333333
SH2D4A,58.01595
SH2D4B,33.12242
SH2D5,23.70233
SH3BGR,5.10196
SH3BGRL,1831.4011349999998
SH3BGRL2,225.66782
SH3BGRL3,2108.56838
SH3BP1,20.73166
SH3BP2,61.716918
SH3BP4,6.61032
SH3BP5,1031.17271
SH3BP5L,74.91371
SH3D19,15.07423
SH3D21,29.74346
SH3GL1,141.72874
SH3GL2,2.05216
SH3GL3,11.107733333333334
SH3GLB1,652.1951566666667
SH3GLB2,58.883685
SH3KBP1,802.3462066666666
SH3PXD2A,17.575253333333333
SH3PXD2B,75.019955
SH3RF1,14.76867
SH3RF2,33.0785525
SH3RF3,69.92744
SH3TC1,92.56663999999999
SH3TC2,9.403876666666667
SH3YL1,197.22378500000002
SHANK1,42.30024
SHANK2,53.735626
SHANK2-AS3,19.21047
SHANK3,74.095855
SHARPIN,366.6272
SHB,16.9744625
SHBG,27.34052
SHC1,155.68953
SHC2,51.34439
SHC3,11.83459
SHC4,1.8411250000000001
SHCBP1,0.01245
SHCBP1L,11.19926
SHD,17.95687
SHE,40.66502
SHF,12.48533
SHFM1,355.5696
SHH,68.07207
SHISA2,17.04325
SHISA3,23.83041
SHISA4,26.44922
SHISA5,932.51707
SHISA6,0.00419
SHISA7,103.03605
SHISA9,53.039154999999994
SHKBP1,351.82861
SHMT1,11.281794999999999
SHMT2,72.70167000000001
SHOC2,846.51352
SHOX,2.49287
SHOX2,12.762580000000002
SHPK,9.24374
SHPRH,58.98524
SHQ1,99.87379
SHROOM1,15.628709999999998
SHROOM2,15.65113
SHROOM3,4.3134500000000005
SHROOM4,4.202185
SI,0.0018
SIAE,18.492595
SIAH1,130.13584
SIAH2,448.70287
SIAH3,0.72276
SIDT1,145.7052
SIDT2,292.65314
SIGIRR,135.96625
SIGLEC1,108.32082
SIGLEC10,238.88800500000002
SIGLEC11,36.924839999999996
SIGLEC15,50.07606
SIGLEC16,9.08404
SIGLEC17P,141.32057
SIGLEC5,530.04907
SIGLEC6,15.023013333333331
SIGLEC7,68.69215
SIGLEC8,27.69284
SIGLEC9,41.01043
SIGLECL1,45.08288
SIGMAR1,60.19173
SIK1,33.228895
SIK2,43.611647500000004
SIK3,102.28266666666667
SIKE1,51.564840000000004
SIL1,76.42984
SIM1,8.6367
SIM2,19.49942
SIMC1,86.51096
SIN3A,81.6930325
SIN3B,61.21764666666667
SIPA1L1,96.84458
SIPA1L2,86.25560333333334
SIPA1L3,54.62517750000001
SIRPA,289.79161999999997
SIRPAP1,92.06876
SIRPB1,138.80041666666668
SIRPB2,145.65438
SIRPD,59.77977
SIRPG,140.780275
SIRT1,320.27974
SIRT2,100.65764
SIRT3,101.20210333333334
SIRT4,10.670015
SIRT5,23.1700425
SIRT6,106.70201499999999
SIRT7,225.93277
SIT1,90.55451
SIVA1,63.20711333333333
SIX1,8.263953333333333
SIX2,31.970834999999997
SIX3,6.127106666666666
SIX4,5.57154
SIX5,8.615635
SIX6,0.06211
SKA1,6.55978
SKA2,99.6756
SKA3,130.25839
SKAP1,147.22378
SKAP2,617.2922516666666
SKI,237.473365
SKIDA1,6.82381
SKIL,78.59286
SKIV2L,44.9628
SKIV2L2,276.3645266666667
SKP1,1910.1828
SKP2,23.852306666666667
SLA,1498.7694999999999
SLA2,145.516475
SLAIN1,37.43411
SLAIN2,85.04922428571429
SLAMF1,43.27036666666667
SLAMF6,412.18665
SLAMF7,104.77678333333334
SLAMF8,14.90409
SLAMF9,55.31942
SLBP,516.55174
SLC10A1,61.87888
SLC10A2,42.63773
SLC10A3,108.82731
SLC10A4,6.02471
SLC10A7,24.638603333333332
SLC11A1,244.168405
SLC11A2,52.222961999999995
SLC12A1,9.84135
SLC12A2,46.11745
SLC12A3,28.127153333333336
SLC12A4,23.837284
SLC12A5,9.6622
SLC12A6,469.94157666666666
SLC12A7,214.21303
SLC12A8,0.0029
SLC12A9,92.54268666666667
SLC13A1,6.592155
SLC13A2,38.99684499999999
SLC13A3,52.06167500000001
SLC13A4,37.61417
SLC13A5,12.2361
SLC14A1,178.341225
SLC15A1,46.94739
SLC15A2,20.821726666666667
SLC15A3,146.45362
SLC15A4,453.7710133333333
SLC16A1,16.52307
SLC16A10,22.39846
SLC16A11,52.667625
SLC16A14,9.61436
SLC16A2,72.90818
SLC16A4,0.65773
SLC16A5,61.78876333333333
SLC16A6,160.405545
SLC16A7,96.342358
SLC16A8,16.28845
SLC16A9,2.96759
SLC17A1,13.635600000000002
SLC17A2,62.3868
SLC17A3,9.38132
SLC17A4,27.46284
SLC17A5,68.208685
SLC17A6,2.64153
SLC17A7,35.305895
SLC17A8,1.66559
SLC17A9,93.86466666666666
SLC18A1,3.43803
SLC18A2,20.656015
SLC18A3,38.15894
SLC18B1,123.31968
SLC19A1,28.435219999999997
SLC19A2,17.80832
SLC19A3,12.392985000000001
SLC1A1,3.998675
SLC1A2,8.820742500000001
SLC1A3,15.02692
SLC1A4,27.7075
SLC1A5,225.80843
SLC1A6,17.976043333333333
SLC1A7,55.41494
SLC20A1,391.77365000000003
SLC20A2,0.74878
SLC22A1,23.25544
SLC22A11,51.29331
SLC22A12,15.69174
SLC22A13,0.05221
SLC22A14,47.34474
SLC22A15,94.66796
SLC22A16,88.792165
SLC22A17,8.524485
SLC22A18,139.27571
SLC22A18AS,50.18376
SLC22A2,22.73171
SLC22A23,19.4502375
SLC22A24,33.69995
SLC22A25,62.01853
SLC22A3,172.260685
SLC22A31,156.16464
SLC22A4,364.43424
SLC22A5,17.64253
SLC22A6,13.963334999999999
SLC22A7,34.465323999999995
SLC22A8,22.86185
SLC22A9,87.84956
SLC23A1,14.31124
SLC23A2,44.96327
SLC23A3,17.801155
SLC24A1,66.41047499999999
SLC24A2,184.4642
SLC24A3,57.86365
SLC24A4,49.215923333333336
SLC25A1,64.02859
SLC25A10,16.41755
SLC25A11,68.36684500000001
SLC25A12,64.35964
SLC25A13,29.36001333333333
SLC25A14,34.9337
SLC25A15,29.494815
SLC25A16,204.40256333333335
SLC25A17,31.566515000000003
SLC25A18,12.92558
SLC25A19,88.43093
SLC25A2,14.95757
SLC25A20,73.87333
SLC25A21,9.37471
SLC25A22,75.65577
SLC25A23,7.451545
SLC25A24,165.32772
SLC25A25,13.17114
SLC25A26,31.39798
SLC25A27,8.289062
SLC25A28,76.39734666666666
SLC25A29,27.68206
SLC25A3,767.8241849999999
SLC25A30,36.438935
SLC25A31,6.1214
SLC25A32,66.23151
SLC25A33,54.05712
SLC25A34,18.744285
SLC25A35,19.117215
SLC25A36,144.924144
SLC25A37,3150.047761
SLC25A38,189.46883
SLC25A39,5456.09868
SLC25A4,62.538905
SLC25A40,78.914065
SLC25A41,23.65531
SLC25A42,24.1496675
SLC25A43,40.36733
SLC25A44,476.71774000000005
SLC25A45,23.3366
SLC25A46,186.32046
SLC25A47,0.00529
SLC25A48,56.72112
SLC25A5,860.32085
SLC25A5-AS1,41.494465000000005
SLC25A51,28.257105000000003
SLC25A53,16.79152
SLC25A6,1836.7670950000002
SLC26A1,8.417043333333332
SLC26A10,172.9295
SLC26A11,122.27808
SLC26A2,81.19183333333332
SLC26A3,7.0984549999999995
SLC26A4,234.65645
SLC26A6,32.13375
SLC26A7,22.563339999999997
SLC26A8,16.04675
SLC26A9,10.64163
SLC27A1,64.38016
SLC27A2,2.94747
SLC27A3,46.33031
SLC27A4,19.74237
SLC27A5,20.126939999999998
SLC27A6,4.77551
SLC28A1,15.493245000000002
SLC28A2,5.829105
SLC28A3,21.19088
SLC29A1,30.766005
SLC29A2,27.528574000000003
SLC29A3,65.69992
SLC29A4,96.466975
SLC2A1,117.482675
SLC2A10,0.00835
SLC2A11,65.61550666666666
SLC2A12,31.17344
SLC2A13,8.250221999999999
SLC2A14,477.79795
SLC2A2,6.69293
SLC2A3,727.7161066666667
SLC2A4,232.78571
SLC2A4RG,27.1379175
SLC2A5,60.2046875
SLC2A6,46.50215
SLC2A8,71.67005499999999
SLC2A9,23.80522
SLC30A1,84.80705333333334
SLC30A10,5.38483
SLC30A2,105.83805
SLC30A3,12.29264
SLC30A4,15.873006666666667
SLC30A5,50.494846
SLC30A6,37.89376333333333
SLC30A7,154.36031333333332
SLC30A8,66.338465
SLC30A9,72.927505
SLC31A1,75.84384
SLC31A2,1369.6726
SLC32A1,11.27594
SLC33A1,44.5624125
SLC34A1,18.1802
SLC34A2,62.2329
SLC34A3,202.07234
SLC35A1,348.34763
SLC35A2,77.62318333333333
SLC35A3,88.29807333333333
SLC35A4,85.7561
SLC35A5,156.98933
SLC35B1,105.53973
SLC35B3,129.471665
SLC35B4,23.305323333333334
SLC35C1,33.049835
SLC35C2,38.15542666666666
SLC35D1,75.17905666666667
SLC35D2,72.425945
SLC35D3,17.26023
SLC35E1,311.06674833333335
SLC35E3,62.07636
SLC35F1,47.30236
SLC35F2,35.25257
SLC35F3,46.23976
SLC35F4,9.9995
SLC35F5,42.41912666666666
SLC35F6,204.44637000000003
SLC35G1,43.82036333333334
SLC35G2,12.998445
SLC35G3,33.262295
SLC36A1,71.92082500000001
SLC36A4,45.049440000000004
SLC37A1,54.896719999999995
SLC37A2,44.46016
SLC37A3,68.5795
SLC37A4,68.23931
SLC38A1,496.4404925
SLC38A10,43.56346428571429
SLC38A11,5.80795
SLC38A2,1024.9342433333334
SLC38A3,13.09231
SLC38A4,6.688095
SLC38A5,187.30363
SLC38A6,11.86783
SLC38A7,31.254894999999998
SLC38A9,37.866825000000006
SLC39A1,132.81712
SLC39A10,105.40488
SLC39A11,59.95066
SLC39A12,14.01692
SLC39A13,118.052835
SLC39A14,94.35579
SLC39A2,35.91441
SLC39A3,62.90910333333333
SLC39A4,20.49158
SLC39A5,40.883105
SLC39A6,114.196375
SLC39A7,34.61712
SLC39A8,44.47727166666667
SLC39A9,69.129275
SLC3A1,50.640885
SLC3A2,71.67785
SLC40A1,720.80726
SLC41A1,54.44787
SLC41A2,28.652509999999996
SLC41A3,72.31910500000001
SLC43A1,72.17061
SLC43A2,119.667835
SLC43A3,63.43503
SLC44A1,56.67055
SLC44A2,410.09439
SLC44A3,12.17451
SLC44A4,15.43898
SLC44A5,17.093185
SLC45A1,36.20869
SLC45A2,8.82377
SLC45A3,31.583419999999997
SLC45A4,254.09403500000002
SLC46A1,44.2836175
SLC46A2,54.14847
SLC46A3,130.20725
SLC47A1,13.46898
SLC47A2,11.32114
SLC48A1,131.70096666666666
SLC4A1,1654.3414
SLC4A10,5.33429
SLC4A11,46.797259999999994
SLC4A1AP,165.18892499999998
SLC4A2,43.25256
SLC4A3,1383.30447
SLC4A4,27.341066
SLC4A5,45.958436666666664
SLC4A7,58.616605
SLC4A8,78.36338749999999
SLC4A9,15.23155
SLC50A1,191.87924
SLC51A,10.11156
SLC51B,32.46047
SLC52A1,27.15611
SLC52A2,208.60665
SLC52A3,75.50338500000001
SLC5A1,19.907094999999998
SLC5A10,2.60313
SLC5A11,131.85948
SLC5A12,32.781443333333335
SLC5A2,89.97823
SLC5A3,157.161285
SLC5A4,14.06149
SLC5A5,96.10397
SLC5A6,15.65459
SLC5A7,50.718135000000004
SLC5A8,33.59479
SLC5A9,23.375675
SLC6A1,1.17378
SLC6A11,28.223116666666666
SLC6A12,14.44032
SLC6A13,25.917215
SLC6A14,5.88676
SLC6A15,7.18211
SLC6A16,22.961785
SLC6A17,41.465355
SLC6A18,0.01294
SLC6A19,32.65369333333333
SLC6A2,12.18715
SLC6A20,92.20019500000001
SLC6A3,16.29235
SLC6A4,10.584656666666667
SLC6A5,6.817270000000001
SLC6A6,316.40958
SLC6A7,13.31872
SLC6A8,1246.79364
SLC6A9,23.42406
SLC7A1,46.641496000000004
SLC7A10,16.6503
SLC7A11,12.001033333333334
SLC7A13,3.06843
SLC7A14,9.420555
SLC7A2,7.467983333333334
SLC7A3,19.27091
SLC7A4,12.200925
SLC7A5,171.90323
SLC7A6,90.90972
SLC7A6OS,123.63535999999999
SLC7A7,776.00715
SLC7A8,34.799440000000004
SLC7A9,22.84803
SLC8A1,31.00540818181818
SLC8A2,37.64031
SLC8A3,73.526515
SLC8B1,46.710155
SLC9A1,61.05031
SLC9A2,11.57865
SLC9A3,14.15392
SLC9A3R1,352.01234
SLC9A3R2,10.79717
SLC9A5,23.680843333333332
SLC9A6,164.02911
SLC9A7,29.425404999999998
SLC9A8,63.85536
SLC9A9,35.762315
SLC9B2,18.331605
SLC9C2,32.644155
SLCO1A2,18.492226666666667
SLCO1B1,15.15956
SLCO1B3,0.48996
SLCO1C1,21.30355
SLCO2A1,27.24934
SLCO2B1,16.30839
SLCO3A1,153.67296
SLCO4A1,10.476815
SLCO4A1-AS1,46.32259
SLCO4C1,114.60007
SLCO5A1,13.161165
SLCO6A1,13.96885
SLFN11,40.92398
SLFN12,14.71534
SLFN13,16.148645000000002
SLFN5,422.40267833333337
SLFNL1,16.27858
SLIRP,212.58697
SLIT1,169.379745
SLIT2,16.31528
SLIT3,21.6427
SLITRK1,7.08274
SLITRK2,4.9921
SLITRK3,1.65826
SLITRK4,7.907885
SLITRK5,3.172785
SLITRK6,5.84907
SLK,351.322055
SLMAP,97.4715175
SLMO1,5.76401
SLMO2,156.12046666666666
SLN,36.27444
SLPI,123.58361
SLTM,526.97279
SLU7,451.77426
SLURP1,21.91024
SLX4,41.79178
SLX4IP,29.11685
SMA4,392.84875500000004
SMAD1,20.35397
SMAD2,169.41465166666669
SMAD3,55.974847499999996
SMAD4,82.85136800000001
SMAD5,63.609758
SMAD5-AS1,28.1424
SMAD6,28.772462500000003
SMAD7,36.92358
SMAD9,2.4460450000000002
SMAGP,25.82254
SMAP1,232.89781
SMAP2,1751.28193
SMARCA1,2.7222324999999996
SMARCA2,183.93202142857143
SMARCA4,93.76110666666666
SMARCA5,234.16848666666667
SMARCAD1,82.55991
SMARCAL1,66.35319
SMARCB1,60.638045
SMARCC1,139.6590475
SMARCC2,105.11941666666667
SMARCD1,88.28223
SMARCD2,133.45731
SMARCD3,16.09822
SMARCE1,302.2111375
SMC1A,101.4038125
SMC1B,0.01098
SMC2,25.444965
SMC3,171.72888
SMC4,209.31085
SMC5,87.46728666666667
SMC6,70.60781
SMCHD1,864.9826783333333
SMCO3,6.0878
SMCO4,204.41025
SMCP,0.00274
SMCR5,19.68771
SMCR8,174.322874
SMDT1,336.83219333333335
SMEK1,135.24086
SMEK2,171.7991483333333
SMEK3P,1.57921
SMG5,121.385925
SMG6,2.44481
SMG7,38.660075
SMG8,89.43934
SMG9,97.22845
SMIM10,14.33125
SMIM11,32.26096666666667
SMIM12,148.23193
SMIM14,208.576348
SMIM15,248.62577
SMIM19,268.3942
SMIM2,4.28043
SMIM20,91.19881
SMIM21,41.32089
SMIM24,87.91519
SMIM3,292.0605
SMIM4,315.274378
SMIM5,397.7731
SMIM7,107.30158166666666
SMIM8,40.97640666666667
SMN1,158.87273
SMNDC1,517.10909
SMO,10.2066
SMOC1,105.27569
SMOC2,26.819565
SMOX,105.14296333333333
SMPD1,55.03019
SMPD2,42.31362
SMPD3,18.87021
SMPDL3A,23.069405
SMPDL3B,38.55372
SMPX,14.68789
SMR3A,31.122605
SMR3B,0.00898
SMS,193.02698
SMTN,39.28068
SMTNL2,57.29051
SMU1,71.58229666666666
SMUG1,64.51755333333334
SMURF1,15.84325
SMURF2,150.09493333333333
SMYD1,25.59794
SMYD2,88.92196333333334
SMYD3,60.32591
SMYD4,39.83813
SMYD5,41.66894
SNAI1,12.94418
SNAI1P1,26.907519999999998
SNAI2,4.99085
SNAI3,50.83783
SNAI3-AS1,172.42211999999998
SNAP23,613.6514425
SNAP25,10.414383333333333
SNAP29,95.10417
SNAP91,11.54952
SNAPC1,71.50794
SNAPC2,34.14484
SNAPC3,38.989205
SNAPC4,20.77405
SNAPC5,146.36570666666668
SNAPIN,161.10614
SNCA,2954.244852
SNCAIP,22.113406666666666
SNCB,19.31123
SNCG,29.490804999999998
SND1,495.50493
SND1-IT1,29.81722
SNED1,24.437095
SNF8,277.58497
SNHG11,13.87656
SNHG12,75.15702333333333
SNHG17,49.18534333333333
SNIP1,79.03242
SNN,1102.0553499999999
SNORA21,66.60096
SNORA29,259.19557000000003
SNORA37,49.08199
SNORA5B,21.92804
SNORA65,21.01291
SNORA68,22.9336
SNORA71A,55.39377
SNORA71B,132.7691
SNORA74A,11.294553333333333
SNORD114-3,2.09496
SNORD50A,155.25063
SNORD8,45.80157
SNPH,11.28126
SNRK,631.0002566666667
SNRNP200,75.58144
SNRNP25,75.60853
SNRNP27,161.806315
SNRNP35,125.49628
SNRNP40,60.29718
SNRNP48,60.63844
SNRNP70,118.23824
SNRPA,128.31924
SNRPA1,142.2991
SNRPB,508.266035
SNRPB2,312.92309500000005
SNRPC,403.89201
SNRPD1,178.83532
SNRPD2,1377.24086
SNRPD3,467.53453
SNRPE,332.2364033333333
SNRPF,358.38851
SNRPG,911.79492
SNRPN,256.6488025
SNTA1,74.098
SNTB1,47.2946625
SNTB2,44.08916
SNTG1,9.667286666666667
SNTG2,2.3651999999999997
SNTN,3.03866
SNUPN,96.05198
SNW1,536.57543
SNX1,148.18967750000002
SNX10,1591.12247
SNX11,241.94982499999998
SNX12,66.33821499999999
SNX13,94.968318
SNX14,140.1909
SNX15,140.76208
SNX16,48.69377
SNX17,170.68871
SNX18,619.08256
SNX19,28.88497
SNX2,492.54575
SNX20,193.22611000000003
SNX21,36.498356666666666
SNX22,70.08456
SNX24,16.994326
SNX25,26.064864
SNX27,219.17033500000002
SNX29,100.01159
SNX29P1,64.39885
SNX29P2,18.761695
SNX3,2000.0829875
SNX30,65.55208
SNX31,0.85883
SNX32,17.87996
SNX33,57.594494999999995
SNX4,101.49135999999999
SNX5,124.94409833333333
SNX6,620.7816250000001
SNX7,50.07862
SNX8,40.60592
SNX9,88.94644
SOAT1,148.73634666666666
SOAT2,8.99327
SOBP,13.565985
SOCS1,34.474675
SOCS2,38.52857
SOCS3,76.99776
SOCS4,78.030005
SOCS5,48.706403333333334
SOCS6,11.495163333333332
SOCS7,39.03161333333333
SOD1,924.94274
SOD2,3330.08797
SOD3,13.37404
SOGA1,179.7118275
SOHLH1,28.08769
SOHLH2,7.90237
SON,576.619498
SORBS1,197.717714
SORBS2,19.42253285714286
SORBS3,88.736705
SORCS1,15.611909999999998
SORCS2,75.77957
SORCS3,4.60143
SORD,46.805386666666664
SORL1,2796.58401
SORT1,53.209286666666664
SOS1,92.111144
SOS2,107.01023500000001
SOST,4.57644
SOSTDC1,83.02751
SOWAHA,2.59292
SOWAHC,15.474465
SOX1,20.893710000000002
SOX10,182.471425
SOX11,9.493153333333334
SOX12,57.064455
SOX13,7.638006666666667
SOX14,0.00585
SOX15,40.374495
SOX17,14.767705
SOX18,44.06853
SOX2,10.7969325
SOX21,7.18984
SOX3,51.4994
SOX30,6.11937
SOX4,57.16534166666667
SOX5,25.81127
SOX6,48.7549225
SOX7,24.957385000000002
SOX8,1.18646
SOX9,13.507460000000002
SP1,355.3259475
SP100,250.741685
SP110,771.984754
SP140L,61.25720999999999
SP2,83.95412666666665
SP3,245.648486
SP3P,8.66602
SP4,170.22373
SP5,59.85059
SP6,32.00801
SP7,3.05528
SP8,12.150725
SPA17,48.60924
SPACA1,7.47028
SPACA3,29.81788
SPACA4,15.26346
SPACA6P,34.18748
SPACA7,3.66011
SPAG1,49.39699
SPAG11A,17.327308
SPAG16,22.720950000000002
SPAG17,8.02193
SPAG4,10.57506
SPAG5,30.8553
SPAG6,18.67023
SPAG7,264.33532
SPAG8,14.733929999999999
SPAG9,173.165252
SPAM1,18.89111
SPANXA1,18.88983
SPANXA2-OT1,1.14905
SPANXB1,5.80259
SPARC,1011.58479
SPARCL1,7.42405
SPAST,249.693575
SPATA1,11.3628
SPATA12,6.8356
SPATA13,213.964305
SPATA16,36.2699
SPATA17,7.710224999999999
SPATA18,15.10593
SPATA19,42.060425
SPATA2,42.14891
SPATA20,400.03394
SPATA21,141.49127
SPATA22,14.07238
SPATA24,168.500935
SPATA25,0.00274
SPATA2L,54.09696
SPATA3,28.73536
SPATA31D1,45.36046
SPATA31E1,25.127205
SPATA32,29.90703
SPATA33,42.88271
SPATA4,16.69693
SPATA41,14.34875
SPATA42,15.8465
SPATA45,17.71089
SPATA5,28.435893333333336
SPATA5L1,65.83336333333334
SPATA6,10.336234999999999
SPATA6L,11.039064
SPATA7,12.112505
SPATA8,122.68636
SPATA9,7.79673
SPATC1,15.58829
SPATC1L,26.30677
SPATS1,64.45888
SPATS2,16.7837925
SPATS2L,18.9413175
SPC24,26.172629999999998
SPC25,4.19876
SPCS1,931.37507
SPCS2,513.3166933333333
SPCS3,308.84996666666666
SPDEF,99.93409799999999
SPDL1,43.50462
SPDYA,0.54653
SPDYE1,33.03559
SPDYE2,42.97223
SPECC1,31.887273333333336
SPECC1L,8.92008
SPEF1,38.48713
SPEF2,24.877673333333334
SPEM1,53.17536
SPEN,200.2731575
SPERT,19.082895
SPG11,156.5320575
SPG20,122.46996250000001
SPG20OS,38.31831
SPG21,1299.7078
SPG7,7.64631
SPHK1,27.78718
SPHK2,23.084035
SPHKAP,5.06949
SPI1,509.05003
SPIB,69.4024
SPIC,3.78239
SPICE1,14.582225000000001
SPIDR,86.7609125
SPIN1,166.17087
SPIN2A,21.55843
SPIN3,17.3528725
SPIN4,31.79344
SPINK1,17.67706
SPINK2,45.13191
SPINK4,148.22491
SPINK5,17.08843
SPINK6,32.10895
SPINK7,5.02357
SPINT1,30.460389999999997
SPINT2,118.39104
SPINT3,21.30574
SPIRE1,16.237540000000003
SPIRE2,18.735345
SPN,14.78563
SPNS1,75.01402
SPNS2,28.42478
SPNS3,16.46155
SPO11,14.62379
SPOCD1,16.896504999999998
SPOCK1,9.34968
SPOCK2,421.04490999999996
SPOCK3,25.397542499999997
SPON1,16.604744
SPOP,300.18970666666667
SPOPL,506.74681
SPP1,10.0218
SPP2,27.66855
SPPL2A,247.00047666666669
SPPL2B,24.4998425
SPPL2C,16.18464
SPPL3,127.64290000000001
SPR,61.86383
SPRED1,4.719036666666667
SPRED2,22.390826666666666
SPRED3,246.76913
SPRN,101.05871
SPRNP1,37.21643
SPRR1A,15.740435
SPRR1B,7.76857
SPRR2B,14.7807
SPRR2G,285.27
SPRR3,15.640630000000002
SPRR4,490.94599
SPRTN,32.03118
SPRY1,184.25152999999997
SPRY2,11.35944
SPRY3,16.06371
SPRY4,39.86745
SPRYD3,86.06094
SPRYD4,32.2895
SPRYD7,14.030925
SPSB1,13.38006
SPSB2,63.56024
SPSB3,356.89034499999997
SPSB4,29.19552
SPTA1,7.63593
SPTAN1,124.32592
SPTB,119.69397000000001
SPTBN1,102.3036009090909
SPTBN2,14.62715
SPTBN4,51.24727
SPTBN5,11.37285
SPTLC1,173.44334333333333
SPTLC2,100.173976
SPTLC3,11.773876666666666
SPTSSA,83.28954999999999
SPTSSB,10.75424
SPTY2D1,147.51904
SPX,144.0008
SPZ1,6.16398
SQLE,37.5324175
SQRDL,726.1363
SQSTM1,214.284575
SRA1,192.39248500000002
SRBD1,93.49125
SRC,24.654192857142856
SRCAP,25.384120000000003
SRCIN1,49.66957666666667
SRCRB4D,35.43588
SRD5A1,245.38998333333333
SRD5A2,28.04484
SRD5A3,13.012410000000001
SREBF1,65.900045
SREBF2,80.74218333333333
SREK1,51.82031833333334
SREK1IP1,122.3205825
SRF,108.97904
SRFBP1,36.321
SRGAP1,15.406583333333332
SRGAP2,43.13512
SRGAP2C,115.8818
SRGAP3,8.0912875
SRGN,5309.147076666667
SRI,321.396565
SRL,33.2177
SRM,91.85186
SRMS,12.97506
SRP14,2073.28681
SRP19,230.20245
SRP54,136.70154
SRP68,139.73603
SRP72,220.57632999999998
SRP9,1607.36213
SRPK1,273.3005
SRPK2,207.330545
SRPK3,11.07883
SRPR,399.93491500000005
SRPRB,93.77177666666667
SRPX,12.73741
SRPX2,20.090455000000002
SRR,15.5963525
SRRD,372.64529
SRRM1,384.456925
SRRM2,305.6580275
SRRM3,5.511676666666666
SRRM4,5.615749999999999
SRRT,182.762786
SRSF1,158.37173
SRSF10,224.08820799999998
SRSF11,464.8363325
SRSF12,2.038205
SRSF3,403.45104833333335
SRSF4,177.789096
SRSF5,497.4450366666667
SRSF6,283.96320499999996
SRSF7,556.54763
SRSF8,332.09707000000003
SRXN1,748.53773
SRY,4.24118
SS18,34.504345
SS18L1,42.03417
SS18L2,358.87468
SSB,442.70926000000003
SSBP1,219.0043566666667
SSBP2,70.95937166666667
SSBP3,143.63785666666666
SSBP3-AS1,450.02741
SSBP4,109.73928666666666
SSC5D,34.76032
SSFA2,115.89282666666666
SSH1,102.53171499999999
SSH2,236.447785
SSH3,40.22492999999999
SSMEM1,78.32657499999999
SSNA1,86.80261
SSPN,9.06803
SSPO,23.30888
SSR1,466.81946500000004
SSR2,621.53481
SSR3,107.02288250000001
SSR4,849.77811
SSR4P1,13.04707
SSRP1,169.22073
SSSCA1,48.39543
SST,36.09588
SSTR1,4.61525
SSTR2,36.833803333333336
SSTR3,40.44215
SSTR4,18.96708
SSTR5,11.42633
SSTR5-AS1,37.4383
SSU72,274.81333333333333
SSU72P8,18.32201
SSUH2,27.6533
SSX1,24.1648
SSX2B,3.03437
SSX2IP,39.427728333333334
SSX3,41.679465
ST13,858.4905233333334
ST14,6.9576633333333335
ST18,11.829635
ST20,452.74199999999996
ST3GAL1,180.05245666666667
ST3GAL2,98.566896
ST3GAL3,21.2288
ST3GAL4,20.01665
ST3GAL5,137.02916
ST3GAL6,56.9321275
ST5,12.85772
ST6GAL1,410.42068666666665
ST6GAL2,5.72825
ST6GALNAC1,7.45126
ST6GALNAC2,110.93184
ST6GALNAC3,23.48273
ST6GALNAC4,311.60067250000003
ST6GALNAC5,14.04665
ST6GALNAC6,26.79852
ST7L,35.188012
ST8SIA1,0.85443
ST8SIA2,3.70325
ST8SIA3,16.433403333333334
ST8SIA4,313.34349199999997
ST8SIA5,38.27212333333333
STAB1,30.202935
STAB2,13.40962
STAC,11.3147
STAC2,58.42005
STAC3,7.26174
STAG1,96.67384
STAG2,1692.2649833333332
STAG3,57.46404
STAG3L3,21.54439
STAG3L4,20.533504999999998
STAM,152.19324
STAM2,69.270784
STAMBP,135.47807
STAMBPL1,52.102546666666676
STAP1,129.593575
STAP2,18.34495
STAR,15.57228
STARD10,56.57626333333334
STARD13,7.21192
STARD3,101.70221
STARD3NL,257.94745
STARD4,37.39872
STARD5,14.87704
STARD6,2.08731
STARD7,427.53042
STARD7-AS1,16.00947
STARD8,71.93628
STARD9,16.70797
STAT1,992.83975
STAT2,167.70104666666666
STAT3,709.40788
STAT4,307.90877
STAT5A,136.91921
STAT5B,262.143816
STAT6,741.075185
STATH,6.85782
STAU1,586.754515
STAU2,32.56275
STBD1,65.80956
STC1,16.53733
STC2,12.007100000000001
STEAP1,3.26639
STEAP1B,13.99955
STEAP2,2.5291
STEAP3,32.330235
STEAP4,917.26599
STGC3,8.13586
STH,39.3029
STIL,28.93239
STIM1,97.89093
STIM2,86.70702999999999
STIP1,83.50829999999999
STK10,473.3154833333333
STK11,117.37084666666665
STK11IP,33.06919
STK16,26.4745
STK17A,498.0635233333333
STK17B,479.2730725
STK19,123.81321666666668
STK24,534.240098
STK25,122.46995
STK3,34.94218
STK31,62.08378
STK32A,13.31789
STK32B,29.52056
STK32C,12.88139
STK33,22.773809999999997
STK35,90.2739225
STK36,43.03174333333333
STK38,323.431078
STK38L,264.132155
STK39,153.26763
STK4,538.5235871428571
STK40,249.932995
STKLD1,7.878685
STMN1,113.99088
STMN2,14.271665
STMN3,211.13663499999998
STMN4,94.392015
STOM,428.2254066666667
STOML1,17.017926666666668
STOML2,134.31894
STOML3,13.63625
STON1,20.49534
STON2,27.65185
STOX1,74.844895
STOX2,21.78509
STPG1,12.924955
STPG2,29.81974
STRA13,67.0344
STRA6,100.58260333333334
STRADA,90.05492666666667
STRADB,5356.41244
STRAP,478.88280499999996
STRBP,103.12126800000001
STRIP1,78.82476
STRIP2,20.637585
STRN,94.473284
STRN3,42.143945
STRN4,99.48788
STS,21.9933475
STT3A,35.51042
STT3B,667.5814
STUB1,283.85427999999996
STX10,288.27107
STX11,197.86524500000002
STX12,166.2535
STX16,280.45763999999997
STX17,75.566814
STX18,146.17893
STX19,6.26597
STX1A,9.37232
STX1B,240.35541
STX2,51.042055000000005
STX3,318.2933766666667
STX4,100.99875
STX5,61.88561
STX6,200.695242
STX7,184.09988
STX8,95.005725
STXBP1,14.27486
STXBP2,436.165605
STXBP3,319.50389
STXBP4,10.31141
STXBP5,162.43765
STXBP5L,20.70559
STXBP6,20.0712725
STYK1,20.620815
STYX,81.2071775
STYXL1,101.025978
SUB1,1003.5744483333333
SUCLA2,148.78255
SUCLG1,210.10905
SUCLG2,187.81895333333333
SUCNR1,20.30239
SUCO,174.12648
SUDS3,76.950275
SUFU,27.167412499999998
SUGCT,9.96878
SUGP1,55.490195
SUGP2,110.553162
SUGT1,203.14877
SUGT1P1,78.455895
SUGT1P3,3.89225
SULF1,265.63039999999995
SULF2,643.2981500000001
SULT1A1,328.46429333333333
SULT1A2,245.81528500000002
SULT1B1,113.81375
SULT1C2,7.738004999999999
SULT1C4,9.64086
SULT1E1,42.680460000000004
SULT2A1,28.827275
SULT2B1,59.44908
SULT4A1,41.15301
SUMF1,122.86873
SUMF2,162.69497
SUMO1,468.44413000000003
SUMO3,356.1374
SUMO4,1309.70135
SUN1,54.431655
SUN2,653.81925
SUN3,6.23968
SUN5,68.51677000000001
SUOX,15.817825000000001
SUPT16H,110.14909
SUPT20H,133.63263
SUPT3H,32.976659999999995
SUPT4H1,463.237755
SUPT5H,158.44698
SUPT6H,63.1065875
SUPT7L,182.85676999999998
SUPV3L1,25.85769
SURF1,277.598845
SURF2,47.5381
SURF4,154.10394
SURF6,23.82771
SUSD1,186.94024
SUSD2,16.666085000000002
SUSD3,81.45528999999999
SUSD4,47.03403
SUSD5,3.9796
SUV39H1,29.06169
SUV39H2,7.316705
SUV420H1,280.76658
SUV420H2,36.943864999999995
SUZ12,190.1225025
SV2A,16.94753
SV2B,104.64441666666666
SV2C,28.986545
SVEP1,104.62041714285715
SVIL,224.38478333333333
SVIP,129.0636125
SVOP,34.27124
SVOPL,7.53491
SWAP70,153.86463333333333
SWI5,35.87279
SWSAP1,27.38526
SWT1,158.13547
SYAP1,122.89969
SYBU,0.38966
SYCE1,23.62134
SYCE2,11.1801
SYCN,37.91485
SYCP1,20.12002
SYCP2,0.016765
SYCP2L,0.00241
SYCP3,203.93088500000002
SYDE1,50.7567175
SYDE2,12.11819
SYF2,484.826075
SYK,455.3567725
SYMPK,55.071035
SYN1,235.74412
SYN2,28.002596
SYN3,2.09441
SYNC,0.00809
SYNCRIP,169.16414714285716
SYNDIG1,16.98251
SYNDIG1L,67.68772
SYNE1,86.453134
SYNE2,86.65142
SYNE3,70.36172
SYNE4,13.99261
SYNGAP1,15.62708
SYNGR1,32.25393333333333
SYNGR2,138.420975
SYNGR3,7.15307
SYNGR4,33.21321
SYNJ1,111.22032
SYNJ2,39.694095714285716
SYNJ2BP,92.27619333333332
SYNM,46.04284
SYNPO,25.321776666666665
SYNPO2,152.10768714285715
SYNPO2L,12.086845
SYNPR,27.48043
SYNRG,172.4584166666667
SYP,5.26051
SYPL1,313.243485
SYPL2,35.40259
SYS1,86.13107249999999
SYT1,2.8459000000000003
SYT11,39.559466666666665
SYT12,50.1773
SYT13,77.06860499999999
SYT14,6.99529
SYT15,149.27045999999999
SYT16,10.109770000000001
SYT17,7.967460000000001
SYT2,54.35406
SYT3,11.55499
SYT4,10.20205
SYT5,71.92801
SYT6,23.75197
SYT7,107.994812
SYT8,37.74166
SYT9,25.6349125
SYTL1,320.68633
SYTL2,76.68128333333334
SYTL3,75.102885
SYTL4,35.92392666666667
SYTL5,51.15222
SZRD1,182.35747750000002
SZT2,26.006795
T,64.18798
TAAR1,0.01065
TAAR2,36.18381
TAAR3,13.47152
TAAR5,11.49536
TAAR8,12.18503
TAAR9,7.01482
TAB1,26.18108
TAB2,459.680315
TAB3,68.43154
TAC1,6.16701
TAC3,87.01664
TACC1,234.24787333333333
TACC2,81.49058
TACC3,241.13551
TACO1,29.530275
TACR1,7.64457
TACR2,6.86245
TACR3,12.05383
TACSTD2,8.2825525
TADA1,37.451145000000004
TADA2A,21.803784999999998
TADA2B,232.208155
TADA3,102.494185
TAF1,62.28322666666666
TAF10,395.67783000000003
TAF11,101.38841666666667
TAF12,44.93598
TAF13,87.34247500000001
TAF15,130.74317
TAF1A,25.63024
TAF1B,30.539924999999997
TAF1C,42.34707
TAF1D,178.11458
TAF1L,34.49338
TAF2,128.20698
TAF3,36.459295
TAF4,172.37707
TAF4B,92.801435
TAF5,66.287575
TAF5L,81.728005
TAF6,54.77786
TAF6L,20.774279999999997
TAF7,1020.05307
TAF7L,40.401685
TAF8,34.421812
TAF9B,72.51267800000001
TAGAP,1067.7568219999998
TAGLN,69.13997666666667
TAGLN2,1629.1499000000001
TAGLN3,38.88865
TAL1,141.8746575
TAL2,7.582915
TALDO1,4557.65703
TAMM41,360.96463
TANC1,31.50551
TANC2,17.61153
TANGO2,808.46718
TANGO6,49.09124
TANK,440.2706175
TAOK1,259.11535166666664
TAOK2,41.702149999999996
TAOK3,376.011095
TAP1,715.25881
TAP2,163.2178225
TAPBP,234.00444333333334
TAPBPL,82.027815
TAPT1,79.45837
TAPT1-AS1,70.46078
TARBP1,86.7845
TARBP2,71.35285
TARDBP,318.42873499999996
TARP,351.9446216666667
TARS,86.18914500000001
TARSL2,50.118695
TAS1R1,381.34141000000005
TAS1R2,14.31582
TAS2R1,15.99986
TAS2R10,12.40589
TAS2R13,9.13924
TAS2R14,6.326606666666667
TAS2R16,25.29664
TAS2R19,5.09602
TAS2R3,8.99059
TAS2R38,41.02744
TAS2R39,19.14501
TAS2R4,91.24926
TAS2R40,0.9183
TAS2R41,14.59791
TAS2R43,30.79796
TAS2R5,8.3148
TAS2R50,9.72705
TAS2R7,49.1963
TAS2R8,2.12125
TAS2R9,4.89115
TASP1,29.721605
TAT,73.02109333333333
TATDN1,124.46387
TATDN2,110.23038500000001
TAX1BP1,641.1782066666666
TAZ,99.823115
TBATA,53.60544
TBC1D1,101.96430000000001
TBC1D10A,76.764135
TBC1D10B,252.16349
TBC1D10C,300.75449
TBC1D12,8.57689
TBC1D13,33.203465
TBC1D14,530.61758
TBC1D15,162.25809500000003
TBC1D16,21.160676000000002
TBC1D17,78.93542
TBC1D19,7.17024
TBC1D2,60.12039
TBC1D20,95.66077
TBC1D21,30.18549
TBC1D22A,135.58178666666666
TBC1D22B,44.04601666666667
TBC1D23,197.59832
TBC1D24,14.519379999999998
TBC1D25,96.31299
TBC1D28,18.07142
TBC1D29,29.97234
TBC1D2B,54.67642333333333
TBC1D30,9.05086
TBC1D31,32.588375
TBC1D32,13.981435000000001
TBC1D4,167.912865
TBC1D5,219.82324666666668
TBC1D7,27.12886
TBC1D8,47.00786
TBC1D8B,12.201523333333334
TBC1D9,184.22385000000003
TBC1D9B,172.855135
TBCA,895.61337
TBCB,181.35572333333334
TBCC,235.80757
TBCCD1,34.62198
TBCD,103.97889666666667
TBCE,78.96674999999999
TBCEL,46.203340000000004
TBCK,120.68342
TBK1,300.55015
TBKBP1,50.16176
TBL1X,300.90959166666664
TBL1XR1,297.65831833333334
TBL1Y,54.1216
TBL2,63.26285
TBL3,30.18143
TBP,96.62468
TBPL1,265.14753
TBR1,10.06211
TBRG1,112.58403500000001
TBRG4,16.27377
TBX1,27.500451999999996
TBX10,13.0204
TBX15,22.06717
TBX18,0.98242
TBX19,33.63682
TBX2,52.963035
TBX20,6.55963
TBX21,86.07095
TBX22,6.77258
TBX3,11.936494285714287
TBX4,14.38009
TBX5,10.699977500000001
TBX6,62.160154999999996
TBXA2R,63.1870825
TBXAS1,346.02455999999995
TC2N,81.08539333333333
TCAIM,29.032972
TCAP,2.23195
TCEA1,376.9229133333333
TCEA2,11.190243333333333
TCEA3,417.692065
TCEAL1,64.8815
TCEAL2,1.58539
TCEAL3,47.12682
TCEAL4,38.17807
TCEAL7,0.46324
TCEAL8,47.25325
TCEANC,67.73085666666667
TCEANC2,17.42835
TCEB1,389.1027
TCEB1P3,3.74083
TCEB2,1302.213745
TCEB3,59.224816
TCEB3B,21.05971
TCERG1,61.76540333333333
TCERG1L,13.38274
TCF12,98.67745666666667
TCF15,1.3409
TCF19,35.92712
TCF20,241.04918
TCF21,8.326615
TCF24,0.00136
TCF25,368.6483633333334
TCF3,160.15816153846157
TCF4,147.1196725
TCF7,1027.65928
TCF7L1,38.70629
TCF7L2,96.22946714285715
TCFL5,64.69049000000001
TCHH,7.42692
TCHP,63.037875
TCIRG1,395.11561
TCL1A,862.12445
TCL1B,27.14262
TCL6,20.20705666666667
TCN1,63.08251
TCN2,20.2601
TCOF1,17.15426
TCP10,9.34571
TCP10L,120.540245
TCP11,5.30081
TCP11L1,16.672263333333333
TCP11L2,51.885569999999994
TCTA,82.31666
TCTE1,0.09398
TCTE3,33.84005666666666
TCTEX1D1,7.89615
TCTEX1D2,35.31461
TCTN1,7.40723
TCTN2,69.590465
TCTN3,71.09943
TDG,246.88133
TDGF1,23.45027
TDH,61.19737
TDO2,8.442450000000001
TDP1,35.28103333333333
TDP2,1133.96603
TDRD1,0.01505
TDRD10,61.72591
TDRD12,5.87602
TDRD3,132.27499666666668
TDRD5,1.06562
TDRD6,5.22775
TDRD7,172.2433
TDRD9,16.60205
TDRG1,13.43393
TDRKH,97.73099666666667
TDRP,39.733709999999995
TEAD1,42.020770000000006
TEAD2,36.148822499999994
TEAD3,0.01414
TEAD4,6.4807
TEC,8.1636
TECPR1,130.66343333333333
TECPR2,223.83934
TECR,88.97140999999999
TECRL,1.00757
TECTA,10.296050000000001
TECTB,13.56293
TEDDM1,41.87307
TEF,100.71883666666668
TEFM,78.12823
TEK,9.927015
TEKT1,1.03891
TEKT2,37.08254
TEKT3,6.28119
TEKT5,15.895075
TELO2,33.32852
TEN1,5.32843
TENC1,331.75147
TENM1,45.559635
TENM2,6.07668
TENM3,21.85033
TENM4,30.89252
TEP1,135.281535
TEPP,19.62327
TERF1,151.66194000000002
TERF2,65.417948
TERF2IP,852.69302
TERT,23.333475
TES,323.99286666666666
TESC,1420.8791800000001
TESK1,140.17103
TESK2,62.81996
TESPA1,182.42849
TET1,5.34659
TET2,205.54137000000003
TET3,315.40505333333334
TEX10,57.43454
TEX101,21.3558
TEX11,32.91888333333333
TEX12,8.11728
TEX13A,32.900355000000005
TEX13B,40.64989
TEX14,9.62381
TEX15,7.86255
TEX19,47.93863
TEX2,68.37615
TEX26,13.26257
TEX261,115.100625
TEX264,41.060584999999996
TEX28,11.05511
TEX29,30.83065
TEX30,42.61501
TEX33,19.03297
TEX35,17.35234
TEX36,8.59238
TEX37,36.80021
TEX38,9.6577
TEX43,6.00263
TEX9,20.819883333333333
TF,20.83186
TFAM,81.6802125
TFAP2A,54.789686666666675
TFAP2A-AS1,31.15397
TFAP2B,43.09658666666667
TFAP2C,8.297925
TFAP2D,32.15005
TFAP2E,44.5249
TFAP4,16.22579
TFB1M,50.6287975
TFB2M,125.43795
TFCP2,101.96858666666667
TFCP2L1,11.067516666666668
TFDP1,303.74432333333334
TFDP2,369.5778825
TFDP3,50.00738
TFE3,220.8034775
TFEB,205.24105500000002
TFEC,36.43917
TFF1,60.74832
TFF2,0.07091
TFF3,37.03729
TFG,76.500155
TFIP11,133.066105
TFPI,10.035616000000001
TFPI2,6.4334
TFPT,45.3573
TFR2,27.245796666666667
TFRC,67.34669
TG,11.51071
TGDS,55.647769999999994
TGFA,71.28087000000001
TGFB1,540.63564
TGFB1I1,42.72313
TGFB2,6.9166240000000005
TGFB3,30.61308
TGFBI,887.06037
TGFBR1,341.7801666666667
TGFBR2,680.4723899999999
TGFBR3,176.910005
TGFBRAP1,39.104123333333334
TGIF1,92.45030000000001
TGIF2,44.35433
TGM1,18.53413
TGM2,94.3976275
TGM3,81.50249
TGM4,35.81797
TGM5,69.82661
TGM6,0.00931
TGM7,26.13325
TGOLN2,542.948588
TGS1,131.99848666666665
TH,9.90734
THADA,25.41967142857143
THAP1,127.0564
THAP10,14.81465
THAP11,202.32063
THAP2,20.703556666666667
THAP3,23.806365
THAP4,39.895785000000004
THAP5,118.34174
THAP6,73.417835
THAP7,81.26422
THAP8,38.94046
THAP9,9.544085
THBD,87.45362
THBS1,315.67031142857144
THBS2,26.00929
THBS3,84.20611
THBS4,31.74679
THEG,5.95731
THEM4,83.93887666666667
THEM5,22.30034
THEM6,26.26164
THEMIS,162.37182
THEMIS2,919.06385
THG1L,24.76391
THNSL1,14.430100000000001
THNSL2,26.43391
THOC1,126.88488
THOC2,124.33516
THOC5,70.821475
THOC6,39.79046
THOC7,624.18849
THOP1,14.23888
THPO,17.40939
THRA,66.9337425
THRAP3,126.157825
THRB,194.0332533333333
THRSP,34.115433333333335
THSD4,9.186311666666667
THSD7A,6.013400000000001
THSD7B,0.00188
THTPA,130.08013
THUMPD1,361.097335
THUMPD2,41.29417
THUMPD3,357.40198749999996
THUMPD3-AS1,101.9022325
THY1,27.056966666666668
THYN1,155.159405
TIA1,115.54181857142858
TIAF1,60.16655
TIAL1,142.6401325
TIAM1,95.562355
TIAM2,30.38609333333333
TICAM1,53.80613
TICRR,39.01567
TIE1,38.727869999999996
TIFA,115.33506333333334
TIFAB,15.26304
TIGD1,42.46234
TIGD2,22.47699
TIGD3,99.45068
TIGD4,9.895436666666667
TIGD5,39.04078
TIGD6,3.95819
TIGD7,25.72682
TIGIT,46.82204
TIMD4,142.65169
TIMELESS,24.68703
TIMM10,173.589245
TIMM10B,134.81691999999998
TIMM13,34.00914
TIMM17A,106.208035
TIMM17B,101.789
TIMM21,75.41540499999999
TIMM22,23.131469999999997
TIMM23,116.122125
TIMM23B,34.90844
TIMM44,31.187635
TIMM50,18.170685000000002
TIMM8A,31.887735
TIMM8B,219.27085499999998
TIMM9,121.52901
TIMMDC1,235.82207
TIMP1,950.30937
TIMP2,528.9006933333334
TIMP3,40.470645000000005
TIMP4,608.51192
TINAG,8.325703333333333
TINAGL1,163.10784
TINCR,70.20297666666667
TINF2,472.5599633333333
TIPARP,290.34036
TIPIN,13.3386
TIPRL,197.17303750000002
TIRAP,74.0870075
TJAP1,66.36529999999999
TJP1,15.649519999999999
TJP2,88.2379325
TJP3,25.564474999999998
TK1,72.227755
TK2,31.2228775
TKT,858.7965966666667
TKTL1,39.686235
TKTL2,28.90686
TLCD1,17.46965
TLCD2,32.43109
TLDC1,40.906454000000004
TLDC2,10.58716
TLE1,39.79599399999999
TLE2,51.67885
TLE3,240.9852925
TLE4,198.30185
TLE6,7.842013333333334
TLK1,122.87535142857142
TLK2,61.862415
TLL1,0.651315
TLL2,12.846373333333332
TLN1,227.3592166666667
TLN2,78.09280333333334
TLR1,1058.22694
TLR10,203.30228499999998
TLR2,896.70154
TLR3,9.973826666666666
TLR4,546.3712224999999
TLR5,102.21995
TLR6,74.390285
TLR7,68.525835
TLR8,1016.0255
TLR9,57.32658
TLX1,25.79285
TLX2,16.01114
TLX3,9.41977
TM2D1,99.468006
TM2D2,181.97521
TM2D3,599.781375
TM4SF1,8.91388
TM4SF18,11.230315000000001
TM4SF20,10.59535
TM4SF4,10.88684
TM4SF5,131.59803
TM6SF1,241.02626
TM6SF2,37.7622
TM7SF2,38.44624
TM7SF3,72.05982666666667
TM9SF1,38.775065
TM9SF2,1061.01831
TM9SF3,239.508286
TM9SF4,56.656279999999995
TMA16,61.84525
TMA7,4518.78078
TMBIM4,1555.0546749999999
TMBIM6,1433.622615
TMC1,7.72925
TMC2,5.15219
TMC4,14.76722
TMC5,87.00277999999999
TMC6,221.545605
TMC7,10.880055
TMC8,193.55504333333332
TMCC1,125.12868142857143
TMCC2,83.36232
TMCC3,275.31636000000003
TMCO1,208.44341
TMCO2,26.50798
TMCO3,34.78541
TMCO4,118.41378
TMCO5A,27.838376666666665
TMCO6,41.52847
TMED1,131.77415
TMED10,478.96587999999997
TMED2,424.17740000000003
TMED3,37.973785
TMED4,168.70681
TMED5,183.97695333333334
TMED6,23.86277
TMED8,186.00421333333335
TMED9,192.41138999999998
TMEFF2,121.28338000000001
TMEM100,10.4791
TMEM101,38.34026
TMEM102,11.85164
TMEM104,81.12513
TMEM105,210.03223
TMEM106A,81.63607999999999
TMEM106B,243.1537925
TMEM106C,127.733885
TMEM107,38.047034000000004
TMEM108,19.4716625
TMEM109,280.03965
TMEM11,107.70021
TMEM115,65.73377
TMEM116,47.04098333333334
TMEM117,17.85626
TMEM119,5.88571
TMEM120A,124.41551
TMEM120B,82.16434000000001
TMEM121,15.687065
TMEM123,1619.61592
TMEM125,13.81756
TMEM126A,223.53924
TMEM126B,181.005305
TMEM127,174.14235333333332
TMEM128,200.44785
TMEM129,109.01163500000001
TMEM130,13.45357
TMEM131,233.62134
TMEM132A,20.5507875
TMEM132B,31.893683333333332
TMEM132C,94.20345
TMEM132D,9.56505
TMEM132E,10.09885
TMEM133,9.9348
TMEM134,44.19023666666667
TMEM135,32.76598
TMEM136,20.138796666666668
TMEM138,160.91928
TMEM139,25.86235
TMEM140,506.07055
TMEM141,10.59877
TMEM143,30.978730000000002
TMEM144,17.22094
TMEM145,69.98801
TMEM147,184.50818
TMEM14A,55.59192
TMEM14B,652.0233766666666
TMEM14C,253.49518
TMEM150A,84.33972
TMEM150B,259.2222
TMEM151A,31.1851
TMEM151B,53.601312500000006
TMEM154,1339.97511
TMEM155,6.36272
TMEM156,28.37709
TMEM158,406.47683
TMEM159,21.17
TMEM160,25.82269
TMEM161A,60.50935
TMEM161B,64.3326325
TMEM163,11.1553
TMEM165,78.77550833333332
TMEM167A,569.78886
TMEM167B,662.97656
TMEM168,65.163505
TMEM169,40.06882
TMEM17,16.76852
TMEM170A,112.33464
TMEM171,23.547040000000003
TMEM173,127.092675
TMEM174,357.9016833333333
TMEM175,62.32097
TMEM176A,52.16576
TMEM176B,38.05582
TMEM177,47.445605
TMEM178A,6.47968
TMEM179,53.2815
TMEM18,48.48262
TMEM180,15.87774
TMEM181,141.82519
TMEM182,14.9218375
TMEM184A,41.111509999999996
TMEM184B,215.55916
TMEM184C,161.98571
TMEM185A,42.07331
TMEM185B,71.61071000000001
TMEM186,65.89502
TMEM187,35.47459
TMEM189,287.15525
TMEM19,52.7220625
TMEM190,455.68142
TMEM191A,18.42092
TMEM192,71.782635
TMEM194A,34.169495
TMEM194B,4.2587
TMEM196,7.875195000000001
TMEM198,19.183875
TMEM198B,47.04507
TMEM2,191.87664
TMEM200A,11.41274
TMEM200B,198.84759
TMEM201,87.2863
TMEM203,305.51175
TMEM204,96.54545
TMEM205,97.30325
TMEM206,49.77462
TMEM207,33.57219
TMEM208,154.39237
TMEM209,48.90884
TMEM212,199.13516
TMEM214,84.982
TMEM216,177.09366
TMEM217,12.87692
TMEM218,43.89202333333333
TMEM219,132.69628
TMEM220,32.41211
TMEM221,32.02261
TMEM222,102.219505
TMEM223,103.10816
TMEM225,27.66281
TMEM229B,50.50843
TMEM230,669.03129
TMEM231,93.72844
TMEM232,23.944090000000003
TMEM234,37.8926
TMEM237,15.178375
TMEM239,39.904945
TMEM241,321.682775
TMEM242,31.97618
TMEM243,550.50027
TMEM245,244.58430000000004
TMEM246,15.508379999999999
TMEM248,261.136975
TMEM25,12.640625
TMEM251,129.96276
TMEM252,22.52225
TMEM254,18.127645
TMEM255A,3.36499
TMEM255B,95.23064
TMEM256,66.18693
TMEM257,9.08761
TMEM258,959.16481
TMEM259,29.803673333333336
TMEM26,16.45308
TMEM260,147.03790500000002
TMEM261,223.67175
TMEM262,17.93482
TMEM263,135.884
TMEM27,13.74508
TMEM30A,291.60888666666665
TMEM30B,13.759595000000001
TMEM31,10.39986
TMEM33,220.25842000000003
TMEM35,24.90053
TMEM37,49.1002975
TMEM38A,33.64853
TMEM38B,27.12806666666667
TMEM39A,42.7993375
TMEM39B,74.86782
TMEM40,271.05149
TMEM41A,29.80341
TMEM41B,173.164015
TMEM42,103.82784
TMEM43,182.03336
TMEM44,18.60067
TMEM45A,20.93308
TMEM45B,60.89441
TMEM47,12.96657
TMEM5,90.44209
TMEM50A,1007.41804
TMEM50B,353.214204
TMEM51,33.82471
TMEM51-AS1,8.68393
TMEM52,19.03551
TMEM52B,8.43562
TMEM53,54.02315
TMEM54,25.94294
TMEM55A,350.22303
TMEM55B,242.63794
TMEM56,0.006144999999999999
TMEM57,29.346604999999997
TMEM59,626.2146650000001
TMEM59L,54.63742
TMEM60,378.47473
TMEM61,16.69369
TMEM62,17.4888
TMEM63A,76.2191575
TMEM63B,153.94896
TMEM63C,3.54627
TMEM64,75.28005666666667
TMEM65,49.110625
TMEM67,4.06426
TMEM68,16.444825
TMEM69,146.11014
TMEM70,286.3279966666667
TMEM71,1129.33953
TMEM72,28.17758
TMEM74,16.40478
TMEM74B,41.09436
TMEM75,18.27634
TMEM79,8.4712
TMEM80,82.42330666666668
TMEM86A,70.02686333333334
TMEM86B,266.92245
TMEM87A,137.5876225
TMEM87B,114.932695
TMEM88,32.10661
TMEM8A,176.22188
TMEM8B,14.399015
TMEM9,80.426795
TMEM91,108.62595
TMEM92,18.09929
TMEM95,576.81481
TMEM97,58.9487225
TMEM98,199.89025
TMEM99,21.44773
TMEM9B,553.30179
TMF1,110.159965
TMIE,117.07725
TMIGD2,109.50493
TMLHE,31.29854333333333
TMOD1,341.07347
TMOD2,28.22931
TMOD3,127.57408249999999
TMOD4,13.11124
TMPO,129.343276
TMPRSS11B,9.12281
TMPRSS11D,15.56448
TMPRSS11E,133.63146
TMPRSS12,3.09756
TMPRSS13,12.10056
TMPRSS15,19.327904999999998
TMPRSS2,17.4585325
TMPRSS3,17.12606
TMPRSS4,11.88138
TMPRSS5,7.18302
TMPRSS6,49.21075
TMSB10,4380.32699
TMSB15A,303.70664
TMSB15B,0.00956
TMSB4X,10846.816
TMSB4Y,631.07231
TMTC1,26.35301
TMTC2,30.551215
TMTC3,25.896893333333335
TMTC4,66.29366666666665
TMUB1,37.04407
TMUB2,101.1271
TMX1,317.19374000000005
TMX2,158.09991
TMX3,106.644345
TMX4,588.9684466666666
TNAP,3.28391
TNC,1.3477499999999998
TNF,19.39193
TNFAIP1,34.414105
TNFAIP2,458.27105
TNFAIP3,321.22522
TNFAIP6,479.06405
TNFAIP8,885.86879
TNFAIP8L1,68.43597
TNFAIP8L2,363.70691
TNFAIP8L3,32.5422
TNFRSF10A,55.924229999999994
TNFRSF10B,95.96879333333334
TNFRSF10D,19.84874
TNFRSF11A,37.9327
TNFRSF11B,6.98895
TNFRSF12A,29.1666
TNFRSF13B,15.01568
TNFRSF13C,31.18293
TNFRSF14,298.67947
TNFRSF17,46.51473
TNFRSF18,52.66615
TNFRSF19,2.85221
TNFRSF1A,795.91601
TNFRSF1B,1105.57415
TNFRSF21,16.146155
TNFRSF25,77.16025400000001
TNFRSF4,20.88439
TNFRSF8,71.1724
TNFRSF9,46.11354666666667
TNFSF10,1322.5827966666666
TNFSF11,6.68016
TNFSF13,252.9773
TNFSF13B,1376.72695
TNFSF14,202.33874500000002
TNFSF15,17.92493
TNFSF18,61.19937
TNFSF4,123.30038
TNFSF8,129.68106
TNFSF9,16.9873
TNIK,60.1758325
TNIP1,695.33921
TNIP2,237.24234
TNIP3,5.30089
TNK1,62.797705
TNK2,25.10548
TNK2-AS1,20.78504
TNKS,42.004707499999995
TNKS1BP1,0.03159
TNKS2,127.02182
TNMD,2.40928
TNN,45.82117
TNNC1,4.08473
TNNC2,74.0144
TNNI1,0.00711
TNNI2,12.50181
TNNI3,80.83733
TNNT1,33.2864
TNNT2,13.152619999999999
TNNT3,189.83611
TNP1,35.63161
TNP2,25.901295
TNPO1,468.5447122222222
TNPO2,50.27353
TNPO3,213.97749
TNR,129.74305
TNRC18,95.36915875
TNRC6A,71.83874833333333
TNRC6B,352.68686857142853
TNRC6C,41.919342
TNS1,326.80047
TNS3,44.052855
TNS4,79.015455
TNXB,21.90295
TOB1,574.0802
TOB2,72.58579999999999
TOE1,47.03065
TOLLIP,66.2624725
TOM1,117.71646
TOM1L1,12.3566
TOM1L2,54.07285666666667
TOMM20,624.6881149999999
TOMM22,64.49098
TOMM34,35.64263
TOMM40,65.61322
TOMM40L,41.70549
TOMM5,311.32552
TOMM70A,195.885255
TONSL,38.400740000000006
TOP1,564.6020699999999
TOP1MT,34.552335
TOP2A,21.161530000000003
TOP2B,1260.20169
TOP3A,42.67524666666666
TOP3B,16.62655
TOPBP1,222.48845
TOPORS,299.72894
TOR1A,103.36365666666666
TOR1AIP1,234.520136
TOR1AIP2,45.87643875
TOR1B,252.52051
TOR2A,42.818515000000005
TOR3A,77.1937
TOR4A,44.61856
TOX,48.06332
TOX2,26.70512
TOX3,7.3159125
TOX4,135.98817400000001
TP53,89.754795
TP53AIP1,19.9591225
TP53BP1,96.5511675
TP53BP2,104.14806
TP53I11,195.65229333333332
TP53I13,0.1976
TP53I3,26.85111
TP53INP1,307.9975366666667
TP53INP2,82.75221
TP53RK,60.438865
TP53TG1,49.58107666666666
TP53TG3,166.39591
TP53TG5,16.689185
TP63,11.34944857142857
TP73,16.626436666666667
TP73-AS1,40.72792333333334
TPBG,15.052135
TPCN1,276.3418833333333
TPCN2,73.509926
TPD52,118.97981999999999
TPD52L1,205.391465
TPD52L2,332.62158
TPD52L3,11.465525
TPGS1,20.173405
TPGS2,192.39717571428574
TPH1,32.03803333333333
TPH2,2.81385
TPI1,468.6633166666666
TPK1,99.18966499999999
TPM1,184.3756833333333
TPM2,56.8558
TPM3,507.8091600000001
TPM4,159.949895
TPMT,53.62242
TPO,19.38581
TPP1,452.896845
TPP2,77.963235
TPPP,46.51852
TPPP2,13.87711
TPPP3,15.71775
TPR,305.160192
TPRA1,21.78157
TPRG1,26.25222
TPRG1L,444.83288
TPRKB,431.41034
TPRN,42.6892
TPRXL,37.695
TPSAB1,21.959595714285715
TPSD1,10.94023
TPSG1,67.51058
TPST1,41.88589
TPST2,447.57027
TPT1-AS1,19.518068
TPT1P8,9.78354
TPTE,0.00621
TPTE2P6,3.26002
TPTEP1,14.382180000000002
TPX2,9.55942
TRA2A,288.354784
TRA2B,270.75064000000003
TRABD,88.39789333333333
TRABD2A,77.43715
TRABD2B,9.881976666666667
TRADD,135.91606
TRAF1,139.30446
TRAF2,32.42209
TRAF3,113.913415
TRAF3IP1,16.93275
TRAF3IP2,60.73404
TRAF3IP3,456.5052775
TRAF4,16.1277
TRAF5,74.390075
TRAF6,71.833545
TRAF7,151.57813333333334
TRAFD1,99.25224
TRAIP,7.549
TRAK1,73.35795
TRAK2,881.89705
TRAM1,627.5888733333333
TRAM1L1,60.23624
TRAM2,111.82645666666667
TRANK1,386.81658
TRAP1,112.429405
TRAPPC1,787.62388
TRAPPC10,89.182965
TRAPPC11,112.92726666666665
TRAPPC12,117.08385
TRAPPC13,31.30544666666667
TRAPPC2,98.39244666666667
TRAPPC2L,54.83002333333334
TRAPPC3,168.747895
TRAPPC3L,11.75639
TRAPPC5,722.35593
TRAPPC6A,58.52708
TRAPPC6B,101.36129
TRAPPC8,1008.36284
TRAPPC9,98.32663666666667
TRAT1,383.39331
TRBV27,546.41188
TRDMT1,35.47403333333333
TRDN,21.10422
TREH,3.79014
TREM1,1044.68241
TREM2,10.43392
TREML1,271.38431
TREML2,108.85084
TREML3P,70.47329500000001
TREML4,14.157686666666669
TRERF1,64.96703333333333
TRH,56.52972
TRHDE,0.00528
TRHDE-AS1,1.36176
TRHR,9.39799
TRIAP1,158.45394
TRIB1,144.85963666666666
TRIB2,160.27125999999998
TRIB3,77.118105
TRIL,14.124855
TRIM10,41.67211
TRIM11,77.43036000000001
TRIM13,120.46512999999999
TRIM14,58.333122
TRIM15,24.39824333333333
TRIM16,59.48321
TRIM17,41.65754
TRIM2,45.05235833333333
TRIM21,304.5912
TRIM22,1565.13882
TRIM23,110.50029
TRIM24,103.40442
TRIM25,407.25014500000003
TRIM26,117.53162
TRIM27,162.64064
TRIM28,383.05469
TRIM29,42.548786666666665
TRIM3,24.947855
TRIM31,29.48794
TRIM32,26.30171
TRIM33,157.8601425
TRIM35,76.34452
TRIM36,14.6168425
TRIM37,53.011455
TRIM38,512.0725474999999
TRIM4,207.09058
TRIM40,5.87832
TRIM41,70.57507
TRIM42,4.472686666666667
TRIM44,198.88270333333332
TRIM45,12.551730000000001
TRIM46,104.11663999999999
TRIM47,11.28629
TRIM5,98.6297
TRIM50,27.158396666666665
TRIM51,39.38759
TRIM52,137.92109
TRIM54,14.07717
TRIM55,27.97004
TRIM56,297.46569
TRIM59,68.61493
TRIM6,12.98814
TRIM61,27.51887
TRIM62,28.56734333333333
TRIM63,5.04436
TRIM65,806.73613
TRIM66,36.96591
TRIM67,133.49579
TRIM68,42.63848
TRIM69,185.34190333333333
TRIM7,27.08205666666667
TRIM71,12.46708
TRIM72,22.12523
TRIM8,218.946208
TRIM9,13.278175000000001
TRIML1,1.11708
TRIML2,999.62128
TRIO,24.355604444444445
TRIOBP,238.51092400000002
TRIP10,27.09785
TRIP11,177.41299
TRIP12,487.1086866666667
TRIP13,34.00715
TRIP4,248.29147
TRIP6,11.27274
TRIT1,85.64411
TRMT1,59.36253333333334
TRMT10A,19.83668666666667
TRMT10B,359.51849500000003
TRMT10C,160.85269
TRMT11,61.74551
TRMT112,952.88532
TRMT12,47.3307
TRMT13,166.22806500000002
TRMT1L,71.72860333333334
TRMT2A,86.98581
TRMT2B,50.07815
TRMT44,67.97980333333332
TRMT5,882.75487
TRMT6,98.357045
TRMT61A,89.19514
TRMT61B,103.77485
TRMU,22.11267
TRNAU1AP,26.76951
TRNP1,523.0721649999999
TRNT1,63.84221
TRO,162.8564075
TROAP,33.585035000000005
TROVE2,396.081745
TRPA1,17.331464999999998
TRPC1,4.172486666666667
TRPC2,17.74865
TRPC3,12.376245
TRPC4,15.7702325
TRPC4AP,163.01357
TRPC5,6.67107
TRPC6,3.825545
TRPC7,1.5290450000000002
TRPM1,2.5978233333333334
TRPM2,90.46816
TRPM3,5.870958750000001
TRPM4,7.84027
TRPM5,4.48005
TRPM6,26.8902175
TRPM7,21.508984
TRPM8,10.044395
TRPS1,58.502937499999994
TRPT1,28.70922
TRPV2,55.667435
TRPV3,45.392134999999996
TRPV4,49.3438
TRPV5,11.59418
TRPV6,41.32
TRRAP,73.520795
TRUB1,38.772518000000005
TRUB2,42.12403
TRY2P,51.71194
TSACC,21.852
TSC1,223.87128
TSC2,68.04742
TSC22D1,327.7947925
TSC22D2,44.27035333333333
TSC22D3,951.8898599999999
TSC22D4,207.68249500000002
TSEN15,57.776653333333336
TSEN2,29.84397
TSEN34,831.52102
TSEN54,106.34481000000001
TSFM,74.90269666666667
TSG101,703.40588
TSGA10,17.0389775
TSGA10IP,4.3156
TSGA13,12.8189
TSHB,16.12239
TSHR,4.8072566666666665
TSHZ1,101.61425
TSHZ2,30.416126666666667
TSHZ3,81.252835
TSKS,18.4931
TSKU,30.52403
TSLP,0.54621
TSN,142.14637000000002
TSNARE1,64.08183000000001
TSNAX,236.38674
TSNAXIP1,22.95904
TSPAN1,29.4647
TSPAN10,32.076155
TSPAN11,11.67814
TSPAN12,38.90159333333333
TSPAN13,357.86776
TSPAN14,203.21343000000002
TSPAN15,3.11811
TSPAN16,43.24138666666667
TSPAN17,61.35773999999999
TSPAN18,61.553155000000004
TSPAN2,114.40830000000001
TSPAN3,98.16975
TSPAN31,176.31356
TSPAN32,155.808665
TSPAN33,325.59955
TSPAN4,36.400325
TSPAN5,756.7207733333333
TSPAN6,7.20275
TSPAN7,29.54175
TSPAN8,16.9598
TSPAN9,45.766165
TSPEAR,43.60476
TSPO,938.55708
TSPO2,89.31163
TSPY26P,14.15656
TSPYL1,360.39628
TSPYL2,106.39285
TSPYL4,161.61716
TSPYL5,42.79804
TSPYL6,5.41171
TSR1,199.99878
TSR2,76.06403
TSR3,51.9745275
TSSC1,27.13136
TSSC4,334.55417
TSSK1B,9.28232
TSSK2,36.11977
TSSK3,152.98902
TSSK4,21.03099
TSSK6,25.741803333333337
TST,196.09255
TSTA3,204.363805
TSTD1,426.5781
TSTD2,4.75383
TTBK1,436.907425
TTBK2,24.156408571428575
TTC1,146.74023
TTC12,29.224375000000002
TTC13,144.89809
TTC14,212.37190999999999
TTC16,32.61446
TTC17,56.54996166666666
TTC18,33.61771666666667
TTC19,207.29966
TTC21A,22.350035
TTC22,17.3574725
TTC23,22.2822125
TTC23L,4.58813
TTC25,39.14577
TTC26,20.3210675
TTC27,58.569225
TTC28,22.56508
TTC28-AS1,30.854506666666666
TTC29,13.82049
TTC3,248.68917142857143
TTC30A,6.51746
TTC30B,15.43904
TTC31,228.60102
TTC32,127.69999
TTC33,40.50313
TTC36,46.61138
TTC37,140.33650666666668
TTC38,181.90413666666666
TTC39A,14.610946666666665
TTC39B,21.091776666666664
TTC39C,98.40361666666666
TTC4,26.72456
TTC40,7.291103333333333
TTC5,28.139886666666666
TTC6,13.066736666666666
TTC7A,56.00473
TTC7B,87.62214
TTC8,10.00467
TTC9,70.304075
TTC9B,27.978365
TTC9C,63.377795
TTF1,196.439365
TTF2,9.15456
TTI1,141.31804
TTI2,59.01223
TTK,0.02494
TTL,35.1621525
TTLL1,9.63955
TTLL10,27.071963333333333
TTLL11,73.25505333333332
TTLL12,118.594965
TTLL13,6.13097
TTLL2,25.20368
TTLL3,59.97861
TTLL4,35.14221666666666
TTLL5,36.30947714285715
TTLL6,0.01527
TTLL7,9.469885000000001
TTLL9,32.80938
TTN,21.629814
TTPA,2.34339
TTPAL,63.393345
TTR,67.27464
TTTY1,69.38211
TTTY10,10.33947
TTTY11,41.95241
TTTY12,26.9425
TTTY13,35.57215
TTTY2,13.31996
TTTY5,20.50225
TTTY6,4.5654
TTTY7,6.633873333333334
TTTY8,10.43945
TTTY9A,43.28551
TTYH1,0.00112
TTYH2,48.7173
TTYH3,49.8142
TUB,61.69135
TUBA1A,3047.21036
TUBA1B,1765.0147966666666
TUBA1C,1499.042395
TUBA3C,277.47921
TUBA3FP,32.56063
TUBA4A,1006.08047
TUBA4B,28.14549
TUBA8,66.55758
TUBAL3,9.52763
TUBB,512.95151
TUBB1,1790.055155
TUBB2A,827.11641
TUBB2B,181.26024
TUBB3,379.54346
TUBB4A,9.46031
TUBB4B,459.71502499999997
TUBB6,27.43565
TUBB7P,31.44227
TUBB8P2,22.78361
TUBBP5,5.52631
TUBD1,138.32314333333332
TUBE1,19.91498
TUBG1,93.41481
TUBG2,32.5051
TUBGCP2,60.68563666666666
TUBGCP3,83.21694
TUBGCP4,48.060590000000005
TUBGCP5,12.00556
TUBGCP6,22.54029
TUFM,112.93056
TUFT1,21.97214
TUG1,428.493052
TULP1,44.47923
TULP2,39.99143
TULP3,107.31148
TULP4,33.992635
TUSC1,21.21217
TUSC2,116.89721
TUSC3,8.933892
TUSC5,7.92151
TUT1,109.34197
TVP23A,30.41674
TVP23C,136.38717
TWF1,75.406256
TWF2,200.40774
TWIST1,16.93132
TWISTNB,18.905025
TWSG1,51.970765
TXK,78.24268
TXLNA,14.171605
TXLNB,42.76014
TXLNG,54.25052333333334
TXLNGY,77.31431
TXN,590.896515
TXN2,78.718515
TXNDC11,48.87646
TXNDC12,716.89376
TXNDC15,141.87605
TXNDC16,28.60639
TXNDC17,320.145085
TXNDC2,563.4068500000001
TXNDC8,157.41806
TXNDC9,242.9945733333333
TXNIP,5766.540093333333
TXNL1,353.63273
TXNL4A,234.70420666666666
TXNL4B,100.66186
TXNRD1,284.95718
TXNRD2,42.702185
TYK2,254.99732
TYMP,106.77352499999999
TYMS,48.69711
TYMSOS,41.50254
TYR,8.778126666666667
TYRO3,20.465865
TYROBP,3120.05942
TYRP1,3.02267
TYSND1,168.504815
TYW1,77.74762
TYW3,59.69536
TYW5,236.47625333333335
U2AF1,232.81697499999999
U2AF1L4,43.65878
U2AF2,150.9277275
U2SURP,107.338434
UACA,505.832315
UAP1,69.55472
UAP1L1,7.08699
UBA1,358.462245
UBA2,332.27249
UBA3,550.02758
UBA5,58.98514
UBA52,6850.11049
UBA6,45.606460000000006
UBAC1,127.40665
UBAC2,95.13803
UBALD1,91.13381
UBALD2,1268.162855
UBAP1,272.682655
UBAP2,98.52649500000001
UBAP2L,97.5261825
UBASH3A,96.01913
UBASH3B,57.14577799999999
UBB,12508.39209
UBC,5422.002465
UBE2A,316.8446
UBE2B,827.3449942857143
UBE2C,71.67022
UBE2D1,612.7495133333333
UBE2D2,452.05035666666663
UBE2D3,1406.3435116666667
UBE2D4,106.57159000000001
UBE2DNL,8.31084
UBE2E1,736.01374
UBE2E2,63.12875
UBE2E3,756.40555
UBE2F,533.0211875
UBE2G1,309.00175333333334
UBE2G2,89.0119925
UBE2H,369.330005
UBE2I,144.998178
UBE2J1,221.55164333333335
UBE2J2,94.90557749999999
UBE2K,215.31388
UBE2L3,343.802815
UBE2L6,621.66861
UBE2M,109.84517
UBE2N,313.42810000000003
UBE2NL,221.67732
UBE2O,92.188085
UBE2Q1,203.85654333333332
UBE2Q2,293.71219
UBE2R2,637.30381
UBE2S,27.74653
UBE2T,197.48721
UBE2U,31.8463
UBE2V2,129.96470666666667
UBE2W,115.25065166666667
UBE2Z,104.53659333333333
UBE3A,88.09839142857143
UBE3B,61.36494666666667
UBE3C,29.393987999999997
UBE3D,6.27423
UBE4A,449.38956
UBE4B,69.2007
UBFD1,58.05475
UBIAD1,57.17810333333333
UBL3,363.33553
UBL4A,200.53142
UBL4B,17.94629
UBL5,720.37932
UBL7,215.14172
UBLCP1,307.72886
UBN1,568.6323
UBN2,65.61904999999999
UBOX5,221.210465
UBP1,335.67934
UBQLN1,385.36417
UBQLN2,379.759695
UBQLN3,9.33565
UBQLN4,590.6221700000001
UBQLNL,20.60681
UBR1,137.726775
UBR2,295.65814
UBR3,71.2937975
UBR4,70.05228600000001
UBR5,134.85721333333333
UBR7,123.59467
UBTD1,71.66571
UBTD2,75.74263
UBTF,55.961602000000006
UBXN1,186.52499
UBXN10,28.79503
UBXN11,38.4707
UBXN2A,615.667815
UBXN2B,342.23482
UBXN4,309.06075250000004
UBXN7,213.82135499999998
UBXN7-AS1,7.4658
UBXN8,27.88208
UCA1,97.89945
UCHL1,76.61153
UCHL3,103.31005
UCHL5,42.705495
UCK1,302.72175000000004
UCKL1,139.77683666666667
UCMA,8.51706
UCN,55.03386
UCN2,43.33176
UCN3,57.62764
UCP1,101.46158
UCP2,1168.8633300000001
UCP3,80.99186
UEVLD,51.256249999999994
UFC1,879.86849
UFD1L,311.39752
UFL1,132.00070333333335
UFM1,210.95036333333334
UFSP1,54.0569
UFSP2,77.4822
UG0898H09,1.042065
UGCG,321.82776666666666
UGDH,49.69558
UGGT1,89.87474999999999
UGGT2,13.331222857142858
UGP2,521.55205
UGT1A1,60.57801
UGT2A3,8.22251
UGT2B15,11.382255
UGT2B17,1.49429
UGT2B28,33.16205
UGT2B4,2.77607
UGT3A1,14.617303333333332
UGT8,6.24665
UHMK1,511.328135
UHRF1,13.37555
UHRF1BP1,58.61267
UHRF1BP1L,41.670320000000004
UHRF2,358.24867
UIMC1,368.24077
ULBP1,8.78391
ULBP2,7.26396
ULBP3,0.04695
ULK1,82.66119
ULK2,23.057285
ULK3,58.36115
ULK4,10.099995
UMOD,1.39079
UMODL1,1.75054
UMPS,35.534062500000005
UNC119,133.24302
UNC119B,205.18106
UNC13A,20.049975
UNC13B,23.81247
UNC13C,12.63831
UNC13D,41.29343
UNC45A,566.51314
UNC45B,7.08781
UNC50,243.21677
UNC5A,18.093325
UNC5B,106.18696999999999
UNC5C,80.98784
UNC5CL,52.45417
UNC5D,1.51878
UNC79,3.57003
UNC80,11.372453333333334
UNC93A,13.42519
UNC93B1,51.13395666666667
UNG,44.48842
UNK,45.75928666666667
UNKL,116.05493333333334
UPB1,19.4428825
UPF1,115.43962499999999
UPF2,335.40497
UPF3A,103.05603500000001
UPF3B,60.644684999999996
UPK1A,9.87914
UPK1B,6.4572199999999995
UPK2,42.22795
UPK3A,0.00261
UPK3B,27.24256
UPP1,85.52105
UPP2,8.578520000000001
UPRT,48.80947
UQCC1,50.8138025
UQCC2,79.01402
UQCR10,411.286475
UQCR11,1231.60548
UQCRB,1815.28476
UQCRC1,267.65367
UQCRC2,406.07958666666667
UQCRFS1,562.57564
UQCRH,1051.48245
UQCRQ,419.45452
URB1,29.353583333333333
URB2,23.97899
URGCP,31.08077
URI1,93.29637
URM1,76.904855
UROC1,5.37186
UROD,517.93887
UROS,80.58107
USB1,211.71040000000002
USE1,54.78715
USF1,45.9218
USF2,203.20611333333332
USH1C,49.048593333333336
USH1G,131.74085
USH2A,8.51334
USHBP1,10.81118
USMG5,1705.782
USO1,239.00567
USP1,566.30198
USP10,447.62557999999996
USP11,213.36581
USP12,180.15592
USP13,27.72335666666667
USP14,327.1531366666666
USP16,317.8075
USP18,12.97661
USP19,136.92710499999998
USP2,19.75602
USP20,97.76371
USP21,54.56044666666667
USP22,157.10469
USP24,112.62115666666666
USP25,80.679078
USP26,1.42643
USP27X,27.774105
USP27X-AS1,13.3832
USP28,51.320616666666666
USP29,30.74568
USP3,578.6029
USP30,28.714519999999997
USP31,23.214378
USP32,198.32954571428573
USP33,467.69151333333326
USP34,383.3778633333333
USP35,33.66776
USP36,36.509424
USP37,26.54379666666667
USP38,132.97261666666665
USP39,100.25034
USP4,773.0510899999999
USP40,42.256505000000004
USP42,38.43258
USP43,13.23344
USP44,27.16867
USP45,16.662635
USP46,15.49196
USP47,123.13909000000001
USP48,138.571912
USP49,69.30963714285714
USP5,79.13332
USP51,18.1468
USP53,21.552477500000002
USP54,31.45499
USP6NL,27.14207
USP7,318.88079500000003
USP8,223.825805
USP9X,354.3593733333333
USP9Y,55.312325
USPL1,93.02514000000001
UST,8.348415
UTF1,34.61463
UTP11L,60.883485
UTP14A,56.902295
UTP15,23.81605
UTP18,119.041485
UTP20,58.71495
UTP23,71.67201
UTP3,197.83179
UTP6,127.45289
UTRN,165.41216666666665
UTS2,6.62697
UTS2B,19.01386
UTS2R,179.01494
UTY,81.54939666666667
UVRAG,184.64269
UVSSA,81.60012
UXS1,230.12466
UXT,894.09152
VAC14,36.284060000000004
VAMP1,96.70274666666667
VAMP2,88.44186
VAMP3,580.5300333333333
VAMP4,144.73937333333333
VAMP5,55.925734999999996
VAMP7,670.32782
VAMP8,1003.28354
VANGL1,17.2247725
VANGL2,15.89457
VAPA,490.564998
VAPB,80.21087
VARS,16.6202
VARS2,51.20149
VASH1,38.048553999999996
VASH2,6.562973333333333
VASN,41.7945
VASP,694.96625
VAT1,86.60511
VAT1L,9.97352
VAV1,418.98149
VAV2,41.86374
VAV3,147.4957366666667
VAX2,23.27014
VBP1,701.33527
VCAM1,12.03977
VCAN,990.9761839999999
VCL,775.88126
VCP,325.73701
VCPIP1,53.0252775
VCPKMT,113.1763
VCY,28.40194
VDAC1,105.18507333333334
VDAC2,654.17271
VDAC3,594.5262133333334
VDR,67.816225
VEGFA,49.0974025
VEGFB,20.2687
VEGFC,28.25235
VENTX,13.97588
VEPH1,9.313766666666666
VEZF1,504.49802999999997
VEZT,60.0444525
VGF,138.75714
VGLL1,17.46737333333333
VGLL2,19.1106
VGLL3,25.640725
VGLL4,309.09680000000003
VHL,108.64135
VIL1,72.3588075
VILL,31.18561
VIM,1190.3243249999998
VIMP,128.59955
VIP,6.8606
VIPAS39,92.828285
VIPR1,69.363
VIPR2,977.7083000000001
VIT,25.72303
VKORC1,155.91171
VKORC1L1,44.344235
VLDLR,18.69178
VMA21,124.46844666666665
VMO1,8.964775000000001
VMP1,99.09871
VN1R1,98.68121
VN1R10P,5.46938
VN1R2,28.00035
VN1R3,9.49385
VN1R4,12.14553
VN1R5,2.00542
VNN1,43.60805
VNN2,3257.4576
VNN3,118.87911333333334
VOPP1,486.34971
VPRBP,58.933305999999995
VPREB1,9.70386
VPREB3,119.09508
VPS11,170.56849
VPS13A,36.45650333333334
VPS13B,161.2932225
VPS13C,203.756005
VPS13D,29.978314
VPS18,47.821515
VPS25,102.03459
VPS26A,389.787565
VPS26B,69.51594
VPS28,858.30958
VPS29,292.158075
VPS33A,54.00207
VPS33B,141.53852
VPS35,399.400072
VPS36,116.72554000000001
VPS37A,67.392755
VPS37B,172.80252
VPS37C,237.32255
VPS37D,90.2009
VPS39,88.20457
VPS41,82.02927666666666
VPS45,56.74713
VPS4A,204.24562
VPS4B,763.28357
VPS51,410.44499
VPS52,221.9907
VPS53,40.69462555555556
VPS54,82.49324666666668
VPS72,127.41547
VPS8,146.15474666666668
VPS9D1,25.47783
VRK1,88.00735
VRK2,117.4174
VRK3,137.02118
VRTN,27.99728
VSIG1,42.66906
VSIG10,13.48969
VSIG10L,2.08358
VSIG2,75.49176
VSIG4,21.83857
VSNL1,48.254365
VSTM1,27.36979
VSTM2A,10.67539
VSTM2L,6.8363
VSTM4,10.518393333333334
VSX1,10.2452375
VTA1,178.5505325
VTCN1,63.12826
VTI1A,67.87595
VTI1B,522.6971366666667
VWA1,14.013321999999999
VWA3A,78.12942000000001
VWA3B,55.380318
VWA5A,33.665565
VWA5B1,32.11426
VWA5B2,2.759715
VWA7,395.94594
VWA8,129.781465
VWA9,31.897135
VWC2,0.01672
VWCE,414.85993
VWDE,0.52186
VWF,6.813025
WAC,953.0772266666667
WAPAL,205.91094
WARS,377.166975
WARS2,25.565553333333337
WAS,1114.13065
WASF1,20.53283
WASF2,531.5298966666667
WASF3,54.61611
WASH1,149.21815
WASIR1,11.44677
WASL,32.688415
WBP11,134.99889333333334
WBP1L,389.65083
WBP2,817.13434
WBP2NL,9.63964
WBP4,45.085193333333336
WBP5,40.0931
WBSCR16,57.304297500000004
WBSCR17,11.5991
WBSCR22,61.026514999999996
WBSCR27,28.79509
WBSCR28,0.32708
WDFY1,153.73551500000002
WDFY2,105.82287
WDFY3,118.6100375
WDFY3-AS2,6.013186666666667
WDFY4,532.634325
WDHD1,4.958793333333333
WDPCP,374.297885
WDR1,523.1386719999999
WDR11,177.23214000000002
WDR12,32.24328
WDR13,42.313204999999996
WDR16,14.72504
WDR17,7.75291
WDR18,49.60449
WDR19,25.912810000000004
WDR20,50.73137333333333
WDR24,19.8836
WDR25,11.46553
WDR26,501.94734800000003
WDR27,20.277692
WDR3,54.27499
WDR31,446.58486999999997
WDR34,20.0264
WDR35,15.32361
WDR36,56.198605
WDR37,98.37678
WDR38,22.984894999999998
WDR4,22.698476666666664
WDR41,59.82071666666667
WDR43,90.43415
WDR44,69.473085
WDR45,859.15263
WDR45B,332.3661
WDR46,48.16819
WDR47,88.54373
WDR48,146.70664
WDR49,4.33626
WDR5,37.378119999999996
WDR52,11.63432
WDR53,74.05172
WDR54,104.70551
WDR55,70.00093333333332
WDR59,37.31968
WDR5B,39.39361
WDR6,133.08936500000002
WDR60,7.367286666666668
WDR61,127.85699200000002
WDR62,153.74626333333333
WDR63,30.7779
WDR64,19.48419
WDR65,7.37674
WDR66,25.716739999999998
WDR7,68.15566
WDR70,45.39913
WDR72,29.142165
WDR73,128.25264
WDR74,32.635690000000004
WDR75,134.42573
WDR76,8.120885000000001
WDR77,97.704815
WDR78,18.30325
WDR81,129.91571
WDR82,920.44565
WDR83,51.50401
WDR83OS,545.298
WDR86,29.005065000000002
WDR87,17.38678
WDR88,1.2615
WDR89,131.74513
WDR90,6.21703
WDR91,15.040846666666667
WDR92,43.21822
WDR93,72.86685
WDR96,4.7105975
WDSUB1,87.65669
WDTC1,304.62059666666664
WDYHV1,16.35479
WEE1,27.15859
WEE2-AS1,131.62086
WFDC1,5.62995
WFDC10A,6.3174
WFDC10B,0.8282
WFDC11,5.41916
WFDC12,59.80252
WFDC13,1.30207
WFDC2,143.34762333333333
WFDC3,25.65174
WFDC5,22.34758
WFDC6,15.86638
WFDC8,16.788066666666666
WFDC9,17.545565
WFIKKN1,61.50047
WFIKKN2,16.63979
WFS1,47.538635
WHAMM,73.0738
WHSC1,24.80467833333334
WHSC1L1,347.1264985714286
WIBG,78.89829
WIF1,0.00311
WIPF1,980.6818400000001
WIPF2,200.46908249999998
WIPF3,7.683665
WIPI1,64.63343499999999
WIPI2,362.347932
WISP1,8.207635
WISP2,2.6051
WISP3,3.5586249999999997
WIZ,41.95899
WLS,191.37864666666667
WNK1,440.90193857142856
WNK2,53.341370000000005
WNK3,8.992756666666667
WNK4,40.11014
WNT1,5.11365
WNT10A,12.172170000000001
WNT10B,30.64872
WNT11,61.62956
WNT16,46.32528
WNT2,15.9853
WNT2B,47.783965
WNT4,19.99213333333333
WNT5A,6.534689999999999
WNT5B,15.19894
WNT6,25.286865
WNT7A,0.26128
WNT7B,152.24329500000002
WNT8A,89.04424
WNT8B,3.39507
WNT9A,34.785215
WNT9B,11.58046
WRAP53,234.67123
WRAP73,71.05499333333334
WRB,306.09144
WRN,30.23888
WRNIP1,85.98137750000001
WSB1,418.582866
WSB2,454.80563
WSCD2,81.59167
WT1,5.39952
WT1-AS,47.01619
WTAP,716.9225200000001
WTIP,16.36366
WWC1,35.48714571428572
WWC2,15.9328
WWC2-AS2,128.06425
WWC3,574.642075
WWOX,54.51000200000001
WWP1,528.57911
WWP2,67.8269475
WWTR1,10.550793333333333
XAB2,23.90387
XAF1,151.63685666666666
XAGE-4,97.67955
XAGE1B,33.76428
XAGE2,32.78928
XAGE3,419.89519
XBP1,318.96569500000004
XCL1,92.97481666666665
XCR1,20.30998
XDH,36.72242
XG,8.173346666666665
XIAP,175.88076857142855
XIRP1,109.18726
XIRP2,25.5226
XK,273.30333
XKR4,2.01482
XKR6,31.166515
XKR7,11.02458
XKR8,342.12427
XKRX,22.77487
XPA,63.40053
XPC,287.81633
XPNPEP1,83.93762666666666
XPNPEP2,163.10898
XPNPEP3,33.181180000000005
XPO1,410.40212
XPO4,39.128465
XPO5,33.39065333333334
XPO6,1591.29431
XPO7,114.24866666666667
XPOT,118.229985
XPR1,41.92309
XRCC1,94.04264
XRCC2,117.07479
XRCC3,36.08076
XRCC4,41.9007625
XRCC5,569.2706466666667
XRCC6,402.936415
XRCC6BP1,21.254745
XRN1,148.412005
XRN2,225.851965
XRRA1,17.341630000000002
XXYLT1,41.09431
XYLB,16.9696625
XYLT1,54.15685
XYLT2,13.87686
YAE1D1,63.49346
YAF2,53.544624999999996
YAP1,19.098316666666665
YARS,92.30959999999999
YARS2,75.1925
YBEY,141.70626666666666
YBX1,3109.523113333333
YBX2,105.20917
YBX3,3052.8932675
YDJC,107.54658
YEATS2,98.675715
YEATS4,71.36449
YES1,28.152896666666667
YIF1A,81.42025
YIF1B,80.7090875
YIPF1,117.48285
YIPF2,82.85567666666667
YIPF3,339.91916
YIPF4,101.4649225
YIPF5,254.276645
YIPF6,180.223
YJEFN3,0.01715
YKT6,27.42887
YLPM1,112.81850000000001
YME1L1,391.2701711111111
YOD1,307.287335
YPEL1,63.406536666666675
YPEL2,140.22243666666665
YPEL3,1668.724575
YPEL4,25.50524
YPEL5,1495.489615
YRDC,43.578599999999994
YTHDC1,221.47348200000002
YTHDC2,58.887609999999995
YTHDF1,290.93233
YTHDF2,435.62187
YTHDF3,387.586505
YWHAB,2000.3167299999998
YWHAE,326.44698
YWHAG,773.87637
YWHAH,98.79353666666667
YWHAQ,832.7142566666666
YWHAZ,1144.544858
YY1,670.3398033333333
YY1AP1,1135.6543
ZACN,27.71483
ZADH2,34.312395714285714
ZAK,53.64273285714285
ZAN,60.316152
ZAP70,158.307425
ZAR1,79.112055
ZBBX,0.00193
ZBED1,113.307895
ZBED2,0.00397
ZBED3,23.36564
ZBED4,21.86573
ZBED5,318.20455
ZBED6CL,56.0168
ZBED8,6.06699
ZBED9,2.98934
ZBP1,27.985529999999997
ZBTB1,136.339055
ZBTB10,27.922585714285713
ZBTB11,162.69004999999999
ZBTB11-AS1,11.77217
ZBTB12,26.65172
ZBTB14,86.80795
ZBTB16,112.22664
ZBTB17,34.52879
ZBTB18,693.36189
ZBTB2,205.94611
ZBTB20,63.503231666666665
ZBTB21,104.076045
ZBTB22,31.71735
ZBTB24,28.46444333333333
ZBTB25,28.75758
ZBTB26,55.615895
ZBTB3,32.58528
ZBTB32,0.00356
ZBTB33,166.25649
ZBTB34,322.77005
ZBTB37,46.601593333333334
ZBTB38,163.14964
ZBTB39,74.23003
ZBTB4,323.96065
ZBTB40,45.28646
ZBTB41,53.25788
ZBTB42,0.00589
ZBTB43,65.405136
ZBTB44,245.06918000000002
ZBTB45,45.458200000000005
ZBTB46,9.497766666666665
ZBTB47,113.64006000000002
ZBTB48,25.3124
ZBTB49,45.08784
ZBTB5,206.08173
ZBTB6,25.82334
ZBTB7A,118.16446166666668
ZBTB7B,54.39281
ZBTB7C,12.69403
ZBTB8A,24.51656
ZBTB8OS,234.44203
ZBTB9,109.02228
ZC2HC1A,17.89095
ZC2HC1B,6.18234
ZC2HC1C,13.66952
ZC3H10,30.215253333333333
ZC3H12B,16.217
ZC3H12C,6.938865
ZC3H12D,129.11517
ZC3H13,116.40131000000001
ZC3H14,57.235263999999994
ZC3H15,429.1987
ZC3H18,99.59293500000001
ZC3H3,27.687359999999998
ZC3H4,189.48245
ZC3H6,22.361804999999997
ZC3H7A,136.370495
ZC3H7B,121.689302
ZC3H8,39.981700000000004
ZC3HAV1,401.18104999999997
ZC3HAV1L,11.378345
ZC3HC1,63.10993
ZC4H2,6.43926
ZCCHC10,103.00403666666666
ZCCHC11,76.045905
ZCCHC12,152.91371
ZCCHC13,26.47166
ZCCHC14,25.983473333333336
ZCCHC17,189.51439499999998
ZCCHC18,30.16628
ZCCHC2,244.17932333333331
ZCCHC24,32.577645000000004
ZCCHC3,112.09005666666667
ZCCHC4,13.067216666666667
ZCCHC5,56.50958
ZCCHC6,267.69406399999997
ZCCHC7,138.15856333333332
ZCCHC8,98.401145
ZCCHC9,125.33371
ZCRB1,138.81035
ZCWPW1,332.209815
ZCWPW2,5.1928
ZDBF2,19.44318
ZDHHC1,5.7163900000000005
ZDHHC11,27.41024
ZDHHC12,29.40775
ZDHHC13,48.965585000000004
ZDHHC14,30.205165
ZDHHC15,20.0228
ZDHHC16,71.73716
ZDHHC17,308.6803
ZDHHC18,320.4071475
ZDHHC19,53.272425
ZDHHC2,265.5082825
ZDHHC20,190.231675
ZDHHC21,13.165596666666666
ZDHHC22,83.66889499999999
ZDHHC23,28.67187
ZDHHC24,17.49269333333333
ZDHHC3,116.1083625
ZDHHC4,47.71645
ZDHHC5,247.942095
ZDHHC6,151.35029
ZDHHC7,484.64473
ZDHHC8,42.907354999999995
ZDHHC8P1,15.37665
ZDHHC9,5.406079999999999
ZEB2,107.118694
ZER1,186.4289725
ZFAND1,157.58606
ZFAND2A,95.26467
ZFAND2B,49.01263
ZFAND3,385.75942000000003
ZFAND4,34.108185000000006
ZFAND5,484.236
ZFAND6,496.11842
ZFAS1,1188.3414675000001
ZFAT,260.16519
ZFC3H1,172.131085
ZFHX2,31.429265
ZFHX3,18.0898
ZFHX4,77.16840333333333
ZFP1,85.72907333333335
ZFP14,7.44211
ZFP2,25.44888
ZFP28,19.941745
ZFP3,27.26464
ZFP30,53.84313
ZFP36,1547.03285
ZFP36L1,517.68111
ZFP36L2,855.9318625
ZFP37,13.83737
ZFP41,21.99203
ZFP42,153.60198666666668
ZFP57,29.29906
ZFP62,128.00597
ZFP64,37.335845
ZFP69,14.77724
ZFP69B,11.85536
ZFP82,33.793645
ZFP90,123.80235333333333
ZFP92,55.66442
ZFPL1,37.609370000000006
ZFPM1,42.104475
ZFPM2,2.23339
ZFR,152.1186275
ZFR2,19.360615
ZFX,39.837441999999996
ZFY,31.14354
ZFYVE1,104.03143
ZFYVE16,82.85353599999999
ZFYVE19,579.6255
ZFYVE20,59.56297
ZFYVE21,89.87362999999999
ZFYVE26,101.928905
ZFYVE27,107.71679
ZFYVE28,49.17813
ZFYVE9,23.922315
ZG16,76.961
ZG16B,11.65062
ZGPAT,49.38293
ZGRF1,20.158085
ZHX1,45.099734999999995
ZHX1-C8orf76,21.48925
ZHX2,157.41572499999998
ZHX3,14.440055000000001
ZIC1,31.618276666666663
ZIC2,22.99092
ZIC3,72.96457
ZIC4,24.15238
ZIC5,23.69197
ZIK1,33.078305
ZIM3,6.46346
ZKSCAN1,120.86771250000001
ZKSCAN2,36.03828
ZKSCAN3,27.332652500000002
ZKSCAN4,63.61673
ZKSCAN5,24.6346
ZKSCAN7,30.291655
ZKSCAN8,44.76638
ZMAT1,48.6522
ZMAT2,1062.82428
ZMAT3,91.534064
ZMAT4,15.00268
ZMAT5,58.90923
ZMIZ1,204.42785999999998
ZMIZ2,107.39101
ZMPSTE24,547.77118
ZMYM1,26.64448
ZMYM2,83.841885
ZMYM3,179.53445
ZMYM4,79.97469333333333
ZMYM5,45.43999
ZMYM6,49.96954
ZMYND10,142.45363500000002
ZMYND11,148.3210075
ZMYND12,30.52169
ZMYND15,13.33502
ZMYND19,19.85435
ZMYND8,225.688112
ZNF10,12.103296666666665
ZNF100,18.63839
ZNF101,239.5609033333333
ZNF106,442.9116
ZNF107,102.37743666666667
ZNF112,15.32462
ZNF114,0.38128
ZNF117,46.0267975
ZNF12,295.912825
ZNF121,240.46687
ZNF124,46.13724
ZNF132,6.84892
ZNF133,25.431955000000002
ZNF134,57.39916
ZNF135,21.495305000000002
ZNF136,206.57583
ZNF137P,45.51022
ZNF138,61.452729999999995
ZNF14,62.32611
ZNF140,84.11499
ZNF141,20.56657
ZNF142,50.008555
ZNF143,224.08665
ZNF146,250.855145
ZNF148,304.37197000000003
ZNF154,8.79599
ZNF155,8.07127
ZNF157,7.89686
ZNF16,29.23086
ZNF160,437.13032
ZNF165,7.51654
ZNF169,51.52183
ZNF17,16.11636
ZNF174,26.494523333333337
ZNF175,14.22952
ZNF177,15.82277
ZNF18,188.34311
ZNF180,42.1346
ZNF182,63.41258499999999
ZNF184,67.8087
ZNF185,388.72193
ZNF189,164.35882
ZNF19,70.80456
ZNF195,40.24803
ZNF197,22.332785
ZNF2,31.07903
ZNF20,61.47607
ZNF200,225.545145
ZNF202,37.255625
ZNF204P,17.40538
ZNF205,44.04312
ZNF207,339.8542411111111
ZNF208,10.89287
ZNF211,96.30671
ZNF212,178.03579
ZNF213,193.9675
ZNF214,50.67085333333333
ZNF215,53.016864999999996
ZNF217,1104.54627
ZNF219,102.91356999999999
ZNF22,286.398325
ZNF221,5.8753899999999994
ZNF222,37.67843
ZNF223,13.73028
ZNF224,38.91253
ZNF225,15.830659999999998
ZNF226,47.4303675
ZNF227,62.968575
ZNF229,6.41966
ZNF23,68.27043
ZNF230,44.20018666666667
ZNF232,66.69402
ZNF233,5.989405
ZNF234,16.657375000000002
ZNF235,20.246665
ZNF236,74.36008
ZNF239,19.49817
ZNF24,238.40694
ZNF248,46.521010000000004
ZNF25,31.701700000000002
ZNF250,36.245485
ZNF251,89.103
ZNF252P,258.1874825
ZNF252P-AS1,23.93128
ZNF253,55.041290000000004
ZNF254,42.94148
ZNF256,23.99423
ZNF257,5.79913
ZNF26,23.46239
ZNF260,60.930884999999996
ZNF264,160.56886333333333
ZNF266,426.74785
ZNF267,629.73132
ZNF268,23.412936666666667
ZNF271,86.47867666666667
ZNF273,56.92348
ZNF274,172.56715
ZNF275,69.42466999999999
ZNF276,109.93561
ZNF277,63.8655525
ZNF28,4.20212
ZNF280A,65.55334
ZNF280B,18.200066666666668
ZNF280C,16.15697
ZNF281,363.85296666666665
ZNF282,23.40521
ZNF283,11.19963
ZNF284,30.79645
ZNF285,39.34023
ZNF286A,36.4677575
ZNF287,57.80886333333333
ZNF292,410.24514666666664
ZNF295-AS1,27.83218
ZNF296,34.07039
ZNF29P,7.8550949999999995
ZNF3,16.4388175
ZNF30,15.95046
ZNF300,15.01239
ZNF300P1,0.67782
ZNF302,138.60895333333335
ZNF304,63.96175
ZNF311,49.213855
ZNF316,31.926675
ZNF317,54.788125
ZNF318,64.25688
ZNF319,85.40411
ZNF32,122.25921
ZNF320,75.91235499999999
ZNF322,65.64849
ZNF324,40.70759
ZNF324B,27.208955000000003
ZNF326,18.83511
ZNF329,60.66751
ZNF330,132.55754000000002
ZNF331,52.421704999999996
ZNF333,35.06448666666667
ZNF334,5.515885000000001
ZNF335,59.384899999999995
ZNF337,182.288535
ZNF33A,164.15284
ZNF33B,24.830803333333336
ZNF34,19.13222
ZNF341,18.198876666666667
ZNF343,8.010015
ZNF345,19.881515
ZNF346,34.767179999999996
ZNF347,8.799095
ZNF35,46.60435
ZNF350,56.314505
ZNF354A,80.05081
ZNF354B,22.78325
ZNF354C,28.810670000000002
ZNF358,54.156935
ZNF362,65.82345
ZNF365,19.52594
ZNF366,19.43082
ZNF367,31.9516
ZNF37BP,15.775773333333333
ZNF382,9.39537
ZNF383,28.15242
ZNF384,90.355745
ZNF385A,110.97429
ZNF385B,3.4804633333333332
ZNF385C,17.31279
ZNF385D,15.346945
ZNF391,34.39902
ZNF394,170.137055
ZNF395,101.30513666666667
ZNF396,46.120548
ZNF397,64.212494
ZNF398,111.24256666666668
ZNF404,10.03133
ZNF407,36.5025475
ZNF408,62.09543
ZNF41,14.538903333333332
ZNF414,111.95973500000001
ZNF415,11.81303
ZNF416,20.89947
ZNF417,6.839216666666666
ZNF418,74.27077
ZNF419,68.98207000000001
ZNF420,49.13732
ZNF423,9.92035
ZNF425,14.389475000000001
ZNF426,83.0741
ZNF428,62.215500000000006
ZNF429,70.59939
ZNF43,111.6383
ZNF430,338.15749
ZNF431,41.532999999999994
ZNF432,52.52867
ZNF436,31.253040000000002
ZNF438,40.920085
ZNF439,40.90022
ZNF44,17.869335
ZNF440,23.687520000000003
ZNF441,52.370684999999995
ZNF442,133.64712
ZNF443,43.45823333333333
ZNF444,128.721335
ZNF445,83.25462
ZNF446,192.365575
ZNF449,131.308915
ZNF45,62.00268
ZNF451,136.056244
ZNF460,9.289136666666666
ZNF461,0.00917
ZNF462,3.73973
ZNF467,127.62291
ZNF468,77.68961
ZNF469,11.22415
ZNF470,20.99467
ZNF471,2.46673
ZNF473,24.48489
ZNF474,170.99206
ZNF48,68.60167
ZNF480,26.75904
ZNF483,7.418723333333333
ZNF484,6.22789
ZNF485,24.52354
ZNF486,312.24218
ZNF488,7.45513
ZNF490,355.41572
ZNF491,8.66959
ZNF492,417.44032
ZNF493,167.5208475
ZNF496,21.470464
ZNF497,1.58063
ZNF500,27.28868
ZNF501,19.5753
ZNF502,25.490885
ZNF503,16.989980000000003
ZNF503-AS2,9.356515
ZNF506,57.47921
ZNF507,77.60443333333332
ZNF510,22.92343
ZNF511,231.93358
ZNF512,110.41807
ZNF512B,17.5852
ZNF513,27.17741
ZNF514,74.09938
ZNF516,70.7779
ZNF517,25.41532
ZNF518A,67.7058
ZNF518B,57.715763333333335
ZNF519,14.059109999999999
ZNF521,5.64056
ZNF524,40.06435
ZNF526,11.98164
ZNF527,8.585104999999999
ZNF528,16.67119
ZNF529,35.14171666666666
ZNF530,19.47274
ZNF532,10.390535
ZNF536,12.013420000000002
ZNF540,35.31034
ZNF541,10.36976
ZNF542P,72.8459
ZNF543,25.11989
ZNF544,55.330545
ZNF546,14.89735
ZNF547,9.79444
ZNF548,56.92348333333334
ZNF549,13.90825
ZNF550,75.11348000000001
ZNF551,73.5513175
ZNF552,51.038405
ZNF554,18.838345
ZNF555,15.893889999999999
ZNF556,1.88168
ZNF557,14.32788
ZNF558,72.62203
ZNF559,160.97638
ZNF560,2.28563
ZNF561,51.13707
ZNF562,62.365840000000006
ZNF563,26.21886
ZNF564,196.76766
ZNF565,52.45624
ZNF566,33.55023
ZNF567,37.05349
ZNF568,15.355606
ZNF569,25.805815000000003
ZNF57,12.62953
ZNF570,19.845505
ZNF571,4.2797
ZNF572,8.2868
ZNF573,52.143935
ZNF574,128.69438
ZNF575,31.36453
ZNF576,59.50383
ZNF577,118.22208499999999
ZNF578,28.472175
ZNF579,33.09868
ZNF580,48.81698
ZNF581,95.24302
ZNF582,37.96967
ZNF583,15.972605
ZNF584,21.27404
ZNF585A,53.532627500000004
ZNF585B,22.677145
ZNF586,104.10789500000001
ZNF587,541.35302
ZNF587B,349.00087
ZNF589,30.2940125
ZNF592,202.86212333333333
ZNF593,19.57601
ZNF594,77.89093
ZNF596,3.614
ZNF597,15.97751
ZNF598,166.530975
ZNF599,8.468309999999999
ZNF600,197.16825
ZNF605,23.465115
ZNF606,28.569005000000004
ZNF607,24.00461
ZNF608,50.962025
ZNF609,37.31635
ZNF610,10.67252
ZNF611,796.1501800000001
ZNF613,5.74844
ZNF614,59.65086333333333
ZNF615,49.82418
ZNF616,8.845285
ZNF618,16.898723333333333
ZNF619,17.28467
ZNF620,201.99356
ZNF621,22.84230666666667
ZNF622,256.43997
ZNF623,57.69845
ZNF624,15.2824
ZNF625,18.279220000000002
ZNF626,144.6182666666667
ZNF627,39.640245
ZNF628,5.02862
ZNF629,136.60852
ZNF630,19.8269
ZNF638,229.40602200000004
ZNF639,82.64809333333334
ZNF641,268.2001125
ZNF644,90.634255
ZNF645,111.92652
ZNF646,12.34613
ZNF649,71.60798
ZNF652,413.2292625
ZNF653,24.972925
ZNF654,33.72487
ZNF655,177.68838333333335
ZNF658,12.3364
ZNF660,52.7596
ZNF662,2.83028
ZNF663P,2.69567
ZNF664,60.1612375
ZNF665,957.38272
ZNF667,218.029895
ZNF667-AS1,28.00228
ZNF668,1.254145
ZNF669,65.27681
ZNF670,9.54037
ZNF671,48.23113
ZNF672,209.9780066666667
ZNF674,3.76371
ZNF675,195.56928
ZNF677,28.860857499999998
ZNF678,11.294085
ZNF680,33.40553
ZNF681,103.0395
ZNF682,6.62308
ZNF683,315.62249
ZNF684,12.981779999999999
ZNF687,10.39201
ZNF688,42.474044
ZNF689,62.32504
ZNF691,21.67599
ZNF692,64.5108
ZNF696,18.189055
ZNF697,35.91845
ZNF7,36.59135
ZNF70,51.38848
ZNF700,140.04109
ZNF701,375.322645
ZNF702P,14.19211
ZNF703,41.16651
ZNF704,16.778988333333334
ZNF706,332.80144
ZNF708,68.17385
ZNF709,36.61294
ZNF71,17.03488
ZNF710,119.29895400000001
ZNF711,8.058724999999999
ZNF713,5.58557
ZNF717,94.45959
ZNF718,7.42661
ZNF721,530.11104
ZNF732,2.2641549999999997
ZNF738,28.54312
ZNF74,13.695575
ZNF740,36.732193333333335
ZNF746,168.62312
ZNF747,32.9611975
ZNF749,9.17955
ZNF750,2.16671
ZNF75A,205.24964
ZNF75D,27.29315
ZNF76,27.38362
ZNF763,68.01638
ZNF764,54.887945
ZNF766,136.51228
ZNF767P,86.93954
ZNF77,27.081245000000003
ZNF770,209.2018
ZNF771,7.268573999999999
ZNF775,16.5744575
ZNF776,166.13435
ZNF777,14.4793775
ZNF778,37.40223
ZNF780A,15.80666
ZNF780B,19.37855
ZNF781,604.9521100000001
ZNF782,4.50038
ZNF783,108.852215
ZNF784,44.3175
ZNF785,27.279359999999997
ZNF786,72.54415
ZNF787,20.161675
ZNF788,5.73594
ZNF789,13.1653375
ZNF79,20.679006666666666
ZNF791,205.74812
ZNF792,19.99719
ZNF793,15.36636
ZNF8,59.19463599999999
ZNF80,5.48346
ZNF800,32.811910000000005
ZNF804A,20.02796
ZNF804B,1.54412
ZNF805,36.02348333333333
ZNF808,296.79597
ZNF81,51.355608
ZNF813,25.49757
ZNF814,68.993046
ZNF816,49.67472
ZNF818P,50.14242
ZNF821,34.66756
ZNF823,17.43047
ZNF826P,16.09972
ZNF827,26.759082
ZNF829,18.18681
ZNF83,96.3929
ZNF830,167.874755
ZNF831,45.964800000000004
ZNF835,307.70014
ZNF836,30.34373
ZNF837,11.36449
ZNF839,47.16715000000001
ZNF84,70.189335
ZNF843,217.97540999999998
ZNF844,33.522935
ZNF85,88.137485
ZNF850,21.04643
ZNF852,0.49889
ZNF861P,15.30541
ZNF862,89.599805
ZNF865,68.929775
ZNF876P,14.09837
ZNF879,67.10335
ZNF880,30.65229
ZNF90,11.75118
ZNF91,264.1921975
ZNF92,113.18698333333334
ZNF93,94.73179
ZNF99,0.6321599999999999
ZNFX1,407.27075
ZNHIT1,230.70229
ZNHIT2,10.792969999999999
ZNHIT3,153.53288
ZNHIT6,65.17292499999999
ZNRD1,108.65210833333333
ZNRD1-AS1,16.282996666666666
ZNRF1,31.513824
ZNRF2,50.577955
ZNRF2P1,0.01858
ZNRF3,6.31441
ZNRF4,139.82912
ZP1,6.73435
ZP2,29.12838
ZP4,24.10956
ZPBP,20.65612
ZPBP2,1.04897
ZPLD1,9.114085
ZPR1,53.7591
ZRANB1,208.8910733333333
ZRANB2,424.60625500000003
ZRANB3,97.70027
ZRSR2,161.91607499999998
ZSCAN1,124.26013
ZSCAN10,58.800329999999995
ZSCAN12,30.827003333333334
ZSCAN16,72.10519
ZSCAN18,88.81653999999999
ZSCAN2,36.360195000000004
ZSCAN20,19.063
ZSCAN21,31.54845
ZSCAN22,24.15541
ZSCAN23,2.932185
ZSCAN25,48.090489999999996
ZSCAN26,120.07175
ZSCAN29,143.60773
ZSCAN30,33.087365999999996
ZSCAN31,157.5158
ZSCAN32,74.318865
ZSCAN4,18.37293
ZSCAN5A,9.73879
ZSCAN9,431.60575
ZSWIM1,26.02844
ZSWIM2,30.54853
ZSWIM3,25.14673
ZSWIM4,0.0018
ZSWIM5,56.25401
ZSWIM6,464.41351
ZSWIM8,75.05600000000001
ZUFSP,66.7277
ZW10,32.70022
ZWILCH,45.01396
ZWINT,22.81288
ZXDA,19.52025666666667
ZXDB,30.196129999999997
ZXDC,92.38173833333333
ZYG11A,7.71809
ZYG11B,202.53862
ZYX,707.486985
ZZEF1,341.24979333333334
ZZZ3,47.567460000000004
